coptic,greek,pmi,count,source
ⲉⲣⲙⲉⲗⲓ,ερμελι,,,loanword_only
ⲙⲉⲥⲟⲥ,μεσοσ,,,loanword_only
ⲡⲩⲗⲏ,πυλη,,,loanword_only
ⲡⲁⲧⲣⲓⲥ,πατρισ,,,loanword_only
ⲁⲣⲭⲓⲥⲑⲁⲓ,αρχισθαι,,,loanword_only
ⲡⲛⲉⲩⲙⲁⲧⲓⲕⲏ,πνευματικη,,,loanword_only
ⲣⲡⲁⲣⲁⲅⲉ,ρπαραγε,,,loanword_only
ⲡⲣⲟⲉⲥⲧⲟⲥ,προεστοσ,,,loanword_only
ⲉⲣⲭⲣⲟⲛⲟⲥ,ερχρονοσ,,,loanword_only
ⲫⲁⲥⲅⲓⲁ,φασγια,,,loanword_only
ⲥⲩⲛⲉⲓⲇⲏⲥⲓⲥ,συνειδησισ,,,loanword_only
ⲧⲓⲙⲁ,τιμα,,,loanword_only
ⲕⲗⲏⲣⲟⲛⲟⲙⲓⲁ,κληρονομια,,,loanword_only
ⲁⲥⲡⲁⲍⲉ,ασπαζε,,,loanword_only
ⲁⲡⲟⲑⲏⲕⲏ,αποθηκη,,,loanword_only
ⲙⲁⲣⲅⲁⲣⲓⲧⲏⲥ,μαργαριτησ,,,loanword_only
ⲉⲣⲁⲛⲁⲭⲱⲣⲓⲛ,εραναχωριν,,,loanword_only
ⲉⲡⲁⲓⲛⲟⲩ,επαινου,,,loanword_only
ⲉⲣⲭⲣⲁⲥⲑⲉ,ερχρασθε,,,loanword_only
ⲁⲛⲁⲫⲟⲣⲁ,αναφορα,,,loanword_only
ⲁⲛⲁⲧⲟⲗⲏ,ανατολη,,,loanword_only
ⲡⲁⲣⲁⲕⲗⲏ,παρακλη,,,loanword_only
ⲣⲉⲡⲓⲥⲕⲟⲡⲟⲥ,ρεπισκοποσ,,,loanword_only
ⲡⲣⲟⲫⲏⲧⲉⲩⲉ,προφητευε,,,loanword_only
ⲙⲛⲧⲁⲡⲟⲥⲧⲟⲗⲟⲥ,μνταποστολοσ,,,loanword_only
ⲅⲁⲙⲟⲥ,γαμοσ,,,loanword_only
ⲉⲣⲕⲟⲥⲙⲉⲓⲛ,ερκοσμειν,,,loanword_only
ⲍⲱⲛⲧ,ζωντ,,,loanword_only
ⲡⲣⲉⲥⲃⲩⲧⲉⲣⲟⲥ,πρεσβυτεροσ,,,loanword_only
ⲁⲣⲭⲓ,αρχι,,,loanword_only
ⲕⲁⲑⲏⲅⲉⲓ,καθηγει,,,loanword_only
ⲡⲁⲣⲑⲉⲛⲓⲁ,παρθενια,,,loanword_only
ⲥⲕⲁⲫⲏ,σκαφη,,,loanword_only
ⲁⲡⲉⲭⲉ,απεχε,,,loanword_only
ⲕⲁⲫⲁⲣⲛⲁⲟⲩⲙ,καφαρναουμ,,,loanword_only
ⲙⲁⲣⲧⲩⲣⲓⲁ,μαρτυρια,,,loanword_only
ⲉⲡⲓⲑⲩⲙⲉⲓ,επιθυμει,,,loanword_only
ⲗⲉⲩⲕⲱⲙⲁ,λευκωμα,,,loanword_only
ⲁⲛⲧⲓⲭⲣⲓⲥⲧⲟⲥ,αντιχριστοσ,,,loanword_only
ⲣⲉⲓⲣⲏⲛⲏ,ρειρηνη,,,loanword_only
ⲟⲓⲕⲟⲩⲙⲉⲛⲏ,οικουμενη,,,loanword_only
ⲉⲣⲭⲣⲉⲱⲥⲧⲓⲛ,ερχρεωστιν,,,loanword_only
ⲙⲉⲧⲟⲓⲕⲟⲛⲟⲙⲟⲥ,μετοικονομοσ,,,loanword_only
ⲡⲉⲣⲓⲕⲉⲫⲁⲗⲁⲓⲁ,περικεφαλαια,,,loanword_only
ⲉⲩⲧⲩⲭⲓⲁⲛⲟⲥ,ευτυχιανοσ,,,loanword_only
ⲡⲣⲉⲡⲟⲥⲓⲧⲟⲥ,πρεποσιτοσ,,,loanword_only
ⲙⲁⲛⲓⲁ,μανια,,,loanword_only
ⲫⲣⲁⲅⲓⲍⲉ,φραγιζε,,,loanword_only
ⲃⲟⲙⲱⲥ,βομωσ,,,loanword_only
ⲟⲩⲧⲉ,ουτε,,,loanword_only
ⲃⲣⲟⲩⲭⲟⲥ,βρουχοσ,,,loanword_only
ⲥⲩⲛⲅⲛⲱⲙⲏ,συνγνωμη,,,loanword_only
ⲧⲓⲙⲟⲑⲉⲟⲥ,τιμοθεοσ,,,loanword_only
ⲕⲁⲉⲡⲓⲥⲧⲏⲙⲏ,καεπιστημη,,,loanword_only
ⲉⲩⲫⲣⲁⲛⲉ,ευφρανε,,,loanword_only
ⲕⲉⲫⲁⲗⲁⲓⲟⲛ,κεφαλαιον,,,loanword_only
ⲁⲣⲓⲡⲣⲟⲫⲏⲧⲉⲩⲓⲛ,αριπροφητευιν,,,loanword_only
ⲁⲥⲑⲉⲛⲉⲓⲁ,ασθενεια,,,loanword_only
ⲉⲩⲥⲧⲁⲑⲓⲟⲥ,ευσταθιοσ,,,loanword_only
ⲉⲡⲉⲓⲑⲩⲙⲓ,επειθυμι,,,loanword_only
ⲉⲩⲧⲣⲟⲡⲓⲟⲥ,ευτροπιοσ,,,loanword_only
ⲙⲟⲓⲣⲁ,μοιρα,,,loanword_only
ⲡⲉⲝⲩⲗⲓⲕⲟⲛ,πεξυλικον,,,loanword_only
ⲧⲱⲧⲥ,τωτσ,,,loanword_only
ⲫⲓⲗⲟⲥⲟⲫⲟⲥ,φιλοσοφοσ,,,loanword_only
ⲟⲓⲕⲟⲛⲟⲙⲉⲓ,οικονομει,,,loanword_only
ⲇⲓⲕⲁⲥⲧⲏⲥ,δικαστησ,,,loanword_only
ⲁⲡⲟⲕⲁⲑⲓⲥⲧⲁ,αποκαθιστα,,,loanword_only
ⲉⲣⲙⲉⲧⲁⲛⲟⲓⲛ,ερμετανοιν,,,loanword_only
ⲉⲕⲥⲧⲁⲥⲓⲥ,εκστασισ,,,loanword_only
ⲕⲁⲕⲟⲥ,κακοσ,,,loanword_only
ⲁⲥⲭⲏⲙⲟⲥⲩⲛⲏ,ασχημοσυνη,,,loanword_only
ⲇⲓⲁⲑⲉⲥⲓⲥ,διαθεσισ,,,loanword_only
ⲭⲣⲓⲥⲧⲓⲁⲛⲟⲥ,χριστιανοσ,,,loanword_only
ⲙⲁⲓⲗⲟⲅⲟⲥ,μαιλογοσ,,,loanword_only
ⲉⲩⲁⲅⲣⲓ,ευαγρι,,,loanword_only
ⲅⲁⲗⲓⲗⲁⲓⲟⲥ,γαλιλαιοσ,,,loanword_only
ⲙⲉⲧⲉⲡⲓ,μετεπι,,,loanword_only
ⲙⲉⲗⲉⲓ,μελει,,,loanword_only
ⲇⲉⲥⲡⲟⲧⲏⲥ,δεσποτησ,,,loanword_only
ⲅⲩⲙⲛⲁⲥⲓⲁ,γυμνασια,,,loanword_only
ⲁⲡⲟⲛⲟⲓⲁ,απονοια,,,loanword_only
ⲙⲛⲧⲉ,μντε,,,loanword_only
ⲡⲟⲓⲙⲏⲛ,ποιμην,,,loanword_only
ⲑⲩⲣⲓⲟⲛ,θυριον,,,loanword_only
ⲕⲁⲡⲁⲣⲛⲁⲟⲩⲙ,καπαρναουμ,,,loanword_only
ⲡⲗⲉⲁ,πλεα,,,loanword_only
ⲧⲓⲙⲏ,τιμη,,,loanword_only
ⲁⲣⲭⲏⲉⲡⲓⲥⲕⲟⲡⲟⲩ,αρχηεπισκοπου,,,loanword_only
ⲫⲟⲛⲉⲩⲥ,φονευσ,,,loanword_only
ⲕⲏⲣⲩⲅⲙⲁ,κηρυγμα,,,loanword_only
ⲗⲉⲛⲧⲓⲟⲛ,λεντιον,,,loanword_only
ⲡⲣⲟⲇⲣⲟⲙⲟⲥ,προδρομοσ,,,loanword_only
ⲙⲟⲛⲟⲅⲉⲛⲏⲥ,μονογενησ,,,loanword_only
ⲉⲅⲕⲣⲁⲧⲉⲓⲁ,εγκρατεια,,,loanword_only
ⲙⲉⲧⲡⲁⲣⲁⲛⲟⲙⲟⲥ,μετπαρανομοσ,,,loanword_only
ⲧⲟⲡⲟⲥ,τοποσ,,,loanword_only
ⲡⲁⲣⲣⲏⲥⲓⲁ,παρρησια,,,loanword_only
ⲡⲁⲛⲧⲟⲕⲣⲁⲧⲱⲣ,παντοκρατωρ,,,loanword_only
ⲁⲗⲉⲝⲁⲛⲇⲣⲟⲥ,αλεξανδροσ,,,loanword_only
ⲥⲕⲉⲡⲓ,σκεπι,,,loanword_only
ⲡⲁⲣⲁⲕⲁⲗⲉ,παρακαλε,,,loanword_only
ⲧⲁⲣⲥⲟⲥ,ταρσοσ,,,loanword_only
ⲡⲣⲉⲥⲃⲉⲩⲧⲏⲥ,πρεσβευτησ,,,loanword_only
ⲙⲏⲧⲣⲟⲡⲟⲗⲓⲥ,μητροπολισ,,,loanword_only
ⲁⲙⲉⲗⲉⲓ,αμελει,,,loanword_only
ⲫⲓⲗⲟⲡⲁⲧⲱⲣ,φιλοπατωρ,,,loanword_only
ⲑⲉⲟⲫⲓⲗⲟⲥ,θεοφιλοσ,,,loanword_only
ⲧⲉⲗⲉⲓⲟⲥ,τελειοσ,,,loanword_only
ⲇⲱⲣⲓⲍⲉ,δωριζε,,,loanword_only
ⲕⲟⲗⲁⲥⲧⲏⲣⲓⲟⲛ,κολαστηριον,,,loanword_only
ⲙⲏⲧⲓ,μητι,,,loanword_only
ⲁⲕⲣⲁⲧⲟⲛ,ακρατον,,,loanword_only
ⲟⲣⲑⲟⲇⲟⲝⲟⲥ,ορθοδοξοσ,,,loanword_only
ⲕⲩⲍⲓⲕⲟⲥ,κυζικοσ,,,loanword_only
ⲟⲩⲭⲓ,ουχι,,,loanword_only
ⲙⲟⲭⲗⲟⲥ,μοχλοσ,,,loanword_only
ⲁⲡⲟⲑⲩⲕⲏ,αποθυκη,,,loanword_only
ⲡⲓⲝⲓⲟⲛ,πιξιον,,,loanword_only
ⲡⲁⲣⲁⲇⲟⲥⲓⲥ,παραδοσισ,,,loanword_only
ⲛⲟⲙⲟⲑⲉⲧⲏⲥ,νομοθετησ,,,loanword_only
ⲭⲣⲟⲛⲟⲥ,χρονοσ,,,loanword_only
ⲉⲩⲭⲁⲣⲓⲥⲧⲉⲓ,ευχαριστει,,,loanword_only
ⲑⲉⲣⲁⲡⲉⲩⲉ,θεραπευε,,,loanword_only
ⲙⲟⲛⲥⲧⲏⲣⲓⲟⲛ,μονστηριον,,,loanword_only
ⲫⲁⲛⲧⲁⲥⲙⲁ,φαντασμα,,,loanword_only
ⲑⲏⲣⲓⲟⲛ,θηριον,,,loanword_only
ⲗⲁⲙⲡⲁⲥ,λαμπασ,,,loanword_only
ⲕⲟⲗⲁⲍⲉ,κολαζε,,,loanword_only
ⲥⲡⲏⲗⲁⲓⲟⲛ,σπηλαιον,,,loanword_only
ⲥⲩⲙⲃⲟⲗⲟⲛ,συμβολον,,,loanword_only
ⲡⲁⲣⲁⲡⲟⲗⲏ,παραπολη,,,loanword_only
ⲣⲥⲡⲟⲩⲇⲏ,ρσπουδη,,,loanword_only
ⲉⲡⲓⲃⲟⲩⲗⲉⲩⲉ,επιβουλευε,,,loanword_only
ⲉⲣⲁⲡⲟⲗⲁⲩⲓⲛ,εραπολαυιν,,,loanword_only
ⲙⲁⲅⲟⲥ,μαγοσ,,,loanword_only
ⲇⲣⲟⲙⲟⲥ,δρομοσ,,,loanword_only
ⲣⲁⲡⲟⲥⲧⲟⲗⲟⲥ,ραποστολοσ,,,loanword_only
ⲡⲣⲟⲫⲁⲥⲓⲥ,προφασισ,,,loanword_only
ⲉⲛⲓⲱⲭⲟⲥ,ενιωχοσ,,,loanword_only
ⲙⲁⲑⲏⲙⲁ,μαθημα,,,loanword_only
ⲡⲉⲣⲓⲍⲱⲙⲁ,περιζωμα,,,loanword_only
ⲙⲛⲧⲉⲩⲥⲉⲃⲏⲥ,μντευσεβησ,,,loanword_only
ⲕⲣⲁⲧⲟⲥ,κρατοσ,,,loanword_only
ⲧⲁⲗⲁⲓⲡⲱⲣⲓⲁ,ταλαιπωρια,,,loanword_only
ⲉⲣⲥⲉⲃⲉⲥⲑⲉ,ερσεβεσθε,,,loanword_only
ⲣⲭⲏⲣⲁ,ρχηρα,,,loanword_only
ⲥⲧⲩⲗⲗⲟⲥ,στυλλοσ,,,loanword_only
ⲉⲩⲁⲅⲅⲉⲗⲓⲥⲧⲏⲥ,ευαγγελιστησ,,,loanword_only
ⲭⲱⲣⲁ,χωρα,,,loanword_only
ⲥⲩⲙⲡⲟⲥⲓⲟⲛ,συμποσιον,,,loanword_only
ⲫⲑⲟⲛⲟⲥ,φθονοσ,,,loanword_only
ⲇⲏⲙⲟⲥⲓⲟⲛ,δημοσιον,,,loanword_only
ⲥⲧⲁⲥⲓⲁⲍⲉ,στασιαζε,,,loanword_only
ⲧⲣⲟⲫⲏ,τροφη,,,loanword_only
ⲥⲩⲅⲅⲉⲛⲉⲓⲁ,συγγενεια,,,loanword_only
ⲡⲁⲣⲁⲗⲏⲙⲡⲧⲱⲣ,παραλημπτωρ,,,loanword_only
ⲕⲏⲡⲟⲥ,κηποσ,,,loanword_only
ⲇⲣⲁⲙⲁ,δραμα,,,loanword_only
ⲭⲏⲣⲁ,χηρα,,,loanword_only
ⲁⲗⲁⲃⲁⲥⲧⲣⲟⲛ,αλαβαστρον,,,loanword_only
ⲅⲁⲗⲁⲧⲓⲁ,γαλατια,,,loanword_only
ⲉⲡⲓⲭⲓⲣⲉ,επιχιρε,,,loanword_only
ⲥⲡⲟⲩⲇⲏ,σπουδη,,,loanword_only
ⲕⲣⲓⲛⲟⲛ,κρινον,,,loanword_only
ⲙⲉⲧⲣⲟⲛ,μετρον,,,loanword_only
ⲇⲓⲁⲃⲁⲗⲗⲉ,διαβαλλε,,,loanword_only
ⲥⲁⲡⲡⲓⲣⲟⲛ,σαππιρον,,,loanword_only
ⲉⲡⲓⲥⲕⲟⲡⲓⲟⲛ,επισκοπιον,,,loanword_only
ⲧⲓⲧⲗⲟⲥ,τιτλοσ,,,loanword_only
ⲕⲣⲁⲛⲓⲟⲛ,κρανιον,,,loanword_only
ⲧⲉⲱⲥ,τεωσ,,,loanword_only
ⲣⲙⲁⲣⲧⲩⲣⲟⲥ,ρμαρτυροσ,,,loanword_only
ⲡⲉⲗⲓⲥ,πελισ,,,loanword_only
ⲉⲕⲕⲗⲏⲥⲓⲁ,εκκλησια,,,loanword_only
ⲃⲁⲣⲟⲥ,βαροσ,,,loanword_only
ⲁⲛⲁⲕⲣⲓⲛⲉ,ανακρινε,,,loanword_only
ⲑⲁⲣⲓ,θαρι,,,loanword_only
ⲉⲩⲣⲓⲡⲟⲥ,ευριποσ,,,loanword_only
ⲭⲓⲣⲟⲅⲣⲁⲫⲟⲛ,χιρογραφον,,,loanword_only
ⲉⲣⲉⲡⲓⲥⲕⲟⲡⲟⲥ,ερεπισκοποσ,,,loanword_only
ⲕⲁⲩⲙⲁ,καυμα,,,loanword_only
ⲁⲗⲉⲝⲁⲛⲇⲣⲉⲩⲥ,αλεξανδρευσ,,,loanword_only
ⲁⲕⲁⲑⲁⲣⲧⲟⲛ,ακαθαρτον,,,loanword_only
ⲧⲩⲡⲟⲥ,τυποσ,,,loanword_only
ⲙⲉⲧⲉⲡⲓⲥⲕⲟⲡⲟⲥ,μετεπισκοποσ,,,loanword_only
ⲇⲩⲙⲟⲥ,δυμοσ,,,loanword_only
ⲁⲩⲑⲁⲧⲏⲥ,αυθατησ,,,loanword_only
ⲕⲩⲡⲏ,κυπη,,,loanword_only
ⲡⲟⲥⲱ,ποσω,,,loanword_only
ⲛⲩⲕⲧⲉⲣⲓⲥ,νυκτερισ,,,loanword_only
ⲑⲉⲟⲇⲱⲥⲓⲟⲥ,θεοδωσιοσ,,,loanword_only
ⲇⲉⲕⲁⲛⲟⲥ,δεκανοσ,,,loanword_only
ⲙⲱⲁⲃⲓⲧⲏⲥ,μωαβιτησ,,,loanword_only
ⲧⲟⲗⲙⲁ,τολμα,,,loanword_only
ⲉⲩⲫⲣⲟⲥⲩⲛⲏ,ευφροσυνη,,,loanword_only
ⲁⲇⲣⲓⲁⲛⲟⲥ,αδριανοσ,,,loanword_only
ⲉⲃⲇⲟⲙⲁⲥ,εβδομασ,,,loanword_only
ⲉⲡⲓⲥⲧⲟⲗⲏ,επιστολη,,,loanword_only
ⲗⲓⲧⲣⲁ,λιτρα,,,loanword_only
ⲁⲛⲁⲅⲕⲁⲓⲟⲛ,αναγκαιον,,,loanword_only
ⲛⲏⲥⲧⲉⲩⲉ,νηστευε,,,loanword_only
ⲡⲗⲁⲥⲥⲉ,πλασσε,,,loanword_only
ⲙⲱⲛⲟⲛ,μωνον,,,loanword_only
ⲁⲥⲓⲁ,ασια,,,loanword_only
ⲁⲡⲟ,απο,,,loanword_only
ⲭⲙⲁⲗⲱⲥⲓⲁ,χμαλωσια,,,loanword_only
ⲭⲁⲙⲱⲥ,χαμωσ,,,loanword_only
ⲉⲣⲁⲓⲧⲉⲓⲛ,εραιτειν,,,loanword_only
ⲁⲣⲁⲃⲟⲥ,αραβοσ,,,loanword_only
ⲉⲣⲡⲓⲣⲁⲍⲓⲛ,ερπιραζιν,,,loanword_only
ⲇⲓⲁⲕⲣⲏⲥⲓⲥ,διακρησισ,,,loanword_only
ⲉⲣⲫⲟⲣⲉⲓⲛ,ερφορειν,,,loanword_only
ⲉⲓⲉ,ειε,,,loanword_only
ⲉⲫⲉⲥⲟⲥ,εφεσοσ,,,loanword_only
ⲭⲁⲗⲓⲛⲟⲥ,χαλινοσ,,,loanword_only
ⲉⲣⲡⲣⲟⲫⲏⲧⲏⲥ,ερπροφητησ,,,loanword_only
ⲭⲣⲱ,χρω,,,loanword_only
ⲁⲣⲉⲧⲏ,αρετη,,,loanword_only
ⲗⲩⲭⲛⲓⲁ,λυχνια,,,loanword_only
ⲫⲱⲣⲉⲓ,φωρει,,,loanword_only
ⲡⲁⲣⲁⲣⲟ,παραρο,,,loanword_only
ⲁⲛⲁⲥⲧⲣⲉⲫⲉ,αναστρεφε,,,loanword_only
ⲑⲁⲣⲉⲓ,θαρει,,,loanword_only
ⲙⲉⲧⲙⲟⲛⲁⲭⲟⲥ,μετμοναχοσ,,,loanword_only
ⲧⲉⲗⲱⲛⲓⲟⲛ,τελωνιον,,,loanword_only
ⲙⲉⲧⲟⲭⲟⲥ,μετοχοσ,,,loanword_only
ⲃⲁⲥⲓⲗⲓⲕⲟⲥ,βασιλικοσ,,,loanword_only
ⲙⲛⲧⲭⲣⲏⲥⲧⲟⲥ,μντχρηστοσ,,,loanword_only
ⲣⲥⲁⲣⲝ,ρσαρξ,,,loanword_only
ⲕⲁⲓⲥⲁⲣ,καισαρ,,,loanword_only
ⲑⲁⲗⲗⲁⲥⲥⲁ,θαλλασσα,,,loanword_only
ⲫⲩⲗⲁⲕⲧⲏⲣⲓⲟⲛ,φυλακτηριον,,,loanword_only
ⲉⲡⲓⲃⲟⲩⲗⲟⲥ,επιβουλοσ,,,loanword_only
ⲉⲝⲉⲇⲣⲁ,εξεδρα,,,loanword_only
ⲙⲉⲧⲡⲣⲉⲥⲃⲩⲧⲉⲣⲟⲥ,μετπρεσβυτεροσ,,,loanword_only
ⲕⲁⲓⲡⲉⲣ,καιπερ,,,loanword_only
ⲥⲩⲛⲟⲩⲥⲓⲁ,συνουσια,,,loanword_only
ⲕⲁⲛⲓⲥⲕⲓⲟⲛ,κανισκιον,,,loanword_only
ⲡⲣⲟⲥⲟⲩⲥⲏⲟⲩ,προσουσηου,,,loanword_only
ⲉⲗⲁⲭⲓⲥⲧⲟⲛ,ελαχιστον,,,loanword_only
ⲉⲓⲣⲏⲛⲓⲕⲟⲥ,ειρηνικοσ,,,loanword_only
ⲡⲁⲣⲁⲃⲉⲛⲓⲛ,παραβενιν,,,loanword_only
ⲁⲑⲁⲛⲁⲥⲓⲁ,αθανασια,,,loanword_only
ⲡⲗⲁⲛⲏ,πλανη,,,loanword_only
ⲉⲛⲕⲱⲙⲓⲟⲛ,ενκωμιον,,,loanword_only
ⲡⲁⲧⲣⲓⲁ,πατρια,,,loanword_only
ⲙⲛⲧⲥⲧⲣⲁⲧⲏⲗⲁⲧⲏⲥ,μντστρατηλατησ,,,loanword_only
ⲑⲩⲣⲁⲡⲉⲩⲉ,θυραπευε,,,loanword_only
ⲁⲅⲓⲟⲩ,αγιου,,,loanword_only
ⲡⲉⲓⲣⲁⲥⲙⲟⲥ,πειρασμοσ,,,loanword_only
ⲡⲁⲣⲣⲟⲩⲥⲓⲁ,παρρουσια,,,loanword_only
ⲗⲟⲅⲭⲓⲍⲉ,λογχιζε,,,loanword_only
ⲥⲩⲛⲁⲅⲱⲅⲏ,συναγωγη,,,loanword_only
ⲫⲁⲣⲓⲥⲥⲁⲓⲟⲥ,φαρισσαιοσ,,,loanword_only
ⲕⲁⲧⲁⲅⲁⲓⲟⲛ,καταγαιον,,,loanword_only
ⲉⲣⲕⲁⲑⲁⲣⲓⲍⲉⲓⲛ,ερκαθαριζειν,,,loanword_only
ⲡⲟⲣⲛⲉⲩⲓⲛ,πορνευιν,,,loanword_only
ⲙⲉⲧⲁⲛⲟⲓⲁ,μετανοια,,,loanword_only
ⲉⲣⲇⲓⲁⲕⲣⲓⲛⲓⲛ,ερδιακρινιν,,,loanword_only
ⲇⲓⲟⲓⲕⲉⲓ,διοικει,,,loanword_only
ⲃⲉⲣⲉⲧⲁⲣⲓⲟⲥ,βερεταριοσ,,,loanword_only
ⲉⲥⲑⲏⲧⲏⲣⲓⲟⲛ,εσθητηριον,,,loanword_only
ⲡⲛⲁⲧⲓⲕⲱⲥ,πνατικωσ,,,loanword_only
ⲙⲁⲕⲟⲩⲣⲓⲁ,μακουρια,,,loanword_only
ⲕⲧⲏⲙⲁ,κτημα,,,loanword_only
ⲑⲉⲟⲕⲧⲓⲥⲧⲟⲥ,θεοκτιστοσ,,,loanword_only
ⲡⲟⲇⲏⲣⲏ,ποδηρη,,,loanword_only
ⲭⲓⲗⲓⲁⲣⲭⲟⲥ,χιλιαρχοσ,,,loanword_only
ⲕⲱⲥⲙⲓⲕⲟⲛ,κωσμικον,,,loanword_only
ⲙⲉⲧⲁⲅⲁⲑⲟⲥ,μεταγαθοσ,,,loanword_only
ⲁⲅⲁⲁⲡⲏ,αγααπη,,,loanword_only
ⲓⲉ,ιε,,,loanword_only
ⲇⲏⲙⲏⲧⲣⲓⲟⲥ,δημητριοσ,,,loanword_only
ⲡⲉⲣⲥⲏⲥ,περσησ,,,loanword_only
ⲭⲁⲗⲇⲁⲓⲟⲥ,χαλδαιοσ,,,loanword_only
ⲃⲟⲁⲛⲏⲣⲅⲉⲥ,βοανηργεσ,,,loanword_only
ⲕⲗⲁⲇⲟⲥ,κλαδοσ,,,loanword_only
ⲙⲁⲅⲓⲁ,μαγια,,,loanword_only
ⲡⲟⲗⲗⲁⲕⲓⲥ,πολλακισ,,,loanword_only
ⲉⲣⲉⲙⲓⲁ,ερεμια,,,loanword_only
ⲡⲁⲣⲓⲅⲟⲣⲓ,παριγορι,,,loanword_only
ⲡⲗⲁⲧⲓⲁ,πλατια,,,loanword_only
ⲁⲣⲅⲟⲛ,αργον,,,loanword_only
ⲯⲩⲭⲏ,ψυχη,,,loanword_only
ⲙⲛⲧⲁⲥⲑⲉⲛⲏⲥ,μντασθενησ,,,loanword_only
ⲕⲟⲡⲣⲓⲁ,κοπρια,,,loanword_only
ⲥⲕⲉⲡⲁⲍⲉ,σκεπαζε,,,loanword_only
ⲙⲁⲣⲧⲏⲣⲓⲟⲛ,μαρτηριον,,,loanword_only
ⲡⲓⲥⲧⲏ,πιστη,,,loanword_only
ⲧⲟⲗⲙⲏⲣⲓⲁ,τολμηρια,,,loanword_only
ⲁⲛ,αν,,,loanword_only
ⲃⲉⲗⲉⲧⲁⲣⲓⲟⲥ,βελεταριοσ,,,loanword_only
ⲙⲉⲧⲭⲏⲣⲁ,μετχηρα,,,loanword_only
ⲇⲟⲗⲟⲥ,δολοσ,,,loanword_only
ⲅⲉⲛⲟⲥ,γενοσ,,,loanword_only
ⲇⲓⲁⲕⲱⲛ,διακων,,,loanword_only
ⲕⲟⲕⲕⲟⲥ,κοκκοσ,,,loanword_only
ⲁⲣⲝ,αρξ,,,loanword_only
ⲕⲁⲡⲏⲗⲟⲥ,καπηλοσ,,,loanword_only
ⲁⲫⲑⲟⲛⲓⲁ,αφθονια,,,loanword_only
ⲁⲕⲣⲓⲃⲓⲁ,ακριβια,,,loanword_only
ⲉⲝⲏⲅⲏⲥⲓⲥ,εξηγησισ,,,loanword_only
ⲉⲡⲓ,επι,,,loanword_only
ⲟⲩⲛ,ουν,,,loanword_only
ⲕⲁⲑⲉⲇⲣⲁ,καθεδρα,,,loanword_only
ⲉⲣⲉⲡⲓⲧⲓⲙⲁⲛ,ερεπιτιμαν,,,loanword_only
ⲙⲟⲛⲁⲭⲟⲥ,μοναχοσ,,,loanword_only
ⲭⲣⲏⲥⲓⲙⲟⲛ,χρησιμον,,,loanword_only
ⲁⲛⲁⲅⲕⲁⲍⲉ,αναγκαζε,,,loanword_only
ⲉⲅⲕⲣⲁⲧⲏⲥ,εγκρατησ,,,loanword_only
ⲡⲟⲗⲓⲧⲉⲩⲙⲁ,πολιτευμα,,,loanword_only
ⲁⲡⲟⲥⲧⲁⲥⲥⲉ,αποστασσε,,,loanword_only
ⲁⲛⲧⲓⲙⲓⲙⲟⲛ,αντιμιμον,,,loanword_only
ⲡⲧⲱⲙⲁ,πτωμα,,,loanword_only
ⲥⲡⲗⲁⲅⲭⲛⲟⲛ,σπλαγχνον,,,loanword_only
ⲟⲛⲟⲙⲁⲥⲓⲁ,ονομασια,,,loanword_only
ⲥⲕⲟⲡⲧⲉⲓ,σκοπτει,,,loanword_only
ⲥⲕⲁⲛⲇⲁⲗⲟⲛ,σκανδαλον,,,loanword_only
ⲉⲡⲓⲅⲣⲁⲫⲏ,επιγραφη,,,loanword_only
ⲁⲓⲛⲓⲅⲙⲁ,αινιγμα,,,loanword_only
ⲥⲁⲙⲓⲧ,σαμιτ,,,loanword_only
ⲁⲕⲣⲓⲃⲱⲥ,ακριβωσ,,,loanword_only
ⲯⲉⲩⲇⲟⲡⲣⲟⲫⲏⲧⲏⲥ,ψευδοπροφητησ,,,loanword_only
ⲡⲣⲟⲃⲟⲗⲟⲟⲩⲉ,προβολοουε,,,loanword_only
ⲅⲉⲱⲣⲅⲓⲟⲥ,γεωργιοσ,,,loanword_only
ⲁⲑⲁⲛⲁⲥⲓⲟⲥ,αθανασιοσ,,,loanword_only
ⲥⲱⲧⲏⲣⲓⲁ,σωτηρια,,,loanword_only
ⲍⲱⲟⲛ,ζωον,,,loanword_only
ⲡⲟⲣⲛⲓⲟⲛ,πορνιον,,,loanword_only
ⲉⲣⲇⲟⲕⲓⲙⲁⲍⲉⲓⲛ,ερδοκιμαζειν,,,loanword_only
ⲡⲟⲣⲛⲟⲥ,πορνοσ,,,loanword_only
ⲡⲣⲟⲫⲏⲧⲏⲥ,προφητησ,,,loanword_only
ⲥⲧⲉⲫⲁⲛⲓⲧⲏⲥ,στεφανιτησ,,,loanword_only
ⲡⲁⲣⲑⲉⲛⲓⲕⲟⲛ,παρθενικον,,,loanword_only
ⲫⲟⲣⲧⲓⲟⲛ,φορτιον,,,loanword_only
ⲡⲣⲟⲧⲉⲕⲧⲱⲣ,προτεκτωρ,,,loanword_only
ⲥⲏⲙⲁⲛⲉ,σημανε,,,loanword_only
ⲡⲣⲱⲧⲱⲛ,πρωτων,,,loanword_only
ⲥⲟⲫⲓⲁ,σοφια,,,loanword_only
ⲥⲉⲙⲛⲟⲥ,σεμνοσ,,,loanword_only
ⲁⲥⲫⲁⲗⲓⲍⲉ,ασφαλιζε,,,loanword_only
ⲥⲭⲟⲗⲏ,σχολη,,,loanword_only
ⲕⲁⲧⲁⲕⲣⲓⲙⲁ,κατακριμα,,,loanword_only
ⲣⲭⲣⲉⲓⲁ,ρχρεια,,,loanword_only
ⲗⲏⲥⲧⲏⲥ,ληστησ,,,loanword_only
ⲟⲛⲟⲙⲁⲥⲧⲟⲥ,ονομαστοσ,,,loanword_only
ⲕⲉⲗⲁⲫⲟⲥ,κελαφοσ,,,loanword_only
ⲟⲛⲧⲱⲥ,οντωσ,,,loanword_only
ⲥⲡⲟⲩⲇⲉⲟⲥ,σπουδεοσ,,,loanword_only
ⲁⲥⲫⲁⲗⲓⲁ,ασφαλια,,,loanword_only
ⲙⲉⲧⲁⲅⲓⲟⲥ,μεταγιοσ,,,loanword_only
ⲇⲱⲣⲟⲥ,δωροσ,,,loanword_only
ⲇⲓⲁⲯⲁⲗⲙⲁ,διαψαλμα,,,loanword_only
ⲃⲁⲡⲧⲓⲍⲉ,βαπτιζε,,,loanword_only
ⲕⲩⲙⲃⲁⲗⲟⲛ,κυμβαλον,,,loanword_only
ⲧⲉⲭⲛⲏ,τεχνη,,,loanword_only
ⲥⲩⲅⲅⲉⲛⲓⲁ,συγγενια,,,loanword_only
ⲡⲁⲓ,παι,,,loanword_only
ⲡⲁⲧⲣⲓⲁⲣⲭⲏⲥ,πατριαρχησ,,,loanword_only
ⲁⲇⲓⲕⲟⲥ,αδικοσ,,,loanword_only
ⲫⲁⲛⲟⲥ,φανοσ,,,loanword_only
ⲟⲓⲕⲟⲛⲟⲙⲓⲁ,οικονομια,,,loanword_only
ⲡⲓⲥⲧⲉⲩⲉ,πιστευε,,,loanword_only
ⲥⲡⲟⲣⲁ,σπορα,,,loanword_only
ⲛⲝ,νξ,,,loanword_only
ⲉⲡⲁⲣⲭⲓⲁ,επαρχια,,,loanword_only
ⲁⲥⲕⲏⲥⲓⲥ,ασκησισ,,,loanword_only
ⲕⲟⲥⲙⲟⲕⲣⲁⲧⲱⲣ,κοσμοκρατωρ,,,loanword_only
ⲡⲁⲣⲁⲗⲓⲁ,παραλια,,,loanword_only
ⲣⲡⲉⲓⲣⲁⲍⲉ,ρπειραζε,,,loanword_only
ⲕⲁⲧⲁⲥⲧⲁⲥⲓⲥ,καταστασισ,,,loanword_only
ⲟⲓⲕⲟⲥ,οικοσ,,,loanword_only
ⲕⲟⲗⲁⲥⲓⲥ,κολασισ,,,loanword_only
ⲙⲁⲩⲣⲱⲧⲁⲛⲓⲁ,μαυρωτανια,,,loanword_only
ⲥⲧⲟⲗⲓⲍⲉ,στολιζε,,,loanword_only
ⲃⲁⲡⲧⲓⲥⲧⲏⲥ,βαπτιστησ,,,loanword_only
ⲭⲁⲗⲕⲓⲛ,χαλκιν,,,loanword_only
ⲗⲩⲧⲣⲁ,λυτρα,,,loanword_only
ⲕⲧⲏⲥⲓⲥ,κτησισ,,,loanword_only
ⲯⲏⲫⲟⲥ,ψηφοσ,,,loanword_only
ⲉⲡⲟⲩⲣⲁⲛⲓⲟⲛ,επουρανιον,,,loanword_only
ⲡⲁⲣⲁⲥⲧⲁⲧⲏⲥ,παραστατησ,,,loanword_only
ⲗⲟⲓⲡⲟⲛ,λοιπον,,,loanword_only
ⲁⲝⲓⲟⲥ,αξιοσ,,,loanword_only
ⲉⲣⲁⲛⲉⲭⲉⲥⲑⲉ,ερανεχεσθε,,,loanword_only
ⲁⲥⲕⲉⲓ,ασκει,,,loanword_only
ⲁⲭⲱⲣⲏⲧⲟⲥ,αχωρητοσ,,,loanword_only
ⲗⲉⲩⲓⲧⲏⲥ,λευιτησ,,,loanword_only
ⲥⲡⲟⲩⲇⲁⲓⲟⲥ,σπουδαιοσ,,,loanword_only
ⲉⲗⲁⲭⲓⲥⲧⲟⲥ,ελαχιστοσ,,,loanword_only
ⲥⲡⲁⲧⲁⲗⲁ,σπαταλα,,,loanword_only
ⲁⲩⲧⲟⲕⲣⲁⲧⲱⲣ,αυτοκρατωρ,,,loanword_only
ⲉⲣⲉⲡⲓⲃⲟⲩⲗⲉⲩⲓⲛ,ερεπιβουλευιν,,,loanword_only
ⲁⲓⲥⲑⲁⲛⲉ,αισθανε,,,loanword_only
ⲧⲏⲡⲟⲥ,τηποσ,,,loanword_only
ⲃⲟⲩⲛⲟⲥ,βουνοσ,,,loanword_only
ⲉⲣⲧⲟⲗⲙⲁⲛ,ερτολμαν,,,loanword_only
ⲇⲓⲁⲕⲱⲛⲟⲥ,διακωνοσ,,,loanword_only
ⲁⲣⲁ,αρα,,,loanword_only
ⲕⲁⲧⲁⲃⲟⲗⲏ,καταβολη,,,loanword_only
ⲕⲉⲗⲉⲩⲥⲓⲥ,κελευσισ,,,loanword_only
ⲫⲓⲗⲟⲑⲉⲟⲥ,φιλοθεοσ,,,loanword_only
ⲁⲣⲕⲁⲇⲓⲟⲥ,αρκαδιοσ,,,loanword_only
ⲓⲟⲩⲇⲁⲓ,ιουδαι,,,loanword_only
ⲇⲓⲁⲕⲟⲛⲉⲓ,διακονει,,,loanword_only
ⲣⲑⲩⲥⲓⲁ,ρθυσια,,,loanword_only
ⲕⲣⲁⲧⲏⲣ,κρατηρ,,,loanword_only
ⲕⲁⲧⲏⲅⲟⲣⲟⲥ,κατηγοροσ,,,loanword_only
ⲡⲩⲅⲏ,πυγη,,,loanword_only
ⲙⲓⲥⲑⲱⲧⲏⲥ,μισθωτησ,,,loanword_only
ⲕⲁⲑⲁⲣⲟⲥ,καθαροσ,,,loanword_only
ⲙⲛⲧⲁⲩⲑⲁⲇⲏⲥ,μνταυθαδησ,,,loanword_only
ⲁⲣⲭⲏ,αρχη,,,loanword_only
ⲕⲣⲓⲥⲓⲥ,κρισισ,,,loanword_only
ⲕⲱⲗⲩ,κωλυ,,,loanword_only
ⲡⲉⲣⲓⲕⲁⲑⲁⲣⲙⲁ,περικαθαρμα,,,loanword_only
ⲉⲣⲉⲡⲓⲑⲩⲙⲓⲛ,ερεπιθυμιν,,,loanword_only
ⲉⲩⲕⲉⲣⲓⲁ,ευκερια,,,loanword_only
ⲙⲛⲧⲁⲡⲟⲧⲁⲕⲧⲓⲕⲟⲥ,μνταποτακτικοσ,,,loanword_only
ⲥⲩⲛⲕⲗⲏⲧⲓⲕⲏ,συνκλητικη,,,loanword_only
ⲥⲩⲛⲅⲉⲛⲏⲥ,συνγενησ,,,loanword_only
ⲇⲁⲓⲙⲟⲛⲓⲟⲛ,δαιμονιον,,,loanword_only
ⲁⲛⲑⲩⲡⲁⲧⲟⲥ,ανθυπατοσ,,,loanword_only
ⲁⲥⲉⲃⲏⲥ,ασεβησ,,,loanword_only
ⲙⲛⲧⲕⲁⲕⲟⲩⲣⲅⲟⲥ,μντκακουργοσ,,,loanword_only
ⲁⲑⲉⲧⲉⲓ,αθετει,,,loanword_only
ⲍⲱⲛⲏ,ζωνη,,,loanword_only
ⲕⲁⲓⲣⲱⲥ,καιρωσ,,,loanword_only
ⲫⲩⲗⲓⲝ,φυλιξ,,,loanword_only
ⲙⲛⲧⲥⲉⲙⲛⲟⲥ,μντσεμνοσ,,,loanword_only
ⲭⲉⲓⲙⲏⲧⲓ,χειμητι,,,loanword_only
ⲗⲟⲅⲓⲕⲟⲛ,λογικον,,,loanword_only
ⲁⲡⲉⲓⲗⲉ,απειλε,,,loanword_only
ⲣⲙⲛⲕⲟⲥⲙⲟⲥ,ρμνκοσμοσ,,,loanword_only
ⲡⲏⲅⲏ,πηγη,,,loanword_only
ⲛⲉⲩⲣⲟⲛ,νευρον,,,loanword_only
ⲙⲉⲧⲁⲃⲟⲗⲏ,μεταβολη,,,loanword_only
ⲉⲣⲙⲉⲧⲁⲛⲟⲉⲓⲛ,ερμετανοειν,,,loanword_only
ⲡⲟⲗⲉⲙⲓⲕⲟⲛ,πολεμικον,,,loanword_only
ⲁⲡⲟⲥⲕⲉⲩⲏ,αποσκευη,,,loanword_only
ⲟⲣⲭⲉ,ορχε,,,loanword_only
ⲡⲁⲣⲁⲓⲧⲉⲓ,παραιτει,,,loanword_only
ⲛⲟⲙⲓⲥⲙⲁ,νομισμα,,,loanword_only
ⲫⲁⲣⲙⲁⲅⲓⲁ,φαρμαγια,,,loanword_only
ⲡⲁⲣⲁⲧⲏⲣⲉⲓ,παρατηρει,,,loanword_only
ⲛⲟⲩⲙⲉⲣⲟⲛ,νουμερον,,,loanword_only
ⲥⲧⲁⲩⲣⲟⲩ,σταυρου,,,loanword_only
ⲇⲓⲕⲉⲟⲥ,δικεοσ,,,loanword_only
ⲙⲉⲧⲇⲟⲗⲟⲥ,μετδολοσ,,,loanword_only
ⲥⲧⲩⲭⲟⲥ,στυχοσ,,,loanword_only
ⲕⲟⲣⲓⲛⲑⲟⲥ,κορινθοσ,,,loanword_only
ⲡⲉⲗⲁⲅⲟⲥ,πελαγοσ,,,loanword_only
ⲙⲁⲓⲡⲉⲭⲣⲓⲥⲧⲟⲥ,μαιπεχριστοσ,,,loanword_only
ⲥⲉⲃⲁⲥⲧⲓⲁⲛⲟⲥ,σεβαστιανοσ,,,loanword_only
ⲡⲗⲩⲅⲏ,πλυγη,,,loanword_only
ⲉⲣⲕⲁⲧⲁⲫⲣⲟⲛⲓⲛ,ερκαταφρονιν,,,loanword_only
ⲯⲁⲗⲗⲉⲓ,ψαλλει,,,loanword_only
ⲙⲉⲗⲏⲧⲁ,μελητα,,,loanword_only
ⲉⲣⲧⲓⲙⲁⲛ,ερτιμαν,,,loanword_only
ⲑⲉⲱⲣⲉⲓ,θεωρει,,,loanword_only
ⲑⲣⲓⲥⲕⲓⲁ,θρισκια,,,loanword_only
ⲣⲡⲁⲣⲁⲓⲧⲉⲓ,ρπαραιτει,,,loanword_only
ⲕⲧⲉⲯⲩⲭⲏ,κτεψυχη,,,loanword_only
ⲉⲣⲯⲁⲗⲗⲉⲓⲛ,ερψαλλειν,,,loanword_only
ⲁⲣⲕⲟⲥ,αρκοσ,,,loanword_only
ⲡⲣⲟⲃⲗⲏⲙⲁ,προβλημα,,,loanword_only
ⲁⲉⲧⲟⲥ,αετοσ,,,loanword_only
ⲥⲕⲩⲛⲏ,σκυνη,,,loanword_only
ⲕⲣⲟⲛⲟⲥ,κρονοσ,,,loanword_only
ⲫⲓⲗⲁⲅⲣⲓⲟⲥ,φιλαγριοσ,,,loanword_only
ⲣⲙⲟⲛⲁⲭⲟⲥ,ρμοναχοσ,,,loanword_only
ⲉⲛⲉⲣⲅⲏⲙⲁ,ενεργημα,,,loanword_only
ⲧⲟⲧⲉ,τοτε,,,loanword_only
ⲙⲉⲧⲁ,μετα,,,loanword_only
ⲉⲡⲓⲕⲁⲑⲉⲣⲙⲁ,επικαθερμα,,,loanword_only
ⲃⲁⲗⲗⲁⲧⲓⲟⲛ,βαλλατιον,,,loanword_only
ⲡⲗⲁⲧⲉⲓⲁ,πλατεια,,,loanword_only
ⲁⲅⲁⲡⲏⲧⲟⲥ,αγαπητοσ,,,loanword_only
ⲁⲥⲕⲟⲥ,ασκοσ,,,loanword_only
ⲃⲁⲃⲩⲗⲱⲛ,βαβυλων,,,loanword_only
ⲕⲩⲣⲓⲁⲕⲏ,κυριακη,,,loanword_only
ⲉⲣⲛⲭⲣⲓⲁ,ερνχρια,,,loanword_only
ⲇⲓⲕⲁⲓⲟⲥⲩⲛⲏ,δικαιοσυνη,,,loanword_only
ⲕⲁⲕⲓⲁ,κακια,,,loanword_only
ⲭⲟⲣⲟⲥ,χοροσ,,,loanword_only
ⲧⲉⲩⲭⲟⲥ,τευχοσ,,,loanword_only
ⲉⲅⲕⲣⲁⲧⲉⲩⲉ,εγκρατευε,,,loanword_only
ⲕⲁⲧⲁⲝⲓⲟⲩ,καταξιου,,,loanword_only
ⲫⲁⲣⲣⲓⲥⲁⲓⲟⲥ,φαρρισαιοσ,,,loanword_only
ⲕⲟⲥⲙⲓⲕⲟⲛ,κοσμικον,,,loanword_only
ⲅⲣⲁⲙⲙⲁⲧⲉⲩⲥ,γραμματευσ,,,loanword_only
ⲡⲩⲗⲱⲛ,πυλων,,,loanword_only
ⲇⲏⲙⲟⲥⲓⲁ,δημοσια,,,loanword_only
ⲑⲉⲟⲇⲱⲣⲟⲥ,θεοδωροσ,,,loanword_only
ⲡⲛⲉⲩⲙⲁⲧⲟⲫⲟⲣⲟⲥ,πνευματοφοροσ,,,loanword_only
ⲕⲁⲧⲁⲫⲣⲟⲛⲓⲛ,καταφρονιν,,,loanword_only
ⲧⲣⲟⲭⲟⲥ,τροχοσ,,,loanword_only
ⲁⲛⲁⲡⲁⲩⲉ,αναπαυε,,,loanword_only
ⲁⲛⲁⲗⲩⲙⲯⲓⲥ,αναλυμψισ,,,loanword_only
ⲡⲓⲣⲁ,πιρα,,,loanword_only
ⲙⲛⲧⲧⲉⲗⲓⲟⲥ,μνττελιοσ,,,loanword_only
ⲡⲁⲓⲇⲁⲓⲥ,παιδαισ,,,loanword_only
ⲉⲡⲉⲓ,επει,,,loanword_only
ⲉⲣⲡⲣⲟⲥⲉⲩⲭⲉⲥⲑⲉ,ερπροσευχεσθε,,,loanword_only
ⲁⲩⲑⲉⲛⲧⲏⲥ,αυθεντησ,,,loanword_only
ⲡⲁⲑⲟⲥ,παθοσ,,,loanword_only
ⲡⲣⲟⲫⲏⲧⲓⲁ,προφητια,,,loanword_only
ⲉⲡⲉⲓⲑⲩⲙⲓⲁ,επειθυμια,,,loanword_only
ⲁⲥⲭⲏⲙⲟⲛⲉⲓ,ασχημονει,,,loanword_only
ⲕⲗⲏⲣⲓⲕⲟⲥ,κληρικοσ,,,loanword_only
ⲡⲣⲓⲱⲟⲩ,πριωου,,,loanword_only
ⲥⲩⲛⲭⲱⲣⲉⲓ,συνχωρει,,,loanword_only
ⲭⲣⲏⲙⲁ,χρημα,,,loanword_only
ⲡⲁⲣⲑⲉⲛⲟⲥ,παρθενοσ,,,loanword_only
ⲁⲣⲭⲁⲓⲟⲥ,αρχαιοσ,,,loanword_only
ⲙⲉⲧⲁⲥⲑⲉⲛⲏⲥ,μετασθενησ,,,loanword_only
ⲕⲱⲙⲏ,κωμη,,,loanword_only
ⲁⲥⲱⲙⲁⲧⲟⲥ,ασωματοσ,,,loanword_only
ⲥⲕⲉⲡⲏ,σκεπη,,,loanword_only
ⲡⲟⲛⲏⲣⲉⲩⲉ,πονηρευε,,,loanword_only
ⲃⲟⲏⲑⲉⲓ,βοηθει,,,loanword_only
ⲁⲧⲉⲡⲓⲥⲕⲟⲡⲟⲥ,ατεπισκοποσ,,,loanword_only
ⲥⲧⲉⲫⲁⲛⲟⲩ,στεφανου,,,loanword_only
ⲟⲩⲇⲉ,ουδε,,,loanword_only
ⲉⲝⲟⲩⲥⲓⲁ,εξουσια,,,loanword_only
ⲁⲕⲧⲓⲛ,ακτιν,,,loanword_only
ⲕⲁⲧⲏⲅⲟⲣⲉⲓ,κατηγορει,,,loanword_only
ⲁⲩⲑⲁⲇⲏⲥ,αυθαδησ,,,loanword_only
ⲕⲁⲕⲉ,κακε,,,loanword_only
ⲡⲗⲁⲛⲁ,πλανα,,,loanword_only
ⲅⲩⲙⲛⲁⲍⲉ,γυμναζε,,,loanword_only
ⲁⲣⲓⲁⲥⲡⲁⲍⲉⲥⲑⲉ,αριασπαζεσθε,,,loanword_only
ⲕⲛⲱⲥⲓⲥ,κνωσισ,,,loanword_only
ⲡⲣⲟⲥⲉⲩⲭⲉ,προσευχε,,,loanword_only
ⲇⲓⲱⲕⲧⲏⲥ,διωκτησ,,,loanword_only
ⲅⲉⲛⲏⲥⲓⲥ,γενησισ,,,loanword_only
ⲁⲣⲧⲉⲙⲓⲥ,αρτεμισ,,,loanword_only
ⲁⲡⲟⲇⲏⲙⲓⲁ,αποδημια,,,loanword_only
ⲡⲁⲣⲁⲙⲩⲑⲓⲍⲉ,παραμυθιζε,,,loanword_only
ⲁⲣⲥⲉⲛⲓⲟⲥ,αρσενιοσ,,,loanword_only
ⲅⲁⲍⲁ,γαζα,,,loanword_only
ⲕⲓⲇⲁⲣⲓⲥ,κιδαρισ,,,loanword_only
ⲡⲁⲓⲇⲉⲥ,παιδεσ,,,loanword_only
ⲑⲏⲛ,θην,,,loanword_only
ⲉⲝⲟⲣⲓⲥⲙⲉⲛⲟⲥ,εξορισμενοσ,,,loanword_only
ⲙⲉⲧⲁⲅⲉⲛⲏⲥ,μεταγενησ,,,loanword_only
ⲁⲛⲟⲙⲓⲁ,ανομια,,,loanword_only
ⲕⲱⲛⲓⲁ,κωνια,,,loanword_only
ⲡⲗⲏⲅⲏ,πληγη,,,loanword_only
ⲉⲣⲉⲡⲓⲑⲩⲙⲉⲓⲛ,ερεπιθυμειν,,,loanword_only
ⲛⲏⲥⲧⲓⲁ,νηστια,,,loanword_only
ⲛⲏⲫⲉ,νηφε,,,loanword_only
ⲉⲅⲕⲣⲁⲧⲓⲁ,εγκρατια,,,loanword_only
ⲙⲉⲅⲓⲥⲧⲁⲛⲟⲥ,μεγιστανοσ,,,loanword_only
ⲥⲭⲓⲥⲙⲁ,σχισμα,,,loanword_only
ⲙⲛⲧⲡⲟⲛⲏⲣⲟⲥ,μντπονηροσ,,,loanword_only
ⲗⲟⲅⲓⲥⲙⲟⲥ,λογισμοσ,,,loanword_only
ⲡⲩⲣⲅⲟⲥ,πυργοσ,,,loanword_only
ⲁⲗⲗⲟⲧⲣⲓⲟⲥ,αλλοτριοσ,,,loanword_only
ⲉⲣⲃⲟⲏⲑⲓⲛ,ερβοηθιν,,,loanword_only
ⲁⲡⲟⲗⲟⲅⲓⲁ,απολογια,,,loanword_only
ⲕⲩⲛⲇⲩⲛⲟⲥ,κυνδυνοσ,,,loanword_only
ⲃⲁⲥⲁⲛⲓⲍⲉ,βασανιζε,,,loanword_only
ⲍⲏⲧⲏⲥⲓⲥ,ζητησισ,,,loanword_only
ⲁⲡⲟⲗⲗⲟⲛ,απολλον,,,loanword_only
ⲉⲓⲣⲏⲛⲏ,ειρηνη,,,loanword_only
ⲕⲁⲧⲁⲫⲣⲟⲛⲏⲧⲏⲥ,καταφρονητησ,,,loanword_only
ⲙⲉⲣⲓⲥ,μερισ,,,loanword_only
ⲡⲟⲣⲛⲉⲓⲁ,πορνεια,,,loanword_only
ⲁⲇⲁⲙⲁⲥ,αδαμασ,,,loanword_only
ⲉⲡⲓⲃⲟⲩⲗⲏ,επιβουλη,,,loanword_only
ⲥⲁⲧⲁⲛⲁⲥ,σατανασ,,,loanword_only
ⲑⲉⲱⲫⲓⲗⲟⲥ,θεωφιλοσ,,,loanword_only
ⲥⲩⲛⲏⲑⲉⲓⲁ,συνηθεια,,,loanword_only
ⲇⲓⲁⲕⲟⲛⲓⲧⲏⲥ,διακονιτησ,,,loanword_only
ⲙⲁⲕⲁⲣⲓⲍⲉ,μακαριζε,,,loanword_only
ⲕⲁⲧⲁⲕⲣⲓⲛⲉ,κατακρινε,,,loanword_only
ⲙⲟⲛⲁⲥⲧⲏⲣⲓⲟⲛ,μοναστηριον,,,loanword_only
ⲇⲱⲣⲟⲛ,δωρον,,,loanword_only
ⲧⲉⲭⲛⲓⲧⲏⲥ,τεχνιτησ,,,loanword_only
ⲡⲟⲗⲉⲙⲟⲥ,πολεμοσ,,,loanword_only
ⲭⲱⲣⲏⲅⲉⲓ,χωρηγει,,,loanword_only
ⲁⲣⲅⲟⲥ,αργοσ,,,loanword_only
ⲕⲗⲏⲙⲁ,κλημα,,,loanword_only
ⲁⲛⲁⲭⲱⲣⲏⲧⲏⲥ,αναχωρητησ,,,loanword_only
ⲕⲁⲕⲏⲕⲉⲫⲁⲗⲏ,κακηκεφαλη,,,loanword_only
ⲁⲫⲣⲟⲇⲓⲧⲏ,αφροδιτη,,,loanword_only
ⲧⲟⲩⲧⲟ,τουτο,,,loanword_only
ⲉⲓⲧⲁ,ειτα,,,loanword_only
ⲕⲟⲥⲙⲟⲥ,κοσμοσ,,,loanword_only
ⲙⲏⲛⲉⲩⲉ,μηνευε,,,loanword_only
ⲉⲩⲭⲏ,ευχη,,,loanword_only
ⲁⲝⲓⲟⲩ,αξιου,,,loanword_only
ⲕⲉⲣⲁ,κερα,,,loanword_only
ⲡⲣⲟⲕⲟⲡⲏ,προκοπη,,,loanword_only
ⲡⲁⲛⲟⲡⲟⲗⲓⲥ,πανοπολισ,,,loanword_only
ⲁⲛⲟⲭⲏ,ανοχη,,,loanword_only
ⲥⲩⲛⲍⲏⲧⲏⲧⲏⲥ,συνζητητησ,,,loanword_only
ⲙⲛⲧⲡⲣⲟⲫⲏⲧⲏⲥ,μντπροφητησ,,,loanword_only
ⲫⲟⲓⲛⲓⲝ,φοινιξ,,,loanword_only
ⲧⲁⲫⲟⲥ,ταφοσ,,,loanword_only
ⲟⲩⲁ,ουα,,,loanword_only
ⲑⲉⲟⲡⲓⲥⲧⲏ,θεοπιστη,,,loanword_only
ⲉⲗⲉⲅⲭⲉ,ελεγχε,,,loanword_only
ⲁⲣⲭⲏⲥⲩⲛⲁⲅⲱⲅⲟⲥ,αρχησυναγωγοσ,,,loanword_only
ⲧⲁⲩⲧⲁ,ταυτα,,,loanword_only
ⲕⲁⲗⲉⲓ,καλει,,,loanword_only
ⲭⲗⲁⲙⲩⲥ,χλαμυσ,,,loanword_only
ⲭⲣⲏⲥⲧⲓⲁⲛⲟⲥ,χρηστιανοσ,,,loanword_only
ⲁⲧⲯⲩⲭⲏ,ατψυχη,,,loanword_only
ⲕⲁⲧⲁⲫⲣⲟⲛⲉⲓ,καταφρονει,,,loanword_only
ⲉⲩⲅⲉⲣⲓⲁ,ευγερια,,,loanword_only
ⲁⲡⲟⲇⲓⲝⲓⲥ,αποδιξισ,,,loanword_only
ⲟⲛ,ον,,,loanword_only
ⲁⲣⲭⲓⲉⲡⲓⲥⲕⲟⲡⲟⲥ,αρχιεπισκοποσ,,,loanword_only
ⲧⲁⲙⲉⲓⲟⲛ,ταμειον,,,loanword_only
ⲡⲁⲧⲣⲓⲕⲓⲟⲥ,πατρικιοσ,,,loanword_only
ⲧⲁⲣⲁⲥⲥⲉ,ταρασσε,,,loanword_only
ⲁⲣⲭⲏⲇⲉⲕⲧⲱⲛ,αρχηδεκτων,,,loanword_only
ⲁⲗⲉⲕⲧⲱⲣ,αλεκτωρ,,,loanword_only
ⲝⲉⲥⲧⲏⲥ,ξεστησ,,,loanword_only
ⲱⲫⲉⲗⲉⲓ,ωφελει,,,loanword_only
ⲉⲩⲭⲁⲣⲓⲥⲧⲓⲁ,ευχαριστια,,,loanword_only
ⲕⲣⲓⲥⲡⲟⲥ,κρισποσ,,,loanword_only
ⲁⲧⲕⲁⲣⲡⲟⲥ,ατκαρποσ,,,loanword_only
ⲙⲉⲧⲉⲩⲥⲉⲃⲏⲥ,μετευσεβησ,,,loanword_only
ⲉⲓⲕⲏ,εικη,,,loanword_only
ⲁⲗⲫⲁⲓⲟⲥ,αλφαιοσ,,,loanword_only
ⲁⲛⲧⲓⲗⲟⲅⲓⲁ,αντιλογια,,,loanword_only
ⲥⲩⲛⲧⲉⲗⲓⲁ,συντελια,,,loanword_only
ⲉⲣⲉⲧⲓⲛ,ερετιν,,,loanword_only
ⲇⲏⲙⲓⲟⲩⲣⲅⲟⲥ,δημιουργοσ,,,loanword_only
ⲇⲓⲙⲓⲟⲩⲣⲅⲟⲥ,διμιουργοσ,,,loanword_only
ⲉⲣⲓⲛⲁⲓⲟⲥ,εριναιοσ,,,loanword_only
ⲙⲛⲧⲙⲁⲕⲁⲣⲓⲟⲥ,μντμακαριοσ,,,loanword_only
ⲣⲟⲣⲫⲁⲛⲟⲥ,ρορφανοσ,,,loanword_only
ⲧⲁⲭⲏ,ταχη,,,loanword_only
ⲉⲡⲉⲓⲧⲁⲥⲥⲉ,επειτασσε,,,loanword_only
ⲁⲩⲗⲏ,αυλη,,,loanword_only
ⲡⲁⲣⲁⲕⲟⲓⲧⲱⲛ,παρακοιτων,,,loanword_only
ⲕⲟⲛⲓⲁ,κονια,,,loanword_only
ⲇⲩⲛⲁⲙⲓⲥ,δυναμισ,,,loanword_only
ⲙⲉⲗⲱⲧⲏ,μελωτη,,,loanword_only
ⲇⲓⲁⲑⲏⲕⲏ,διαθηκη,,,loanword_only
ⲑⲉⲱⲣⲓⲁ,θεωρια,,,loanword_only
ⲁⲡⲉⲗⲉⲩⲑⲉⲣⲟⲥ,απελευθεροσ,,,loanword_only
ⲉⲡⲓⲛⲓⲕⲓⲟⲛ,επινικιον,,,loanword_only
ⲡⲁⲗⲗⲁⲕⲏ,παλλακη,,,loanword_only
ⲇⲓⲁⲕⲟⲛⲓⲁ,διακονια,,,loanword_only
ⲫⲱⲛⲏ,φωνη,,,loanword_only
ⲙⲁⲅⲉⲓⲣⲟⲥ,μαγειροσ,,,loanword_only
ⲁⲣⲭⲓⲥⲩⲛⲁⲅⲱⲅⲟⲥ,αρχισυναγωγοσ,,,loanword_only
ⲇⲓⲱⲕⲉⲓ,διωκει,,,loanword_only
ⲇⲓⲟⲥⲕⲟⲣⲟⲥ,διοσκοροσ,,,loanword_only
ⲁⲑⲗⲏⲧⲏⲥ,αθλητησ,,,loanword_only
ⲁⲗⲫⲁ,αλφα,,,loanword_only
ⲙⲉⲣⲓⲍⲉ,μεριζε,,,loanword_only
ⲧⲣⲓⲡⲛⲉⲩⲙⲁⲧⲟⲥ,τριπνευματοσ,,,loanword_only
ⲡⲗⲁⲕⲏⲧⲁⲥ,πλακητασ,,,loanword_only
ⲙⲉⲧⲉⲭⲉ,μετεχε,,,loanword_only
ⲡⲁⲣⲉⲙⲃⲟⲗⲏ,παρεμβολη,,,loanword_only
ⲥⲫⲁⲓⲣⲁ,σφαιρα,,,loanword_only
ⲁⲡⲩⲗⲏ,απυλη,,,loanword_only
ⲕⲁⲧⲏⲅⲟⲣⲓⲁ,κατηγορια,,,loanword_only
ⲉⲣⲡⲟⲣⲛⲉⲩⲓⲛ,ερπορνευιν,,,loanword_only
ⲁⲓⲧⲟⲥ,αιτοσ,,,loanword_only
ⲅⲓⲅⲁⲥ,γιγασ,,,loanword_only
ⲡⲁⲣⲁ,παρα,,,loanword_only
ⲥⲩⲙⲙⲉⲧⲟⲭⲟⲥ,συμμετοχοσ,,,loanword_only
ⲉⲩⲕⲁⲓⲣⲓⲁ,ευκαιρια,,,loanword_only
ⲃⲟⲏⲑⲉⲓⲁ,βοηθεια,,,loanword_only
ⲧⲣⲓⲁⲥ,τριασ,,,loanword_only
ⲫⲓⲗⲓⲡⲡⲟⲥ,φιλιπποσ,,,loanword_only
ⲡⲁⲩⲗⲟⲥ,παυλοσ,,,loanword_only
ⲧⲁⲭⲩ,ταχυ,,,loanword_only
ⲙⲛⲧⲁⲕⲁⲑⲁⲣⲧⲟⲥ,μντακαθαρτοσ,,,loanword_only
ⲁⲡⲓⲥⲧⲟⲥ,απιστοσ,,,loanword_only
ⲉⲩⲡⲟⲣⲉⲓ,ευπορει,,,loanword_only
ⲗⲩⲡⲉⲓ,λυπει,,,loanword_only
ⲙⲁⲗⲁⲕⲟⲥ,μαλακοσ,,,loanword_only
ⲁⲅⲱⲛ,αγων,,,loanword_only
ⲕⲉⲛⲧⲩⲣⲓⲱⲛ,κεντυριων,,,loanword_only
ⲍⲉⲩⲥ,ζευσ,,,loanword_only
ⲡⲗⲏⲅⲉ,πληγε,,,loanword_only
ⲅⲉⲛⲟⲓⲧⲟ,γενοιτο,,,loanword_only
ⲕⲣⲁⲥⲓⲥ,κρασισ,,,loanword_only
ⲡⲣⲟⲥ,προσ,,,loanword_only
ⲧⲣⲓⲇⲩⲛⲁⲙⲟⲥ,τριδυναμοσ,,,loanword_only
ⲉⲗⲉⲩⲑⲉⲣⲓⲁ,ελευθερια,,,loanword_only
ⲗⲩⲡⲏ,λυπη,,,loanword_only
ⲙⲉⲗⲉⲧⲁ,μελετα,,,loanword_only
ⲡⲁⲛⲟⲩⲣⲅⲓⲁ,πανουργια,,,loanword_only
ⲉⲝⲟⲙⲟⲗⲟⲅⲉⲓ,εξομολογει,,,loanword_only
ⲁⲣⲭⲁⲓⲟⲛ,αρχαιον,,,loanword_only
ⲥⲡⲓⲛⲑⲏⲣ,σπινθηρ,,,loanword_only
ⲥⲡⲟⲩⲇⲁⲍⲉ,σπουδαζε,,,loanword_only
ⲡⲣⲉⲥⲃⲉⲓⲁ,πρεσβεια,,,loanword_only
ⲭⲁⲣⲓⲥ,χαρισ,,,loanword_only
ⲁⲅⲣⲓⲟⲛ,αγριον,,,loanword_only
ⲁⲡⲟⲧⲉⲗⲉⲥⲙⲁ,αποτελεσμα,,,loanword_only
ⲕⲏⲛⲥⲟⲥ,κηνσοσ,,,loanword_only
ⲥⲧⲉⲫⲁⲛⲟⲥ,στεφανοσ,,,loanword_only
ⲛⲏⲥⲟⲥ,νησοσ,,,loanword_only
ⲗⲏⲙⲙⲁ,λημμα,,,loanword_only
ⲥⲩⲛⲑⲩⲕⲏ,συνθυκη,,,loanword_only
ⲇⲓⲱⲅⲙⲟⲥ,διωγμοσ,,,loanword_only
ⲅⲛⲱⲙⲏ,γνωμη,,,loanword_only
ⲛⲟⲏⲧⲏ,νοητη,,,loanword_only
ⲥⲧⲣⲟⲩⲑⲟⲥ,στρουθοσ,,,loanword_only
ⲉⲡⲓⲥⲕⲡⲟⲥ,επισκποσ,,,loanword_only
ⲁⲓⲱⲛ,αιων,,,loanword_only
ⲟⲩⲉⲓⲛⲓⲛ,ουεινιν,,,loanword_only
ⲉⲡⲓⲥⲕⲟⲡⲏ,επισκοπη,,,loanword_only
ⲁⲛⲕⲉⲫⲁⲗⲟⲥ,ανκεφαλοσ,,,loanword_only
ⲡⲟⲗⲓⲧⲉⲓⲁ,πολιτεια,,,loanword_only
ⲙⲛⲧⲁⲥⲉⲃⲏⲥ,μντασεβησ,,,loanword_only
ⲇⲓⲁⲧⲁⲅⲙⲁ,διαταγμα,,,loanword_only
ⲑⲁⲩⲙⲁⲍⲉ,θαυμαζε,,,loanword_only
ⲟⲙⲟⲟⲩⲉⲓⲟⲉ,ομοουειοε,,,loanword_only
ⲡⲛⲁⲧⲓⲕⲟⲥ,πνατικοσ,,,loanword_only
ⲙⲛⲧⲗⲁⲙⲡⲣⲟⲥ,μντλαμπροσ,,,loanword_only
ⲥⲡⲉⲗⲉⲟⲛ,σπελεον,,,loanword_only
ⲣⲭⲣⲏⲥⲧⲟⲥ,ρχρηστοσ,,,loanword_only
ⲅⲉⲛⲏⲙⲁ,γενημα,,,loanword_only
ⲡⲣⲟⲥⲧⲁⲅⲙⲁ,προσταγμα,,,loanword_only
ⲣⲕⲁⲕⲉ,ρκακε,,,loanword_only
ⲡⲛⲉⲩⲙⲁⲧⲓⲕⲟⲥ,πνευματικοσ,,,loanword_only
ⲁⲅⲁⲑⲟⲛ,αγαθον,,,loanword_only
ⲃⲓⲟⲥ,βιοσ,,,loanword_only
ⲧⲉⲗⲟⲥ,τελοσ,,,loanword_only
ⲡⲁⲣⲧⲁⲗⲏⲥ,παρταλησ,,,loanword_only
ⲙⲩⲥⲧⲏⲣⲓⲟⲛ,μυστηριον,,,loanword_only
ⲑⲁⲗⲁⲥⲥⲁ,θαλασσα,,,loanword_only
ⲡⲁⲣⲁⲡⲧⲱⲙⲁ,παραπτωμα,,,loanword_only
ⲕⲉⲗⲉⲩⲉ,κελευε,,,loanword_only
ⲟⲩⲕ,ουκ,,,loanword_only
ⲁⲛⲁⲥⲧⲣⲟⲫⲏ,αναστροφη,,,loanword_only
ⲑⲉⲱⲇⲱⲣⲟⲥ,θεωδωροσ,,,loanword_only
ⲥⲧⲣⲁⲧⲏⲗⲁⲧⲏⲥ,στρατηλατησ,,,loanword_only
ⲡⲁⲣⲁⲃⲁⲥⲓⲥ,παραβασισ,,,loanword_only
ⲗⲁⲙⲡⲣⲟⲥ,λαμπροσ,,,loanword_only
ⲕⲓⲛⲇⲩⲛⲉⲩⲉ,κινδυνευε,,,loanword_only
ⲁⲅⲓⲁ,αγια,,,loanword_only
ⲥⲱⲣ,σωρ,,,loanword_only
ⲕⲟⲗⲗⲟⲑⲟⲥ,κολλοθοσ,,,loanword_only
ⲥⲩⲛⲅⲣⲁⲫⲉⲩⲥ,συνγραφευσ,,,loanword_only
ⲉⲝⲏⲅⲓⲥⲓⲥ,εξηγισισ,,,loanword_only
ⲙⲛⲧⲙⲁⲣⲧⲩⲣⲟⲥ,μντμαρτυροσ,,,loanword_only
ⲯⲁⲗⲧⲏⲣⲓⲟⲛ,ψαλτηριον,,,loanword_only
ⲕⲁⲧⲁ,κατα,,,loanword_only
ⲕⲧⲓⲥⲓⲥ,κτισισ,,,loanword_only
ⲡⲁⲧⲁⲥⲥⲉ,πατασσε,,,loanword_only
ⲕⲩⲣⲝ,κυρξ,,,loanword_only
ⲙⲉⲛⲧⲟⲓⲅⲉ,μεντοιγε,,,loanword_only
ⲙⲉⲧⲁⲥⲑⲏⲛⲏⲥ,μετασθηνησ,,,loanword_only
ⲇⲓⲁⲗⲟⲅⲟⲥ,διαλογοσ,,,loanword_only
ⲥⲕⲓⲣⲧⲁ,σκιρτα,,,loanword_only
ⲁⲅⲓⲟⲛ,αγιον,,,loanword_only
ⲥⲓⲛⲇⲱⲛ,σινδων,,,loanword_only
ⲑⲁⲗⲗⲁⲥⲁ,θαλλασα,,,loanword_only
ⲙⲉⲧⲁⲣⲭⲓⲉⲣⲉⲩⲥ,μεταρχιερευσ,,,loanword_only
ⲁⲥⲫⲁⲗⲱⲥ,ασφαλωσ,,,loanword_only
ⲛⲟⲏⲙⲁ,νοημα,,,loanword_only
ⲥⲩⲛⲇⲟⲛⲓⲟⲛ,συνδονιον,,,loanword_only
ⲁⲛⲧⲓⲕⲓⲙⲉⲛⲟⲥ,αντικιμενοσ,,,loanword_only
ⲁⲡⲟⲕⲣⲓⲥⲓⲥ,αποκρισισ,,,loanword_only
ⲃⲟⲏⲑⲟⲥ,βοηθοσ,,,loanword_only
ⲉⲣⲙⲉⲗⲉⲧⲁⲛ,ερμελεταν,,,loanword_only
ⲕⲱⲛⲥⲧⲁⲛⲧⲓⲛⲟⲩⲡⲟⲗⲓⲥ,κωνσταντινουπολισ,,,loanword_only
ⲁⲛⲟⲏⲧⲟⲥ,ανοητοσ,,,loanword_only
ⲟⲡⲧⲁⲥⲓⲁ,οπτασια,,,loanword_only
ⲧⲣⲁⲡⲉⲍⲁ,τραπεζα,,,loanword_only
ⲧⲁⲩⲉⲕⲁⲣⲡⲟⲥ,ταυεκαρποσ,,,loanword_only
ⲯⲁⲗⲙⲱⲇⲟⲥ,ψαλμωδοσ,,,loanword_only
ⲑⲉⲟⲧⲟⲕⲟⲥ,θεοτοκοσ,,,loanword_only
ⲙⲁⲛⲓⲁⲕⲏⲥ,μανιακησ,,,loanword_only
ⲃⲁⲑⲟⲥ,βαθοσ,,,loanword_only
ⲉⲝⲉⲥⲧⲓⲛ,εξεστιν,,,loanword_only
ⲕⲣⲓⲧⲏⲣⲓⲟⲛ,κριτηριον,,,loanword_only
ⲕⲣⲏⲧⲏ,κρητη,,,loanword_only
ⲇⲩⲙⲓⲟⲩⲣⲅⲟⲥ,δυμιουργοσ,,,loanword_only
ⲡⲗⲁⲥⲙⲁ,πλασμα,,,loanword_only
ⲧⲣⲁⲓⲁⲛⲟⲥ,τραιανοσ,,,loanword_only
ⲕⲟⲓⲛⲱⲛⲟⲥ,κοινωνοσ,,,loanword_only
ⲙⲟⲛⲟⲭⲟⲥ,μονοχοσ,,,loanword_only
ⲧⲓⲙⲱⲣⲉⲓ,τιμωρει,,,loanword_only
ⲡⲣⲟⲑⲉⲥⲙⲓⲁ,προθεσμια,,,loanword_only
ⲥⲁⲣⲁⲕⲏⲛⲟⲥ,σαρακηνοσ,,,loanword_only
ⲱⲱ,ωω,,,loanword_only
ⲣⲁⲥⲕⲓⲛ,ρασκιν,,,loanword_only
ⲇⲓⲁⲃⲟⲗⲟⲥ,διαβολοσ,,,loanword_only
ⲕⲁⲧⲁⲡⲉⲧⲁⲥⲙⲁ,καταπετασμα,,,loanword_only
ⲙⲉⲗⲉⲧⲏ,μελετη,,,loanword_only
ⲣⲙⲁⲅⲉⲓⲁ,ρμαγεια,,,loanword_only
ⲡⲟⲗⲉⲙⲉⲓ,πολεμει,,,loanword_only
ⲁⲣⲓⲑⲙⲟⲥ,αριθμοσ,,,loanword_only
ⲫⲟⲛⲟⲥ,φονοσ,,,loanword_only
ⲛⲟⲏⲧⲟⲛ,νοητον,,,loanword_only
ⲣⲡⲓⲥⲧⲟⲥ,ρπιστοσ,,,loanword_only
ⲥⲩⲙⲫⲱⲛⲉⲓ,συμφωνει,,,loanword_only
ⲡⲱⲧⲏⲣⲓⲟⲛ,πωτηριον,,,loanword_only
ⲙⲁⲥⲧⲓⲅⲝ,μαστιγξ,,,loanword_only
ⲁⲡⲁⲛⲧⲁ,απαντα,,,loanword_only
ⲁⲛⲁⲭⲱⲣⲉⲓ,αναχωρει,,,loanword_only
ⲯⲩⲭⲓⲕⲟⲥ,ψυχικοσ,,,loanword_only
ⲙⲉⲧⲁⲅⲅⲓⲥⲙⲟⲥ,μεταγγισμοσ,,,loanword_only
ⲉⲡⲏⲣⲉⲓⲁ,επηρεια,,,loanword_only
ⲉⲛⲱⲭⲗⲉⲓ,ενωχλει,,,loanword_only
ⲉⲣⲙⲟⲛⲁⲭⲟⲥ,ερμοναχοσ,,,loanword_only
ⲑⲉⲁⲧⲣⲟⲛ,θεατρον,,,loanword_only
ⲡⲟⲧⲏⲣⲓⲟⲛ,ποτηριον,,,loanword_only
ⲁⲣⲉⲥⲕⲉ,αρεσκε,,,loanword_only
ⲙⲁⲕⲁⲣⲓⲁ,μακαρια,,,loanword_only
ⲛⲩⲙⲫⲓⲟⲥ,νυμφιοσ,,,loanword_only
ⲙⲛⲧⲏ,μντη,,,loanword_only
ⲁⲛⲧⲓⲗⲉⲅⲉ,αντιλεγε,,,loanword_only
ⲡⲣⲁⲝⲓⲥ,πραξισ,,,loanword_only
ⲣⲉⲛⲇⲁⲓⲙⲱⲛⲓⲟⲛ,ρενδαιμωνιον,,,loanword_only
ⲕⲣⲓⲧⲏⲥ,κριτησ,,,loanword_only
ⲙⲉⲧⲁⲙⲉⲗⲏⲥ,μεταμελησ,,,loanword_only
ⲓⲧⲁ,ιτα,,,loanword_only
ⲙⲉⲧⲁⲥⲉⲃⲏⲥ,μετασεβησ,,,loanword_only
ⲥⲉⲗⲓⲥ,σελισ,,,loanword_only
ⲛⲑⲟⲥ,νθοσ,,,loanword_only
ⲥⲧⲟⲁ,στοα,,,loanword_only
ⲕⲁⲧⲟⲣⲑⲱⲙⲁ,κατορθωμα,,,loanword_only
ⲙⲁⲡⲡⲁ,μαππα,,,loanword_only
ⲧⲩⲣⲟⲥ,τυροσ,,,loanword_only
ⲉⲣⲁⲑⲉⲧⲓⲛ,εραθετιν,,,loanword_only
ⲗⲟⲅⲓⲕⲟⲥ,λογικοσ,,,loanword_only
ⲗⲟⲅⲭⲏ,λογχη,,,loanword_only
ⲡⲉⲣⲥⲟⲥ,περσοσ,,,loanword_only
ⲁⲑⲉⲧⲓ,αθετι,,,loanword_only
ⲛⲏⲥⲧⲉⲓⲁ,νηστεια,,,loanword_only
ⲕⲉⲫⲁⲗⲏ,κεφαλη,,,loanword_only
ⲡⲛⲉⲩⲙⲁ,πνευμα,,,loanword_only
ⲕⲟⲓⲛⲟⲛⲟⲥ,κοινονοσ,,,loanword_only
ⲡⲣⲟⲕⲗⲟⲥ,προκλοσ,,,loanword_only
ⲇⲓⲕⲁⲓⲟⲛ,δικαιον,,,loanword_only
ⲑⲉⲟⲇⲱⲣⲁ,θεοδωρα,,,loanword_only
ⲡⲣⲁⲅⲙⲁⲧⲉⲩⲧⲏⲥ,πραγματευτησ,,,loanword_only
ⲡⲟⲣⲫⲩⲣⲁ,πορφυρα,,,loanword_only
ⲇⲓⲁⲧⲣⲉⲡⲉ,διατρεπε,,,loanword_only
ⲁⲅⲁⲑⲟⲥ,αγαθοσ,,,loanword_only
ⲁⲣⲭⲉⲥⲑⲁⲓ,αρχεσθαι,,,loanword_only
ⲕⲁⲑⲁⲣⲓⲍⲉ,καθαριζε,,,loanword_only
ⲁⲇⲱⲛⲉⲓ,αδωνει,,,loanword_only
ⲉⲣⲉⲛⲉⲣⲅⲓⲛ,ερενεργιν,,,loanword_only
ⲉⲣⲥⲩⲛⲕⲣⲓⲛⲓⲛ,ερσυνκρινιν,,,loanword_only
ⲁⲗⲟⲅⲟⲛ,αλογον,,,loanword_only
ⲥⲉⲙⲛⲏ,σεμνη,,,loanword_only
ⲡⲉⲓⲣⲁⲍⲉ,πειραζε,,,loanword_only
ⲣⲡⲁⲣⲑⲉⲛⲟⲥ,ρπαρθενοσ,,,loanword_only
ⲣⲙⲁⲗⲁⲕⲟⲥ,ρμαλακοσ,,,loanword_only
ⲇⲓⲇⲁⲥⲕⲁⲗⲱⲥ,διδασκαλωσ,,,loanword_only
ⲡⲟⲗⲓⲧⲉⲩⲉ,πολιτευε,,,loanword_only
ⲡⲁⲣⲁⲇⲟⲝⲟⲛ,παραδοξον,,,loanword_only
ⲥⲁⲙⲁⲣⲓⲧⲏⲥ,σαμαριτησ,,,loanword_only
ⲉⲡⲓⲕⲁⲗⲉⲓ,επικαλει,,,loanword_only
ⲗⲉⲝⲓⲥ,λεξισ,,,loanword_only
ⲓⲇⲟⲥ,ιδοσ,,,loanword_only
ⲕⲁⲧⲁⲗⲩ,καταλυ,,,loanword_only
ⲡⲁⲣⲁⲇⲓⲅⲙⲁ,παραδιγμα,,,loanword_only
ⲉⲝⲏⲅⲉⲥⲑⲁⲓ,εξηγεσθαι,,,loanword_only
ⲉⲣⲉⲩⲑⲏⲛⲓⲛ,ερευθηνιν,,,loanword_only
ⲁⲣⲭⲉⲓ,αρχει,,,loanword_only
ⲡⲗⲉⲟⲛⲉⲝⲓⲁ,πλεονεξια,,,loanword_only
ⲡⲁⲣⲁⲗⲏⲙⲧⲏⲥ,παραλημτησ,,,loanword_only
ⲥⲧⲣⲁⲧⲓⲁ,στρατια,,,loanword_only
ⲍⲱⲕⲣⲁⲧⲱⲣ,ζωκρατωρ,,,loanword_only
ⲡⲓⲑⲉ,πιθε,,,loanword_only
ⲁⲣⲓⲡⲣⲟⲥⲉⲩⲭⲉⲥⲑⲉ,αριπροσευχεσθε,,,loanword_only
ⲙⲉⲧⲡⲁⲣⲑⲉⲛⲟⲥ,μετπαρθενοσ,,,loanword_only
ⲥⲫⲉⲣⲁ,σφερα,,,loanword_only
ⲇⲩⲛⲁⲧⲟⲥ,δυνατοσ,,,loanword_only
ⲏⲇⲏ,ηδη,,,loanword_only
ⲉⲡⲟⲓⲕⲓⲟⲛ,εποικιον,,,loanword_only
ⲡⲩⲑⲁⲅⲟⲣⲁⲥ,πυθαγορασ,,,loanword_only
ⲡⲟⲣⲛⲏ,πορνη,,,loanword_only
ⲕⲣⲓⲙⲁ,κριμα,,,loanword_only
ⲣⲏⲥⲓⲥ,ρησισ,,,loanword_only
ⲭⲉⲣⲟⲩⲃⲓⲛ,χερουβιν,,,loanword_only
ⲉⲛⲕⲣⲁⲧⲓⲁ,ενκρατια,,,loanword_only
ⲕⲁⲥⲕⲁⲛⲇⲁⲗⲟⲛ,κασκανδαλον,,,loanword_only
ⲁⲡⲉⲓⲗⲉⲓ,απειλει,,,loanword_only
ⲕⲁⲧⲁⲫⲣⲟⲛⲓⲧⲏⲥ,καταφρονιτησ,,,loanword_only
ⲉⲣⲑⲁⲣⲣⲓⲛ,ερθαρριν,,,loanword_only
ⲛⲟⲓ,νοι,,,loanword_only
ⲟⲙⲟⲟⲩⲥⲓⲟⲥ,ομοουσιοσ,,,loanword_only
ⲥⲁⲧⲉⲉⲣⲉ,σατεερε,,,loanword_only
ⲑⲣⲟⲛⲟⲥ,θρονοσ,,,loanword_only
ⲁⲛⲑⲉⲙⲓⲟⲥ,ανθεμιοσ,,,loanword_only
ⲑⲏⲃⲁⲓⲥ,θηβαισ,,,loanword_only
ⲥⲡⲗⲏⲛ,σπλην,,,loanword_only
ⲡⲁⲗⲁⲓⲁ,παλαια,,,loanword_only
ⲡⲁⲣⲁⲇⲓⲇⲟⲩ,παραδιδου,,,loanword_only
ⲗⲁⲍⲁⲣⲟⲥ,λαζαροσ,,,loanword_only
ⲅⲁⲣ,γαρ,,,loanword_only
ⲁⲕⲁⲑⲁⲣⲧⲟⲥ,ακαθαρτοσ,,,loanword_only
ⲓⲇⲱⲗⲟⲛ,ιδωλον,,,loanword_only
ⲕⲁⲛⲁⲛⲁⲓⲟⲥ,καναναιοσ,,,loanword_only
ⲗⲓⲃⲁⲛⲟⲥ,λιβανοσ,,,loanword_only
ⲥⲕⲩⲗⲗⲉⲓ,σκυλλει,,,loanword_only
ⲙⲟⲛⲏ,μονη,,,loanword_only
ⲣⲁⲡⲟⲡⲛⲓⲅⲉ,ραποπνιγε,,,loanword_only
ⲥⲭⲓⲥⲙⲁⲧⲓⲕⲟⲥ,σχισματικοσ,,,loanword_only
ⲭⲣⲓⲥⲧⲟⲥ,χριστοσ,,,loanword_only
ⲁⲛⲁⲭⲱⲣⲓⲧⲏⲥ,αναχωριτησ,,,loanword_only
ⲙⲛⲧⲥⲩⲛⲕⲗⲏⲧⲓⲕⲟⲥ,μντσυνκλητικοσ,,,loanword_only
ⲕⲁⲩⲥⲱⲛ,καυσων,,,loanword_only
ⲥⲧⲁⲥⲓⲥ,στασισ,,,loanword_only
ⲁⲡⲟⲗⲁⲩⲉ,απολαυε,,,loanword_only
ⲥⲧⲉⲣⲉⲱⲙⲁ,στερεωμα,,,loanword_only
ⲁⲛⲁⲅⲕⲏ,αναγκη,,,loanword_only
ⲁⲥⲕⲏⲧⲏⲥ,ασκητησ,,,loanword_only
ⲡⲟⲛⲏⲣⲟⲛ,πονηρον,,,loanword_only
ⲁⲅⲱⲛⲓⲍⲉ,αγωνιζε,,,loanword_only
ⲫⲁⲣⲓⲥⲉⲟⲥ,φαρισεοσ,,,loanword_only
ⲓⲧⲉ,ιτε,,,loanword_only
ⲁⲣⲭⲏⲙⲁⲛⲧⲣⲓⲧⲏⲥ,αρχημαντριτησ,,,loanword_only
ⲑⲩⲥⲓⲁⲥⲧⲏⲣⲓⲟⲛ,θυσιαστηριον,,,loanword_only
ⲙⲛⲧⲙⲁⲓⲭⲣⲏⲙⲁ,μντμαιχρημα,,,loanword_only
ⲕⲗⲏⲣⲟⲥ,κληροσ,,,loanword_only
ⲡⲁⲣⲁⲧⲓⲅⲙⲁ,παρατιγμα,,,loanword_only
ⲛⲟⲉⲓⲛ,νοειν,,,loanword_only
ⲁⲗⲗⲟ,αλλο,,,loanword_only
ⲙⲛⲧⲁⲛⲁⲓⲥⲑⲏⲧⲟⲥ,μνταναισθητοσ,,,loanword_only
ⲅⲉ,γε,,,loanword_only
ⲉⲩⲭⲁⲣⲓⲥⲧⲁ,ευχαριστα,,,loanword_only
ⲧⲁⲗⲁⲓⲡⲱⲣⲟⲥ,ταλαιπωροσ,,,loanword_only
ⲥⲕⲏⲛⲏ,σκηνη,,,loanword_only
ⲁⲑⲗⲏⲥⲓⲥ,αθλησισ,,,loanword_only
ⲁⲛⲧⲓⲟⲭⲓⲁ,αντιοχια,,,loanword_only
ⲥⲩⲗⲁ,συλα,,,loanword_only
ⲡⲁⲣⲁⲃⲁⲧⲏⲥ,παραβατησ,,,loanword_only
ⲡⲉⲗⲁⲕ,πελακ,,,loanword_only
ⲁⲛⲟⲙⲟⲥ,ανομοσ,,,loanword_only
ⲫⲁⲛⲧⲁⲥⲓⲁ,φαντασια,,,loanword_only
ⲥⲕⲉⲟⲥ,σκεοσ,,,loanword_only
ⲁⲇⲓⲕⲓⲁ,αδικια,,,loanword_only
ⲕⲣⲏⲥⲓⲥ,κρησισ,,,loanword_only
ⲇⲉ,δε,,,loanword_only
ⲡⲁⲓⲇⲉⲩⲉ,παιδευε,,,loanword_only
ⲙⲟⲛⲟⲛ,μονον,,,loanword_only
ⲡⲣⲟⲫⲏⲧⲓⲕⲟⲛ,προφητικον,,,loanword_only
ⲫⲁⲥⲕⲓⲁ,φασκια,,,loanword_only
ⲡⲣⲟⲥⲧⲁⲧⲏⲥ,προστατησ,,,loanword_only
ⲁⲡⲟⲗⲗⲱ,απολλω,,,loanword_only
ⲉⲣⲛⲏⲫⲓⲛ,ερνηφιν,,,loanword_only
ⲕⲁⲥⲓⲁⲛⲟⲥ,κασιανοσ,,,loanword_only
ⲗⲉⲓⲧⲟⲩⲣⲅⲓⲁ,λειτουργια,,,loanword_only
ⲉⲣⲥⲫⲣⲁⲅⲓⲍⲓⲛ,ερσφραγιζιν,,,loanword_only
ⲡⲗⲏⲣⲟⲩ,πληρου,,,loanword_only
ⲡⲁⲣⲁⲙⲩⲑⲓⲁ,παραμυθια,,,loanword_only
ⲡⲣⲟⲥⲉⲩⲭⲏ,προσευχη,,,loanword_only
ⲁⲛⲁⲃⲁⲑⲙⲟⲥ,αναβαθμοσ,,,loanword_only
ⲥⲩⲛⲕⲗⲏⲧⲓⲕⲟⲥ,συνκλητικοσ,,,loanword_only
ⲭⲣⲓⲥⲙⲁ,χρισμα,,,loanword_only
ⲧⲟⲙⲟⲥ,τομοσ,,,loanword_only
ⲉⲝⲟⲣⲅⲓⲥⲧⲏⲥ,εξοργιστησ,,,loanword_only
ⲥⲫⲣⲁⲅⲓⲥ,σφραγισ,,,loanword_only
ⲕⲁⲧⲉⲭⲉ,κατεχε,,,loanword_only
ⲕⲣⲓⲛⲉ,κρινε,,,loanword_only
ⲡⲉⲧⲣⲟⲥ,πετροσ,,,loanword_only
ⲁⲧⲁⲝⲓⲁ,αταξια,,,loanword_only
ⲥⲭⲉⲇⲟⲛ,σχεδον,,,loanword_only
ⲇⲟⲅⲙⲁⲧⲓⲍⲉ,δογματιζε,,,loanword_only
ⲃⲟⲩⲗⲉⲩⲧⲏⲥ,βουλευτησ,,,loanword_only
ⲉⲣⲑⲉⲟⲣⲓⲛ,ερθεοριν,,,loanword_only
ⲇⲓⲡⲛⲟⲛ,διπνον,,,loanword_only
ⲉⲅⲕⲱⲙⲓⲟⲛ,εγκωμιον,,,loanword_only
ⲭⲓⲱⲛ,χιων,,,loanword_only
ⲁⲡⲟⲥⲧⲟⲗⲟⲥ,αποστολοσ,,,loanword_only
ⲙⲛⲧⲧⲁⲗⲁⲓⲡⲱⲣⲟⲥ,μντταλαιπωροσ,,,loanword_only
ⲡⲟⲗⲉⲧⲓⲁ,πολετια,,,loanword_only
ⲡⲟⲗⲓⲥ,πολισ,,,loanword_only
ⲉⲑⲛⲟⲥ,εθνοσ,,,loanword_only
ⲉⲣⲁⲕⲙⲏ,ερακμη,,,loanword_only
ⲁⲕⲉⲣⲁⲓⲟⲥ,ακεραιοσ,,,loanword_only
ⲇⲏⲙⲟⲥ,δημοσ,,,loanword_only
ⲁⲛⲁⲗⲁⲙⲃⲁⲛⲉ,αναλαμβανε,,,loanword_only
ⲙⲏⲧⲣⲁ,μητρα,,,loanword_only
ⲉⲡⲓⲥⲧⲏⲙⲉⲓ,επιστημει,,,loanword_only
ⲉⲡⲓⲥⲕⲟⲡⲟⲩ,επισκοπου,,,loanword_only
ⲙⲉⲗⲟⲥ,μελοσ,,,loanword_only
ⲡⲁⲓⲇⲁⲅⲱⲅⲟⲥ,παιδαγωγοσ,,,loanword_only
ⲧⲉⲗⲓⲟⲛ,τελιον,,,loanword_only
ⲫⲁⲣⲙⲁⲅⲟⲥ,φαρμαγοσ,,,loanword_only
ⲕⲁⲧⲟⲣⲑⲟⲩ,κατορθου,,,loanword_only
ⲧⲁⲗⲉⲑⲩⲥⲓⲁ,ταλεθυσια,,,loanword_only
ⲁⲛⲁⲅⲛⲱⲥⲧⲏⲥ,αναγνωστησ,,,loanword_only
ⲥⲕⲉⲡⲁⲥⲧⲏⲥ,σκεπαστησ,,,loanword_only
ⲑⲁⲣⲥⲓⲥ,θαρσισ,,,loanword_only
ⲡⲗⲁⲝ,πλαξ,,,loanword_only
ⲑⲉⲣⲁⲡⲓⲁ,θεραπια,,,loanword_only
ⲙⲛⲧⲧⲩⲣⲁⲛⲛⲟⲥ,μνττυραννοσ,,,loanword_only
ⲙⲁⲅⲓⲣⲟⲥ,μαγιροσ,,,loanword_only
ⲙⲁⲕⲁⲣⲓⲟⲥ,μακαριοσ,,,loanword_only
ⲕⲉⲗⲉⲃⲓⲛ,κελεβιν,,,loanword_only
ⲃⲁⲥⲓⲗⲓⲕⲟⲛ,βασιλικον,,,loanword_only
ⲡⲗⲁⲧⲱⲛ,πλατων,,,loanword_only
ⲁⲛⲍⲱⲛⲏ,ανζωνη,,,loanword_only
ⲁⲡⲟⲗⲟⲅⲓⲍⲉ,απολογιζε,,,loanword_only
ⲕⲉⲛⲟⲇⲟⲝⲓⲁ,κενοδοξια,,,loanword_only
ⲁⲓⲥⲑⲏⲥⲓⲥ,αισθησισ,,,loanword_only
ⲉⲝⲏⲅⲓⲥⲑⲁⲓ,εξηγισθαι,,,loanword_only
ⲡⲁⲣⲁⲛⲟⲙⲓⲁ,παρανομια,,,loanword_only
ⲉⲣⲁⲡⲟⲧⲁⲍⲉⲥⲑⲁⲓ,εραποταζεσθαι,,,loanword_only
ⲉⲣⲉ,ερε,,,loanword_only
ⲁⲡⲟⲣⲉⲓ,απορει,,,loanword_only
ⲙⲛⲧⲁⲣⲭⲏⲉⲡⲓⲥⲕⲟⲡⲟⲥ,μνταρχηεπισκοποσ,,,loanword_only
ⲉⲣⲥⲧⲁⲩⲣⲱⲛⲉⲓⲛ,ερσταυρωνειν,,,loanword_only
ⲗⲟⲅⲟⲥ,λογοσ,,,loanword_only
ⲭⲁⲗⲕⲓⲟⲛ,χαλκιον,,,loanword_only
ⲧⲟⲗⲟⲓⲡⲟⲛ,τολοιπον,,,loanword_only
ⲇⲓⲥⲧⲁⲍⲉ,δισταζε,,,loanword_only
ⲧⲣⲟⲡⲟⲥ,τροποσ,,,loanword_only
ⲡⲁⲡⲁⲥ,παπασ,,,loanword_only
ⲉⲣⲭⲉⲓⲣⲟⲧⲟⲛⲉⲓⲛ,ερχειροτονειν,,,loanword_only
ⲁⲅⲓⲟⲥ,αγιοσ,,,loanword_only
ⲡⲉⲛ,πεν,,,loanword_only
ⲁⲛⲑⲣⲁⲝ,ανθραξ,,,loanword_only
ⲃⲁⲡⲧⲓⲥⲙⲁ,βαπτισμα,,,loanword_only
ⲙⲛⲧⲉⲩⲅⲉⲛⲏⲥ,μντευγενησ,,,loanword_only
ⲙⲓⲧⲣⲁ,μιτρα,,,loanword_only
ⲙⲛⲧⲁⲡⲟⲥⲧⲟⲥ,μνταποστοσ,,,loanword_only
ⲇⲓⲁⲫⲟⲣⲁ,διαφορα,,,loanword_only
ⲥⲕⲟⲡⲟⲥ,σκοποσ,,,loanword_only
ⲁⲓⲧⲏⲙⲁ,αιτημα,,,loanword_only
ⲡⲣⲟⲧⲟⲡⲗⲁⲥⲙⲁ,προτοπλασμα,,,loanword_only
ⲟⲡⲧⲉⲩⲉ,οπτευε,,,loanword_only
ⲥⲁⲣⲕⲓⲕⲟⲥ,σαρκικοσ,,,loanword_only
ⲛⲩⲙⲫⲱⲛ,νυμφων,,,loanword_only
ⲭⲗⲟⲏⲥ,χλοησ,,,loanword_only
ⲉⲅⲅⲩⲏ,εγγυη,,,loanword_only
ⲑⲉⲣⲙⲏⲥⲓ,θερμησι,,,loanword_only
ⲥⲩⲛⲫⲱⲛⲓⲛ,συνφωνιν,,,loanword_only
ⲃⲏⲑⲁⲛⲓⲁ,βηθανια,,,loanword_only
ⲉⲝⲉⲥⲧⲓ,εξεστι,,,loanword_only
ⲭⲣⲩⲥⲟⲗⲓⲛⲑⲟⲥ,χρυσολινθοσ,,,loanword_only
ⲙⲁⲣⲧⲩⲣⲓⲟⲛ,μαρτυριον,,,loanword_only
ⲥⲭⲏⲙⲁ,σχημα,,,loanword_only
ⲃⲁⲥⲕⲁⲛⲟⲥ,βασκανοσ,,,loanword_only
ⲥⲧⲁⲩⲣⲟⲥ,σταυροσ,,,loanword_only
ⲟⲭⲗⲟⲥ,οχλοσ,,,loanword_only
ⲣⲛⲏⲥⲧⲉⲩⲉ,ρνηστευε,,,loanword_only
ⲟⲗⲟⲕⲁⲩⲧⲱⲙⲁ,ολοκαυτωμα,,,loanword_only
ⲡⲣⲁⲓⲧⲱⲣⲓⲟⲛ,πραιτωριον,,,loanword_only
ⲁⲡⲉⲣⲁⲛⲧⲟⲥ,απεραντοσ,,,loanword_only
ⲡⲁⲣⲁⲛⲟⲙⲉⲓ,παρανομει,,,loanword_only
ⲕⲏⲧⲟⲥ,κητοσ,,,loanword_only
ⲕⲁⲕⲱⲥ,κακωσ,,,loanword_only
ⲉⲥⲩⲭⲓⲁ,εσυχια,,,loanword_only
ⲕⲩⲣⲓⲝ,κυριξ,,,loanword_only
ⲙⲉⲥⲟⲡⲟⲧⲁⲙⲓⲁ,μεσοποταμια,,,loanword_only
ⲡⲗⲁⲡⲧⲉⲓ,πλαπτει,,,loanword_only
ⲙⲛⲧⲉⲡⲓⲥⲕⲟⲡⲟⲥ,μντεπισκοποσ,,,loanword_only
ⲁⲡⲟⲗⲩ,απολυ,,,loanword_only
ⲁⲗⲏⲑⲱⲥ,αληθωσ,,,loanword_only
ⲁⲙⲉⲣⲓ,αμερι,,,loanword_only
ⲃⲟⲧⲁⲛⲏ,βοτανη,,,loanword_only
ⲛⲟⲙⲓⲙⲟⲛ,νομιμον,,,loanword_only
ⲉⲣⲁⲕⲟⲗⲟⲩⲑⲓⲛ,ερακολουθιν,,,loanword_only
ⲉⲓⲧⲉ,ειτε,,,loanword_only
ⲑⲉⲟⲫⲟⲣⲟⲥ,θεοφοροσ,,,loanword_only
ⲕⲁⲓⲛⲏ,καινη,,,loanword_only
ⲇⲁⲙⲓⲁⲛⲟⲥ,δαμιανοσ,,,loanword_only
ⲉⲣⲁⲡⲟⲥⲧⲟⲗⲟⲥ,εραποστολοσ,,,loanword_only
ⲉⲣⲏⲙⲟⲥ,ερημοσ,,,loanword_only
ⲡⲣⲉⲥⲃⲉⲩⲉ,πρεσβευε,,,loanword_only
ⲁⲣⲭⲉⲟⲥ,αρχεοσ,,,loanword_only
ⲉⲡⲓⲥⲧⲏⲙⲏ,επιστημη,,,loanword_only
ⲁⲛⲧⲓⲇⲓⲕⲟⲥ,αντιδικοσ,,,loanword_only
ⲡⲗⲁⲛⲟⲥ,πλανοσ,,,loanword_only
ⲟⲩⲥⲓⲁ,ουσια,,,loanword_only
ⲙⲟⲩⲥⲓⲕⲟⲛ,μουσικον,,,loanword_only
ⲫⲩⲥⲓ,φυσι,,,loanword_only
ⲡⲁⲛⲧⲱⲥ,παντωσ,,,loanword_only
ⲉⲗⲉⲩⲑⲉⲣⲟⲩ,ελευθερου,,,loanword_only
ⲙⲛⲧⲭⲣⲓⲥⲧⲟⲥ,μντχριστοσ,,,loanword_only
ⲡⲉⲣⲥⲓⲥ,περσισ,,,loanword_only
ⲕⲱⲗⲩⲉ,κωλυε,,,loanword_only
ⲁⲡⲁⲣⲭⲏ,απαρχη,,,loanword_only
ⲥⲁⲗⲡⲓⲅⲝ,σαλπιγξ,,,loanword_only
ⲕⲱⲙⲟⲡⲟⲗⲓⲥ,κωμοπολισ,,,loanword_only
ⲙⲟⲅⲓⲥ,μογισ,,,loanword_only
ⲕⲁⲗⲟⲥ,καλοσ,,,loanword_only
ⲙⲛⲧⲁⲣⲅⲟⲥ,μνταργοσ,,,loanword_only
ⲉⲣⲏⲙⲓⲁ,ερημια,,,loanword_only
ⲫⲣⲟⲛⲧⲓⲍⲉ,φροντιζε,,,loanword_only
ⲁⲓⲭⲙⲁⲗⲱⲧⲟⲥ,αιχμαλωτοσ,,,loanword_only
ⲅⲉⲛⲉⲁ,γενεα,,,loanword_only
ⲛⲟⲉⲣⲟⲥ,νοεροσ,,,loanword_only
ⲗⲉⲡⲧⲟⲛ,λεπτον,,,loanword_only
ⲁⲅⲣⲓⲟⲥ,αγριοσ,,,loanword_only
ⲕⲁⲑⲟⲗⲓⲕⲏ,καθολικη,,,loanword_only
ⲙⲏⲭⲁⲛⲏ,μηχανη,,,loanword_only
ⲇⲓⲁⲡⲉⲣⲁ,διαπερα,,,loanword_only
ⲕⲁⲗⲩⲙⲙⲁ,καλυμμα,,,loanword_only
ⲁⲭⲱⲣⲏⲧⲟⲛ,αχωρητον,,,loanword_only
ⲇⲣⲩⲙⲟⲥ,δρυμοσ,,,loanword_only
ⲥⲁⲣⲇⲓⲟⲛ,σαρδιον,,,loanword_only
ⲥⲁⲣⲁⲡⲓⲟⲛ,σαραπιον,,,loanword_only
ⲕⲩⲣⲓⲟⲥ,κυριοσ,,,loanword_only
ⲥⲱⲙⲁⲧⲓⲕⲟⲛ,σωματικον,,,loanword_only
ⲕⲁⲡⲛⲟⲥ,καπνοσ,,,loanword_only
ⲥⲁⲗⲡⲓⲅⲅⲟⲥ,σαλπιγγοσ,,,loanword_only
ⲁⲥⲑⲉⲛⲏⲥ,ασθενησ,,,loanword_only
ⲉⲣⲅⲟⲇⲓⲱⲕⲧⲏⲥ,εργοδιωκτησ,,,loanword_only
ⲥⲓⲇⲱⲛ,σιδων,,,loanword_only
ⲉⲡⲁⲣⲭⲟⲥ,επαρχοσ,,,loanword_only
ⲧⲁⲣⲧⲁⲣⲟⲥ,ταρταροσ,,,loanword_only
ⲍⲱⲏ,ζωη,,,loanword_only
ⲁⲫⲑⲁⲣⲧⲟⲥ,αφθαρτοσ,,,loanword_only
ⲁⲡⲟⲫⲁⲥⲓⲥ,αποφασισ,,,loanword_only
ⲑⲉⲟⲡⲓⲥⲧⲟⲥ,θεοπιστοσ,,,loanword_only
ⲭⲱⲣⲓⲥ,χωρισ,,,loanword_only
ⲁⲣⲓⲥⲧⲟⲛ,αριστον,,,loanword_only
ⲕⲩⲕⲗⲟⲥ,κυκλοσ,,,loanword_only
ⲉⲣⲁⲅⲱⲛⲓⲍⲉⲥⲑⲉ,εραγωνιζεσθε,,,loanword_only
ⲁⲡⲁⲧⲁ,απατα,,,loanword_only
ⲑⲉⲟⲗⲟⲅⲟⲥ,θεολογοσ,,,loanword_only
ⲃⲗⲁⲡⲧⲉⲓ,βλαπτει,,,loanword_only
ⲁⲅⲱⲛⲟⲑⲉⲧⲏⲥ,αγωνοθετησ,,,loanword_only
ⲫⲟⲣⲉⲓ,φορει,,,loanword_only
ⲉⲣⲭⲣⲉⲓⲁ,ερχρεια,,,loanword_only
ⲧⲉⲗⲓⲟⲥ,τελιοσ,,,loanword_only
ⲇⲣⲁⲕⲱⲛ,δρακων,,,loanword_only
ⲙⲟⲩⲗⲟⲛ,μουλον,,,loanword_only
ⲁⲥⲥⲩⲣⲓⲟⲥ,ασσυριοσ,,,loanword_only
ⲉⲡⲓⲧⲓⲙⲁ,επιτιμα,,,loanword_only
ⲕⲟⲓⲛⲱⲛⲉⲓ,κοινωνει,,,loanword_only
ⲧⲣⲓⲇⲩⲛⲁⲙⲓⲥ,τριδυναμισ,,,loanword_only
ⲥⲧⲟⲗⲏ,στολη,,,loanword_only
ⲉⲣⲅⲁⲧⲏⲥ,εργατησ,,,loanword_only
ⲕⲩⲣⲟⲥ,κυροσ,,,loanword_only
ⲙⲁⲣⲧⲩⲣⲟⲥ,μαρτυροσ,,,loanword_only
ⲉⲛⲟⲭⲟⲥ,ενοχοσ,,,loanword_only
ⲗⲩⲙⲏⲛ,λυμην,,,loanword_only
ⲙⲓⲗⲓⲟⲛ,μιλιον,,,loanword_only
ⲡⲁⲗⲓⲛ,παλιν,,,loanword_only
ⲁⲛⲧⲓ,αντι,,,loanword_only
ⲃⲏⲙⲁ,βημα,,,loanword_only
ⲍⲏⲧⲏⲙⲁ,ζητημα,,,loanword_only
ⲁⲗⲗⲁ,αλλα,,,loanword_only
ⲕⲟⲗⲟⲃⲓⲟⲛ,κολοβιον,,,loanword_only
ⲣⲙⲁⲑⲏⲧⲏⲥ,ρμαθητησ,,,loanword_only
ⲑⲩⲥⲓⲁⲍⲉ,θυσιαζε,,,loanword_only
ⲉⲡⲱⲣⲁ,επωρα,,,loanword_only
ⲉⲣⲡⲉⲣⲡⲉⲣⲟⲥ,ερπερπεροσ,,,loanword_only
ⲃⲁⲥⲓⲗⲓⲟⲥ,βασιλιοσ,,,loanword_only
ⲡⲣⲁⲅⲙⲁⲧⲓⲁ,πραγματια,,,loanword_only
ⲟⲩⲗⲏ,ουλη,,,loanword_only
ⲑⲩⲥⲓⲁ,θυσια,,,loanword_only
ⲕⲉⲛⲧⲏⲛⲁⲣⲓⲟⲛ,κεντηναριον,,,loanword_only
ⲃⲁⲥⲓⲙⲟⲥ,βασιμοσ,,,loanword_only
ⲉⲓⲇⲱⲗⲟⲛ,ειδωλον,,,loanword_only
ⲙⲁⲅⲁⲣⲓⲍⲉ,μαγαριζε,,,loanword_only
ⲁⲣⲭⲏⲙⲁⲛⲇⲣⲓⲧⲏⲥ,αρχημανδριτησ,,,loanword_only
ⲉⲗⲉⲩⲑⲉⲣⲟⲥ,ελευθεροσ,,,loanword_only
ⲡⲣⲟⲫⲏⲧⲉⲓⲁ,προφητεια,,,loanword_only
ⲥⲩⲛⲁⲅⲉ,συναγε,,,loanword_only
ⲡⲓⲛⲁⲝ,πιναξ,,,loanword_only
ⲕⲁⲧⲁⲗⲁⲗⲉⲓⲁ,καταλαλεια,,,loanword_only
ⲗⲁⲕⲕⲟⲥ,λακκοσ,,,loanword_only
ⲉⲩⲃⲗⲁⲥⲫⲏⲙⲓⲁ,ευβλασφημια,,,loanword_only
ⲛⲁⲩⲕⲗⲏⲣⲟⲥ,ναυκληροσ,,,loanword_only
ⲉⲩⲥⲉⲃⲏⲥ,ευσεβησ,,,loanword_only
ⲁⲕⲣⲱⲁⲧⲏⲥ,ακρωατησ,,,loanword_only
ⲟⲩⲭ,ουχ,,,loanword_only
ⲓⲇⲓⲱⲧⲏⲥ,ιδιωτησ,,,loanword_only
ⲗⲟⲅⲅⲓⲛⲟⲥ,λογγινοσ,,,loanword_only
ⲁⲥⲑⲉ,ασθε,,,loanword_only
ⲉⲣⲁⲅⲁⲡⲁⲛ,εραγαπαν,,,loanword_only
ⲡⲁⲣⲁⲅⲅⲉⲓⲗⲉ,παραγγειλε,,,loanword_only
ⲁⲅⲁⲛⲁⲕⲧⲉⲓ,αγανακτει,,,loanword_only
ⲡⲛⲉⲩⲙⲁⲧⲓⲕⲱⲥ,πνευματικωσ,,,loanword_only
ⲁⲅⲁⲡⲏ,αγαπη,,,loanword_only
ⲧⲣⲩⲫⲏ,τρυφη,,,loanword_only
ⲉⲣⲁⲥⲡⲁⲍⲉⲥⲑⲉ,ερασπαζεσθε,,,loanword_only
ⲭⲱⲣⲟⲥ,χωροσ,,,loanword_only
ⲡⲁⲣⲁⲅⲉ,παραγε,,,loanword_only
ⲙⲁⲓⲭⲣⲓⲥⲧⲟⲥ,μαιχριστοσ,,,loanword_only
ⲡⲁⲥⲭⲁ,πασχα,,,loanword_only
ⲉⲣⲥⲕⲁⲛⲇⲁⲗⲓⲍⲉⲥⲑⲉ,ερσκανδαλιζεσθε,,,loanword_only
ⲕⲟⲥⲙⲏⲥⲓⲥ,κοσμησισ,,,loanword_only
ⲙⲉⲣⲟⲥ,μεροσ,,,loanword_only
ⲙⲁⲓⲁⲣⲭⲱⲛ,μαιαρχων,,,loanword_only
ⲑⲗⲓⲃⲉ,θλιβε,,,loanword_only
ⲉⲩⲁⲅⲅⲉⲗⲓⲟⲛ,ευαγγελιον,,,loanword_only
ⲡⲉⲧⲣⲁ,πετρα,,,loanword_only
ⲉⲣⲑⲉⲱⲣⲉⲓⲛ,ερθεωρειν,,,loanword_only
ⲫⲩⲗⲟⲡⲟⲛⲟⲥ,φυλοπονοσ,,,loanword_only
ⲁⲗⲗⲟⲧⲣⲓⲟⲛ,αλλοτριον,,,loanword_only
ⲣⲁⲡⲓⲥⲧⲟⲥ,ραπιστοσ,,,loanword_only
ⲡⲁⲣⲁⲑⲏⲕⲏ,παραθηκη,,,loanword_only
ⲙⲉⲧⲡⲉⲣⲓⲉⲣⲅⲟⲥ,μετπεριεργοσ,,,loanword_only
ⲡⲁⲧⲁⲥⲥⲉⲓ,πατασσει,,,loanword_only
ⲡⲣⲉⲡⲉⲓ,πρεπει,,,loanword_only
ⲙⲉⲧⲁⲛⲟⲉⲓ,μετανοει,,,loanword_only
ⲉⲝⲉⲥⲧⲉⲓ,εξεστει,,,loanword_only
ⲙⲛⲧⲙⲁⲅⲟⲥ,μντμαγοσ,,,loanword_only
ⲕⲉⲣⲁⲙⲉⲩⲥ,κεραμευσ,,,loanword_only
ⲉⲡⲓⲧⲣⲟⲡⲟⲥ,επιτροποσ,,,loanword_only
ⲁⲗⲏⲑⲉⲓⲁ,αληθεια,,,loanword_only
ⲁⲡⲟⲥⲧⲏⲑⲏⲥ,αποστηθησ,,,loanword_only
ⲇⲓⲕⲁⲥⲧⲏⲣⲓⲟⲛ,δικαστηριον,,,loanword_only
ⲇⲁⲓⲙⲱⲛ,δαιμων,,,loanword_only
ⲅⲉⲛⲛⲁⲓⲟⲥ,γενναιοσ,,,loanword_only
ⲫⲓⲗⲟⲛⲓⲟⲛ,φιλονιον,,,loanword_only
ⲧⲉⲗⲉⲓⲟⲛ,τελειον,,,loanword_only
ⲉⲡⲉⲓⲇⲏ,επειδη,,,loanword_only
ⲇⲓⲁⲧⲟⲭⲟⲥ,διατοχοσ,,,loanword_only
ⲕⲟⲓⲧⲱⲛ,κοιτων,,,loanword_only
ⲟⲩ,ου,,,loanword_only
ⲥⲉ,σε,,,loanword_only
ⲭⲱⲣⲏⲙⲁ,χωρημα,,,loanword_only
ⲙⲏⲇⲟⲥ,μηδοσ,,,loanword_only
ⲁⲣⲭⲓⲉⲣⲉⲩⲥ,αρχιερευσ,,,loanword_only
ⲡⲣⲟⲇⲟⲧⲏⲥ,προδοτησ,,,loanword_only
ⲁⲑⲗⲟⲫⲟⲣⲟⲥ,αθλοφοροσ,,,loanword_only
ⲙⲩⲗⲟⲛ,μυλον,,,loanword_only
ⲁⲅⲱⲛⲓⲥⲧⲏⲥ,αγωνιστησ,,,loanword_only
ⲥⲡⲓⲣⲁ,σπιρα,,,loanword_only
ⲧⲩⲣⲁⲛⲛⲟⲥ,τυραννοσ,,,loanword_only
ⲥⲱⲥⲑⲉⲛⲏⲥ,σωσθενησ,,,loanword_only
ⲁⲡⲟⲇⲏⲙⲉⲓ,αποδημει,,,loanword_only
ⲧⲁⲥⲥⲉ,τασσε,,,loanword_only
ⲫⲱⲥⲥⲁ,φωσσα,,,loanword_only
ⲇⲁⲓⲙⲱⲛⲓⲟⲛ,δαιμωνιον,,,loanword_only
ⲉⲑⲁⲣⲥⲓⲥ,εθαρσισ,,,loanword_only
ⲉⲝⲱⲣⲓⲍⲉ,εξωριζε,,,loanword_only
ⲉⲓⲇⲟⲥ,ειδοσ,,,loanword_only
ⲡⲁⲗⲁⲧⲓⲟⲛ,παλατιον,,,loanword_only
ⲥⲧⲟⲓⲭⲓⲟⲛ,στοιχιον,,,loanword_only
ⲫⲁⲣⲓⲥⲁⲓⲟⲥ,φαρισαιοσ,,,loanword_only
ⲣⲑⲩⲥⲓⲁⲍⲉ,ρθυσιαζε,,,loanword_only
ⲑⲉⲣⲁⲡⲟⲩ,θεραπου,,,loanword_only
ⲇⲓⲇⲩⲙⲟⲥ,διδυμοσ,,,loanword_only
ⲡⲁⲣⲟⲩⲥⲓⲁ,παρουσια,,,loanword_only
ⲕⲟⲓⲗⲓⲁ,κοιλια,,,loanword_only
ⲥⲡⲉⲕⲟⲩⲗⲁⲧⲱⲣ,σπεκουλατωρ,,,loanword_only
ⲉⲱⲛ,εων,,,loanword_only
ⲁⲫⲟⲣⲙⲏ,αφορμη,,,loanword_only
ⲁⲅⲉⲗⲏ,αγελη,,,loanword_only
ⲭⲣⲏⲥⲧⲟⲥ,χρηστοσ,,,loanword_only
ⲥⲟⲫⲟⲥ,σοφοσ,,,loanword_only
ⲁⲡⲟⲧ,αποτ,,,loanword_only
ⲙⲁⲗⲓⲥⲧⲁ,μαλιστα,,,loanword_only
ⲥⲫⲣⲁⲅⲓⲍⲉ,σφραγιζε,,,loanword_only
ⲁⲙⲉⲗⲏⲥ,αμελησ,,,loanword_only
ⲙⲉⲧⲙⲟⲩⲛⲁⲭⲟⲥ,μετμουναχοσ,,,loanword_only
ⲉⲡⲓⲑⲩⲙⲓⲁ,επιθυμια,,,loanword_only
ⲙⲁⲗⲗⲟⲛ,μαλλον,,,loanword_only
ⲙⲉⲅⲉⲑⲟⲥ,μεγεθοσ,,,loanword_only
ⲕⲟⲛⲇⲣⲁⲛⲧⲏⲥ,κονδραντησ,,,loanword_only
ⲙⲏⲡⲱⲥ,μηπωσ,,,loanword_only
ⲁⲅⲅⲉⲗⲟⲥ,αγγελοσ,,,loanword_only
ⲭⲁⲛⲁⲛⲁⲓⲟⲥ,χαναναιοσ,,,loanword_only
ⲅⲛⲟⲫⲟⲥ,γνοφοσ,,,loanword_only
ⲥⲧⲁⲇⲓⲟⲛ,σταδιον,,,loanword_only
ⲉⲛⲧⲟⲗⲏ,εντολη,,,loanword_only
ⲕⲁⲛ,καν,,,loanword_only
ⲁⲕⲟⲗⲟⲩⲑⲉⲓ,ακολουθει,,,loanword_only
ⲁⲣⲭⲓⲧⲉⲕⲧⲱⲛ,αρχιτεκτων,,,loanword_only
ⲕⲁⲧⲁⲗⲁⲗⲉⲓ,καταλαλει,,,loanword_only
ⲡⲁⲣⲇⲁⲗⲓⲥ,παρδαλισ,,,loanword_only
ⲕⲁⲣⲡⲟⲥ,καρποσ,,,loanword_only
ⲇⲉⲓⲡⲛⲟⲛ,δειπνον,,,loanword_only
ⲥⲩⲅⲕⲗⲏⲧⲓⲕⲏ,συγκλητικη,,,loanword_only
ⲕⲓⲃⲱⲧⲟⲥ,κιβωτοσ,,,loanword_only
ⲉⲗⲑⲏⲥ,ελθησ,,,loanword_only
ⲛⲟⲩⲥ,νουσ,,,loanword_only
ⲭⲓⲣⲟⲇⲟⲛⲓⲁ,χιροδονια,,,loanword_only
ⲏⲣⲱⲇⲏⲥ,ηρωδησ,,,loanword_only
ⲟⲣⲇⲓⲛⲟⲛ,ορδινον,,,loanword_only
ⲉⲣⲩⲑⲣⲁ,ερυθρα,,,loanword_only
ⲁⲡⲟⲥⲩⲛⲁⲅⲱⲅⲟⲥ,αποσυναγωγοσ,,,loanword_only
ⲥⲩⲣⲓⲁ,συρια,,,loanword_only
ⲃⲁⲥⲓⲗⲉⲓⲧⲏⲥ,βασιλειτησ,,,loanword_only
ⲙⲁⲥⲧⲓⲅⲟⲩ,μαστιγου,,,loanword_only
ⲙⲛⲧⲕⲱⲥⲙⲓⲕⲟⲛ,μντκωσμικον,,,loanword_only
ⲕⲟⲗⲟⲃⲟⲥ,κολοβοσ,,,loanword_only
ⲑⲉⲟⲇⲟⲥⲓⲟⲥ,θεοδοσιοσ,,,loanword_only
ⲣⲇⲓⲕⲁⲓⲟⲥ,ρδικαιοσ,,,loanword_only
ⲥⲁⲣⲕⲓⲕⲟⲛ,σαρκικον,,,loanword_only
ⲁⲡⲟⲗⲗⲱⲛ,απολλων,,,loanword_only
ⲁⲣⲭⲓⲥⲧⲣⲁⲧⲏⲅⲟⲥ,αρχιστρατηγοσ,,,loanword_only
ⲑⲁⲗⲡⲉⲓ,θαλπει,,,loanword_only
ⲧⲉⲧⲣⲁⲅⲱⲛⲟⲛ,τετραγωνον,,,loanword_only
ⲁⲝⲓⲱⲙⲁ,αξιωμα,,,loanword_only
ⲉⲅⲕⲁⲕⲉⲓ,εγκακει,,,loanword_only
ⲡⲣⲟⲉⲥⲧⲱⲥ,προεστωσ,,,loanword_only
ⲡⲣⲟⲑⲉⲥⲓⲥ,προθεσισ,,,loanword_only
ⲁⲣⲭⲁⲅⲅⲉⲗⲟⲥ,αρχαγγελοσ,,,loanword_only
ⲙⲁⲣⲕⲁⲣⲓⲧⲏⲥ,μαρκαριτησ,,,loanword_only
ⲡⲁⲣⲁⲇⲉⲓⲥⲟⲥ,παραδεισοσ,,,loanword_only
ⲣⲛⲟⲙⲟⲥ,ρνομοσ,,,loanword_only
ⲕⲁⲧⲁⲛⲧⲁ,καταντα,,,loanword_only
ⲧⲁⲗⲉⲡⲣⲟⲥⲫⲟⲣⲁ,ταλεπροσφορα,,,loanword_only
ⲙⲁⲑⲏⲧⲏⲥ,μαθητησ,,,loanword_only
ⲙⲉⲣⲟⲩⲥ,μερουσ,,,loanword_only
ⲡⲁⲣⲁⲥⲧⲁⲥ,παραστασ,,,loanword_only
ⲕⲁⲧⲁⲗⲁⲙⲃⲁⲛⲉ,καταλαμβανε,,,loanword_only
ⲗⲟⲓⲙⲟⲥ,λοιμοσ,,,loanword_only
ⲭⲁⲗⲁⲍⲁ,χαλαζα,,,loanword_only
ⲇⲉⲕⲁⲡⲟⲗⲓⲥ,δεκαπολισ,,,loanword_only
ⲉⲣⲙⲁⲥⲧⲓⲅⲅⲟⲓⲛ,ερμαστιγγοιν,,,loanword_only
ⲁⲛⲧⲱⲛⲓⲟⲥ,αντωνιοσ,,,loanword_only
ⲁⲏⲣ,αηρ,,,loanword_only
ⲡⲛⲉⲩⲙⲁⲧⲓⲕⲟⲛ,πνευματικον,,,loanword_only
ⲁⲣⲭⲏⲧⲉⲕⲧⲱⲛ,αρχητεκτων,,,loanword_only
ⲭⲣⲉⲓⲁ,χρεια,,,loanword_only
ⲉⲣⲫⲟⲣⲓⲛ,ερφοριν,,,loanword_only
ⲭⲟⲩⲥ,χουσ,,,loanword_only
ⲕⲁⲓⲣⲟⲥ,καιροσ,,,loanword_only
ⲁⲕⲁⲛⲁⲕⲧⲉⲓ,ακανακτει,,,loanword_only
ⲁⲗⲁⲗⲓⲁ,αλαλια,,,loanword_only
ⲕⲉⲇⲣⲟⲥ,κεδροσ,,,loanword_only
ⲡⲏⲣⲁ,πηρα,,,loanword_only
ⲙⲛⲧⲇⲓⲕⲁⲓⲟⲥ,μντδικαιοσ,,,loanword_only
ⲁⲅⲅⲓⲟⲛ,αγγιον,,,loanword_only
ⲡⲁⲣⲁⲃⲁ,παραβα,,,loanword_only
ⲗⲁⲟⲥ,λαοσ,,,loanword_only
ⲡⲣⲟⲥⲕⲁⲣⲧⲉⲣⲉⲓ,προσκαρτερει,,,loanword_only
ⲉⲡⲓⲇⲏ,επιδη,,,loanword_only
ⲕⲁⲑⲓⲥⲧⲁ,καθιστα,,,loanword_only
ⲁⲣⲓⲧⲓⲙⲁⲛ,αριτιμαν,,,loanword_only
ⲛⲧⲟⲗⲏ,ντολη,,,loanword_only
ⲇⲱⲣⲉⲁ,δωρεα,,,loanword_only
ⲥⲩⲛⲏⲑⲓⲁ,συνηθια,,,loanword_only
ⲥⲕⲁⲫⲟⲥ,σκαφοσ,,,loanword_only
ⲧⲉⲓⲣⲏⲛⲏ,τειρηνη,,,loanword_only
ⲗⲉⲩⲕⲟⲫⲟⲣⲉⲓ,λευκοφορει,,,loanword_only
ⲙⲛⲧⲗⲏⲥⲧⲏⲥ,μντληστησ,,,loanword_only
ⲡⲣⲟⲥⲧⲁⲥⲓⲁ,προστασια,,,loanword_only
ⲇⲟⲕⲓⲙⲏ,δοκιμη,,,loanword_only
ⲙⲉⲗⲓ,μελι,,,loanword_only
ⲟⲛⲟⲣⲓⲟⲥ,ονοριοσ,,,loanword_only
ⲁⲛⲁⲃⲁⲥⲓⲥ,αναβασισ,,,loanword_only
ⲥⲁⲗⲡⲓⲍⲉ,σαλπιζε,,,loanword_only
ⲁⲗⲗⲟⲅⲉⲛⲏⲥ,αλλογενησ,,,loanword_only
ⲗⲉⲅⲓⲱⲛ,λεγιων,,,loanword_only
ⲕⲁⲕⲟⲩⲣⲅⲟⲥ,κακουργοσ,,,loanword_only
ⲫⲩⲥⲓⲕⲟⲛ,φυσικον,,,loanword_only
ⲫⲣⲁⲅⲉⲗⲗⲟⲩ,φραγελλου,,,loanword_only
ⲕⲁⲗⲱⲥ,καλωσ,,,loanword_only
ⲟⲣⲅⲁⲛⲟⲛ,οργανον,,,loanword_only
ⲉⲩⲥⲭⲏⲙⲱⲛ,ευσχημων,,,loanword_only
ⲕⲗⲏⲣⲟⲛⲟⲙⲉⲓⲁ,κληρονομεια,,,loanword_only
ⲙⲛⲧⲡⲁⲣⲑⲉⲛⲟⲥ,μντπαρθενοσ,,,loanword_only
ⲁⲣⲭⲏⲅⲟⲥ,αρχηγοσ,,,loanword_only
ⲗⲉⲓⲧⲟⲩⲣⲅⲟⲥ,λειτουργοσ,,,loanword_only
ⲉⲣⲕⲗⲏⲣⲟⲛⲟⲙⲓⲛ,ερκληρονομιν,,,loanword_only
ⲥⲓⲗⲁⲥ,σιλασ,,,loanword_only
ⲉⲣⲑⲉⲁⲧⲣⲟⲛ,ερθεατρον,,,loanword_only
ⲙⲛⲧⲁⲙⲉⲗⲏⲥ,μνταμελησ,,,loanword_only
ⲱⲕⲉⲁⲛⲟⲥ,ωκεανοσ,,,loanword_only
ⲗⲓⲙⲛⲏ,λιμνη,,,loanword_only
ⲁⲅⲟⲣⲁ,αγορα,,,loanword_only
ⲃⲓⲃⲗⲟⲥ,βιβλοσ,,,loanword_only
ⲁⲕⲁⲕⲓⲟⲥ,ακακιοσ,,,loanword_only
ⲕⲉ,κε,,,loanword_only
ⲉⲗⲉⲫⲁⲛⲧⲓⲛⲟⲛ,ελεφαντινον,,,loanword_only
ⲉⲩⲭⲁⲣⲓⲥⲧⲟⲩ,ευχαριστου,,,loanword_only
ⲡⲓⲥⲧⲓⲥ,πιστισ,,,loanword_only
ⲟⲓⲕⲟⲛⲟⲙⲟⲥ,οικονομοσ,,,loanword_only
ⲫⲑⲟⲛⲉⲓ,φθονει,,,loanword_only
ⲁⲭⲁⲓⲁ,αχαια,,,loanword_only
ⲁⲣⲛⲁ,αρνα,,,loanword_only
ⲉⲓ,ει,,,loanword_only
ⲉⲓⲣⲏⲛⲓⲕⲟⲛ,ειρηνικον,,,loanword_only
ⲉⲛⲇⲩⲙⲁ,ενδυμα,,,loanword_only
ⲁⲅⲱⲣⲁ,αγωρα,,,loanword_only
ⲣⲡⲟⲗⲉⲙⲟⲥ,ρπολεμοσ,,,loanword_only
ⲕⲟⲗⲗⲁⲣⲓⲟⲛ,κολλαριον,,,loanword_only
ⲁⲭⲁⲓⲕⲟⲥ,αχαικοσ,,,loanword_only
ⲥⲩⲛⲁⲝⲓⲥ,συναξισ,,,loanword_only
ⲥⲭⲉⲇⲱⲛ,σχεδων,,,loanword_only
ⲃⲁⲑⲙⲟⲥ,βαθμοσ,,,loanword_only
ⲡⲣⲟⲥⲉⲭⲉ,προσεχε,,,loanword_only
ⲥⲧⲉⲫⲁⲛⲁ,στεφανα,,,loanword_only
ⲡⲉⲓⲑⲉ,πειθε,,,loanword_only
ⲡⲣⲟⲕⲟⲡⲧⲉ,προκοπτε,,,loanword_only
ⲙⲉⲧⲭⲣⲓⲥⲧⲟⲥ,μετχριστοσ,,,loanword_only
ⲉⲣⲃⲗⲁⲡⲧⲓⲛ,ερβλαπτιν,,,loanword_only
ⲓⲁⲥⲡⲓⲥ,ιασπισ,,,loanword_only
ⲇⲓⲛⲁ,δινα,,,loanword_only
ⲡⲣⲟⲡⲁⲧⲱⲣ,προπατωρ,,,loanword_only
ⲉⲅⲱ,εγω,,,loanword_only
ⲉⲣⲕⲗⲏⲣⲟⲛⲟⲙⲟⲥ,ερκληρονομοσ,,,loanword_only
ⲁⲓⲭⲙⲁⲗⲱⲥⲓⲁ,αιχμαλωσια,,,loanword_only
ⲥⲧⲓⲭⲟⲥ,στιχοσ,,,loanword_only
ⲁⲅⲅⲉⲗⲓⲕⲏ,αγγελικη,,,loanword_only
ⲁⲡⲁⲧⲏ,απατη,,,loanword_only
ⲙⲏⲡⲟⲧⲉ,μηποτε,,,loanword_only
ⲥⲩⲙⲃⲟⲩⲗⲉⲩⲉ,συμβουλευε,,,loanword_only
ⲭⲁⲣⲁⲕⲧⲏⲣ,χαρακτηρ,,,loanword_only
ⲙⲁⲕⲉⲇⲟⲛⲓⲁ,μακεδονια,,,loanword_only
ⲇⲓⲟⲓⲕⲏⲧⲏⲥ,διοικητησ,,,loanword_only
ⲡⲁⲣⲁⲫⲩⲥⲓⲥ,παραφυσισ,,,loanword_only
ⲙⲱⲅⲓⲥ,μωγισ,,,loanword_only
ⲁⲥⲡⲁⲥⲙⲟⲥ,ασπασμοσ,,,loanword_only
ⲡⲟⲗⲓⲧⲏⲥ,πολιτησ,,,loanword_only
ⲁⲅⲅⲉⲗⲓⲕⲟⲛ,αγγελικον,,,loanword_only
ⲑⲩⲙⲟⲥ,θυμοσ,,,loanword_only
ⲁⲡⲟⲥⲧⲟⲗⲓⲕⲟⲛ,αποστολικον,,,loanword_only
ⲇⲓⲁⲕⲟⲛⲟⲥ,διακονοσ,,,loanword_only
ⲭⲁⲗⲓⲛⲟⲩⲥ,χαλινουσ,,,loanword_only
ⲁⲕⲣⲟⲁⲧⲏⲥ,ακροατησ,,,loanword_only
ⲓⲛⲁ,ινα,,,loanword_only
ⲁⲛⲁⲡⲁⲩⲥⲓⲥ,αναπαυσισ,,,loanword_only
ⲟⲙⲟⲓⲱⲥ,ομοιωσ,,,loanword_only
ⲉⲗⲁⲙⲓⲧⲏⲥ,ελαμιτησ,,,loanword_only
ⲥⲟⲩⲇⲁⲣⲓⲟⲛ,σουδαριον,,,loanword_only
ⲕⲉⲣⲱⲛ,κερων,,,loanword_only
ⲙⲛⲧⲁⲡⲓⲥⲧⲟⲥ,μνταπιστοσ,,,loanword_only
ⲉⲡⲓⲥⲕⲟⲡⲟⲥ,επισκοποσ,,,loanword_only
ⲫⲩⲥⲓⲥ,φυσισ,,,loanword_only
ⲇⲓⲁⲇⲟⲭⲟⲥ,διαδοχοσ,,,loanword_only
ⲉⲡⲓⲑⲁⲛⲁⲧⲏⲥ,επιθανατησ,,,loanword_only
ⲕⲉⲗⲉⲩⲓⲛ,κελευιν,,,loanword_only
ⲱⲣⲓⲱⲛ,ωριων,,,loanword_only
ⲥⲩⲙⲫⲱⲛⲓⲁ,συμφωνια,,,loanword_only
ⲉⲝⲉⲧⲁⲍⲉ,εξεταζε,,,loanword_only
ⲥⲓⲛⲇⲱⲛⲓⲟⲛ,σινδωνιον,,,loanword_only
ⲇⲓⲱⲕⲉ,διωκε,,,loanword_only
ⲡⲟⲗⲉⲓⲧⲉⲓⲁ,πολειτεια,,,loanword_only
ⲡⲗⲁⲕⲏⲇⲁⲥ,πλακηδασ,,,loanword_only
ⲏⲣⲱⲇⲓⲁⲥ,ηρωδιασ,,,loanword_only
ⲟⲛⲛⲟⲫⲣⲓⲟⲥ,οννοφριοσ,,,loanword_only
ⲣⲁⲕⲣⲓⲃⲏⲥ,ρακριβησ,,,loanword_only
ⲇⲁⲡⲁⲛⲏ,δαπανη,,,loanword_only
ⲕⲁⲥⲧⲣⲟⲛ,καστρον,,,loanword_only
ⲁⲡⲉⲓⲗⲏ,απειλη,,,loanword_only
ⲁⲣⲏⲥ,αρησ,,,loanword_only
ⲕⲁⲧⲁⲅⲉⲓⲟⲛ,καταγειον,,,loanword_only
ⲣⲁⲅⲁⲑⲟⲥ,ραγαθοσ,,,loanword_only
ⲙⲉⲧⲫⲓⲗⲟⲥⲟⲫⲟⲥ,μετφιλοσοφοσ,,,loanword_only
ⲕⲟⲓⲛⲱⲛⲓⲁ,κοινωνια,,,loanword_only
ⲓⲟⲩⲗⲓⲟⲥ,ιουλιοσ,,,loanword_only
ⲁⲩⲝⲁⲛⲉ,αυξανε,,,loanword_only
ⲁⲡⲁⲣⲛⲁ,απαρνα,,,loanword_only
ⲕⲩⲣⲓⲁⲕⲟⲛ,κυριακον,,,loanword_only
ⲛⲁⲣⲇⲟⲥ,ναρδοσ,,,loanword_only
ⲁⲩⲧⲟⲩ,αυτου,,,loanword_only
ⲁⲛⲟⲙⲟⲛ,ανομον,,,loanword_only
ⲁⲛⲇⲣⲉⲁⲥ,ανδρεασ,,,loanword_only
ⲁⲛⲛⲱⲛⲛⲁ,αννωννα,,,loanword_only
ⲛⲟⲉⲓ,νοει,,,loanword_only
ⲁⲛⲁⲑⲉⲙⲁ,αναθεμα,,,loanword_only
ⲁⲛⲧⲓⲕⲉⲓⲙⲉⲛⲟⲥ,αντικειμενοσ,,,loanword_only
ⲡⲗⲏⲣⲱⲙⲁ,πληρωμα,,,loanword_only
ⲟⲣⲫⲁⲛⲟⲥ,ορφανοσ,,,loanword_only
ⲁⲓⲧⲉⲓ,αιτει,,,loanword_only
ⲙⲁⲕⲉⲗⲗⲟⲥ,μακελλοσ,,,loanword_only
ⲥⲩⲛⲍⲩⲅⲟⲥ,συνζυγοσ,,,loanword_only
ⲭⲁⲣⲓⲍⲉ,χαριζε,,,loanword_only
ⲧⲟⲩ,του,,,loanword_only
ⲡⲣⲟⲧⲣⲉⲡⲉ,προτρεπε,,,loanword_only
ⲡⲁⲣⲁⲕⲗⲏⲥⲓⲥ,παρακλησισ,,,loanword_only
ⲗⲉⲩⲕⲏ,λευκη,,,loanword_only
ⲉⲣⲙⲏⲧⲁⲣⲓⲟⲛ,ερμηταριον,,,loanword_only
ⲙⲛⲧⲕⲟⲥⲙⲓⲕⲟⲛ,μντκοσμικον,,,loanword_only
ⲃⲟⲏⲑⲓⲁ,βοηθια,,,loanword_only
ⲱⲇⲏ,ωδη,,,loanword_only
ⲉⲣⲡⲣⲟⲫⲏⲧⲉⲩⲓⲛ,ερπροφητευιν,,,loanword_only
ⲧⲣⲁⲓⲛⲟⲥ,τραινοσ,,,loanword_only
ⲉⲣⲁⲡⲟⲧⲁⲍⲉⲥⲑⲉ,εραποταζεσθε,,,loanword_only
ⲛⲁⲟⲥ,ναοσ,,,loanword_only
ⲡⲟⲣⲛⲉⲩⲉ,πορνευε,,,loanword_only
ⲟⲯⲱⲛⲓⲟⲛ,οψωνιον,,,loanword_only
ⲥⲕⲉⲩⲏ,σκευη,,,loanword_only
ⲡⲁⲣⲁⲇⲓⲥⲟⲥ,παραδισοσ,,,loanword_only
ⲡⲉⲣⲓⲭⲱⲣⲟⲥ,περιχωροσ,,,loanword_only
ⲕⲱⲥⲧⲁⲛⲧⲓⲛⲟⲩⲡⲟⲗⲓⲥ,κωσταντινουπολισ,,,loanword_only
ⲧⲁⲩⲣⲟⲥ,ταυροσ,,,loanword_only
ⲅⲣⲏⲅⲟⲣⲓⲟⲥ,γρηγοριοσ,,,loanword_only
ⲁⲗⲗⲟⲫⲩⲗⲟⲥ,αλλοφυλοσ,,,loanword_only
ⲇⲓⲕⲁⲓⲱⲥ,δικαιωσ,,,loanword_only
ⲭⲉⲓⲣⲟⲇⲟⲛⲉⲓ,χειροδονει,,,loanword_only
ⲉⲣⲕⲁⲧⲁⲭⲣⲁⲥⲑⲉ,ερκαταχρασθε,,,loanword_only
ⲕⲗⲏⲣⲟⲛⲟⲙⲉⲓ,κληρονομει,,,loanword_only
ⲟⲩⲟⲓ,ουοι,,,loanword_only
ⲇⲓⲁⲕⲣⲓⲛⲉ,διακρινε,,,loanword_only
ⲡⲁⲣⲁⲫⲩⲥⲓⲛ,παραφυσιν,,,loanword_only
ⲧⲁⲗⲉⲇⲱⲣⲟⲛ,ταλεδωρον,,,loanword_only
ⲁⲥⲕⲩⲥⲓⲥ,ασκυσισ,,,loanword_only
ⲍⲓⲍⲁⲛⲓⲟⲛ,ζιζανιον,,,loanword_only
ⲁⲗⲏⲑⲟⲥ,αληθοσ,,,loanword_only
ⲙⲛⲧⲁⲕⲣⲓⲃⲏⲥ,μντακριβησ,,,loanword_only
ⲗⲓⲙⲏⲛ,λιμην,,,loanword_only
ⲙⲉⲧⲁⲣⲭⲓⲧⲉⲕ,μεταρχιτεκ,,,loanword_only
ⲥⲧⲩⲗⲟⲥ,στυλοσ,,,loanword_only
ⲁⲡⲟⲣⲣⲟⲓⲁ,απορροια,,,loanword_only
ⲡⲁⲅⲁⲛⲟⲥ,παγανοσ,,,loanword_only
ⲡⲓⲥⲧⲟⲥ,πιστοσ,,,loanword_only
ⲙⲉⲛ,μεν,,,loanword_only
ⲉⲥⲧⲱ,εστω,,,loanword_only
ⲃⲁⲥⲓⲥ,βασισ,,,loanword_only
ⲡⲱⲥ,πωσ,,,loanword_only
ⲉⲩⲗⲟⲅⲓⲁ,ευλογια,,,loanword_only
ⲉⲡⲓⲧⲁⲥⲥⲉ,επιτασσε,,,loanword_only
ⲥⲫⲉⲛⲇⲟⲛⲏ,σφενδονη,,,loanword_only
ⲧⲣⲓⲃⲟⲩⲛⲟⲥ,τριβουνοσ,,,loanword_only
ⲁⲙⲉⲗⲓⲁ,αμελια,,,loanword_only
ⲑⲛⲉⲉⲣⲅⲁⲧⲏⲥ,θνεεργατησ,,,loanword_only
ⲇⲟⲕⲓⲙⲁⲍⲉ,δοκιμαζε,,,loanword_only
ⲙⲏⲣⲟⲥ,μηροσ,,,loanword_only
ⲡⲁⲣⲁⲇⲓⲅⲙⲁⲧⲓⲍⲉ,παραδιγματιζε,,,loanword_only
ⲇⲓⲕⲁⲓⲟⲥ,δικαιοσ,,,loanword_only
ⲙⲉⲥⲟⲡⲟⲧⲟⲙⲓⲁ,μεσοποτομια,,,loanword_only
ⲡⲁⲣⲁⲕⲗⲏⲧⲟⲥ,παρακλητοσ,,,loanword_only
ⲡⲗⲏⲛ,πλην,,,loanword_only
ⲙⲉⲧⲁⲃⲟⲗⲟⲥ,μεταβολοσ,,,loanword_only
ⲁⲕⲙⲏⲛ,ακμην,,,loanword_only
ⲟⲧⲓ,οτι,,,loanword_only
ⲕⲁⲗⲩⲙⲁ,καλυμα,,,loanword_only
ⲡⲁⲣⲁⲛⲟⲙⲟⲥ,παρανομοσ,,,loanword_only
ⲕⲁⲥⲓⲁ,κασια,,,loanword_only
ⲕⲁⲧⲁⲕⲗⲩⲥⲙⲟⲥ,κατακλυσμοσ,,,loanword_only
ⲁⲡⲟⲥⲧⲏⲑⲟⲥ,αποστηθοσ,,,loanword_only
ⲁⲇⲓⲕⲟⲛ,αδικον,,,loanword_only
ⲉⲡⲉⲧⲓⲙⲁ,επετιμα,,,loanword_only
ⲭⲁⲗⲓⲛⲟⲩ,χαλινου,,,loanword_only
ⲅⲛⲏⲥⲓⲟⲥ,γνησιοσ,,,loanword_only
ⲉⲣⲙⲁⲑⲏⲧⲏⲥ,ερμαθητησ,,,loanword_only
ⲥⲕⲉⲩⲟⲥ,σκευοσ,,,loanword_only
ⲥⲧⲏⲗⲏ,στηλη,,,loanword_only
ⲭⲁⲟⲥ,χαοσ,,,loanword_only
ⲅⲛⲱⲥⲓⲥ,γνωσισ,,,loanword_only
ⲥⲩⲛⲏⲇⲏⲥⲓⲥ,συνηδησισ,,,loanword_only
ⲉⲛⲉⲣⲅⲉⲓ,ενεργει,,,loanword_only
ⲕⲉⲫⲁⲗⲓⲥ,κεφαλισ,,,loanword_only
ⲧⲩⲭⲏ,τυχη,,,loanword_only
ⲉⲑⲟⲥ,εθοσ,,,loanword_only
ⲁⲙⲉⲗⲉⲓⲁ,αμελεια,,,loanword_only
ⲗⲓⲧⲟⲩⲣⲅⲓⲁ,λιτουργια,,,loanword_only
ⲗⲁⲙⲡⲉⲩⲉ,λαμπευε,,,loanword_only
ⲥⲓⲣⲟⲙⲁⲥⲧⲏⲥ,σιρομαστησ,,,loanword_only
ⲉⲣⲙⲏⲛⲓⲁ,ερμηνια,,,loanword_only
ⲡⲁⲗⲗⲁⲧⲓⲟⲛ,παλλατιον,,,loanword_only
ⲉⲣⲛⲏⲥⲧⲉⲩⲓⲛ,ερνηστευιν,,,loanword_only
ⲭⲟⲗⲏ,χολη,,,loanword_only
ⲥⲩⲙⲃⲟⲗⲏ,συμβολη,,,loanword_only
ⲉⲩⲅⲉⲛⲏⲥ,ευγενησ,,,loanword_only
ⲏⲣⲱⲇⲓⲁⲛⲟⲥ,ηρωδιανοσ,,,loanword_only
ⲁⲣⲭⲓⲙⲁⲛⲇⲣⲓⲧⲏⲥ,αρχιμανδριτησ,,,loanword_only
ⲭⲗⲟⲏ,χλοη,,,loanword_only
ⲡⲟⲣⲛⲓⲁ,πορνια,,,loanword_only
ⲉⲩⲁⲅⲅⲉⲗⲓⲍⲉ,ευαγγελιζε,,,loanword_only
ⲁⲛⲁⲭⲱⲣⲏⲥⲓⲥ,αναχωρησισ,,,loanword_only
ⲁⲡⲁⲝ,απαξ,,,loanword_only
ⲥⲡⲉⲣⲙⲁ,σπερμα,,,loanword_only
ⲇⲓⲕⲁⲓⲱⲙⲁ,δικαιωμα,,,loanword_only
ⲭⲣⲉⲓⲥⲧⲓⲁⲛⲟⲥ,χρειστιανοσ,,,loanword_only
ⲕⲩⲡⲣⲟⲥ,κυπροσ,,,loanword_only
ⲁⲡⲟⲕⲣⲓⲧⲏⲥ,αποκριτησ,,,loanword_only
ⲡⲟⲛⲏⲣⲓⲁ,πονηρια,,,loanword_only
ⲁⲛⲉⲭⲉ,ανεχε,,,loanword_only
ⲑⲏⲥⲁⲩⲣⲟⲥ,θησαυροσ,,,loanword_only
ⲁⲓⲧⲓⲁ,αιτια,,,loanword_only
ⲡⲣⲟⲃⲟⲗⲏ,προβολη,,,loanword_only
ⲛⲟⲙⲟⲥ,νομοσ,,,loanword_only
ⲁⲣⲓⲥⲧⲁ,αριστα,,,loanword_only
ⲥⲕⲩⲗⲙⲟⲥ,σκυλμοσ,,,loanword_only
ⲕⲁⲧⲁⲗⲁⲗⲓⲁ,καταλαλια,,,loanword_only
ⲥⲧⲁⲕⲧⲏ,στακτη,,,loanword_only
ⲉⲧⲓ,ετι,,,loanword_only
ⲁⲛⲁⲗⲏⲯⲓⲥ,αναληψισ,,,loanword_only
ⲉⲝⲁⲡⲓⲛⲁ,εξαπινα,,,loanword_only
ⲇⲟⲅⲙⲁ,δογμα,,,loanword_only
ⲁⲡⲟⲧⲁⲥⲥⲉ,αποτασσε,,,loanword_only
ⲥⲩⲅⲅⲉⲛⲏⲥ,συγγενησ,,,loanword_only
ⲙⲛⲧⲉⲗⲁⲭⲓⲥⲧⲟⲥ,μντελαχιστοσ,,,loanword_only
ⲇⲁⲗⲙⲁⲛⲟⲩⲑⲁ,δαλμανουθα,,,loanword_only
ⲁⲣⲭⲏⲉⲡⲓⲥⲕⲟⲡⲟⲥ,αρχηεπισκοποσ,,,loanword_only
ⲧⲉⲭⲛⲏⲧⲏⲥ,τεχνητησ,,,loanword_only
ⲯⲁⲗⲙⲟⲥ,ψαλμοσ,,,loanword_only
ⲭⲟⲣⲧⲟⲥ,χορτοσ,,,loanword_only
ⲡⲉⲛⲧⲏⲕⲟⲥⲧⲏ,πεντηκοστη,,,loanword_only
ⲯⲩⲭⲓⲕⲟⲛ,ψυχικον,,,loanword_only
ⲡⲁⲣⲁⲡⲗⲏⲝ,παραπληξ,,,loanword_only
ⲉⲣⲭⲁⲣⲓⲍⲉⲥⲑⲁⲓ,ερχαριζεσθαι,,,loanword_only
ⲇⲁⲛⲓⲥⲧⲏⲥ,δανιστησ,,,loanword_only
ⲉⲣⲉⲅⲕⲣⲁⲧⲉⲩⲉⲥⲑⲉ,ερεγκρατευεσθε,,,loanword_only
ⲙⲉⲥⲟⲩⲁⲫⲓ,μεσουαφι,,,loanword_only
ⲅⲉⲛⲉⲥⲓⲥ,γενεσισ,,,loanword_only
ⲃⲏⲥⲁⲣⲓⲟⲛ,βησαριον,,,loanword_only
ⲭⲁⲗⲁ,χαλα,,,loanword_only
ⲙⲛⲧⲁⲅⲁⲑⲟⲥ,μνταγαθοσ,,,loanword_only
ⲥⲭⲟⲗⲁⲥⲧⲓⲕⲏ,σχολαστικη,,,loanword_only
ⲫⲣⲁⲅⲙⲟⲥ,φραγμοσ,,,loanword_only
ⲉⲣⲛⲏⲥⲧⲉⲩⲉⲓⲛ,ερνηστευειν,,,loanword_only
ⲁⲛⲁⲥⲧⲁⲥⲓⲥ,αναστασισ,,,loanword_only
ⲕⲩⲡⲣⲓⲟⲥ,κυπριοσ,,,loanword_only
ⲱⲫⲉⲗⲓⲁ,ωφελια,,,loanword_only
ⲣⲇⲓⲁⲃⲟⲗⲟⲥ,ρδιαβολοσ,,,loanword_only
ⲙⲉⲣⲕⲟⲩⲣⲓⲟⲥ,μερκουριοσ,,,loanword_only
ⲇⲓⲁⲕⲣⲓⲥⲓⲥ,διακρισισ,,,loanword_only
ⲛⲧⲟⲟⲩ,ντοου,,,loanword_only
ⲉⲝⲱⲣⲓⲥⲧⲉⲓⲁ,εξωριστεια,,,loanword_only
ⲉⲡⲓⲑⲁⲛⲁⲧⲓⲟⲥ,επιθανατιοσ,,,loanword_only
ⲧⲁⲭⲁ,ταχα,,,loanword_only
ⲕⲁⲑⲟⲗⲓⲕⲟⲛ,καθολικον,,,loanword_only
ⲕⲟⲗⲩⲙⲃⲏⲑⲣⲁ,κολυμβηθρα,,,loanword_only
ⲥⲱⲧⲏⲣ,σωτηρ,,,loanword_only
ⲙⲟⲛⲁⲭⲏ,μοναχη,,,loanword_only
ⲥⲧⲩⲗⲏ,στυλη,,,loanword_only
ⲁⲥⲧⲓⲟⲥ,αστιοσ,,,loanword_only
ⲡⲣⲟⲥⲕⲩⲛⲉⲓ,προσκυνει,,,loanword_only
ⲡⲁⲣⲁⲥⲕⲉⲩⲏ,παρασκευη,,,loanword_only
ⲙⲟⲩⲛⲁⲭⲟⲥ,μουναχοσ,,,loanword_only
ⲭⲁⲣⲓⲥⲙⲁ,χαρισμα,,,loanword_only
ⲥⲩⲙⲁⲛⲉ,συμανε,,,loanword_only
ⲗⲉⲟⲩⲉⲓ,λεουει,,,loanword_only
ⲧⲟⲓ,τοι,,,loanword_only
ⲧⲉⲣⲉⲃⲓⲛⲑⲟⲥ,τερεβινθοσ,,,loanword_only
ⲙⲉⲧⲥⲉⲙⲛⲟⲥ,μετσεμνοσ,,,loanword_only
ⲥⲁⲑⲉⲣⲓ,σαθερι,,,loanword_only
ⲥⲩⲛⲭⲱⲣⲏⲥⲓⲥ,συνχωρησισ,,,loanword_only
ⲁⲥⲧⲉⲣⲓⲟⲥ,αστεριοσ,,,loanword_only
ⲕⲁⲡⲓⲥⲧⲓⲥ,καπιστισ,,,loanword_only
ⲕⲏⲣⲩⲥⲥⲉ,κηρυσσε,,,loanword_only
ⲡⲓⲥⲧⲓⲕⲏ,πιστικη,,,loanword_only
ⲙⲉⲧⲁⲡⲟⲥⲧⲟⲗⲟⲥ,μεταποστολοσ,,,loanword_only
ⲥⲭⲟⲗⲁⲥⲧⲓⲕⲟⲥ,σχολαστικοσ,,,loanword_only
ⲉⲭⲙⲁⲗⲱⲥⲓⲁ,εχμαλωσια,,,loanword_only
ⲕⲟⲗⲩⲃⲏⲑⲣⲁ,κολυβηθρα,,,loanword_only
ⲧⲣⲓⲁⲉ,τριαε,,,loanword_only
ⲭⲓⲙⲱⲛ,χιμων,,,loanword_only
ⲉⲣⲁⲡⲁⲛⲧⲁⲛ,εραπανταν,,,loanword_only
ⲥⲕⲁⲛⲇⲁⲗⲓⲍⲉ,σκανδαλιζε,,,loanword_only
ⲥⲩⲛⲕⲗⲏⲧⲟⲥ,συνκλητοσ,,,loanword_only
ⲃⲁⲥⲁⲛⲟⲥ,βασανοσ,,,loanword_only
ⲙⲏ,μη,,,loanword_only
ⲃⲁⲧⲟⲥ,βατοσ,,,loanword_only
ⲭⲣⲓⲁ,χρια,,,loanword_only
ⲁⲣⲓⲃⲟⲏⲑⲓⲛ,αριβοηθιν,,,loanword_only
ⲉⲣⲙⲉⲗⲓⲛ,ερμελιν,,,loanword_only
ⲅⲁⲍⲟⲫⲩⲗⲁⲕⲓⲟⲛ,γαζοφυλακιον,,,loanword_only
ⲕⲁⲧⲁⲣⲅⲉⲓ,καταργει,,,loanword_only
ⲁⲣⲓⲉⲧⲓⲛ,αριετιν,,,loanword_only
ⲁⲡⲟⲥⲧⲁⲧⲏⲥ,αποστατησ,,,loanword_only
ⲉⲣⲇⲟⲕⲓⲙⲁⲍⲓⲛ,ερδοκιμαζιν,,,loanword_only
ⲡⲣⲟⲉⲗⲑⲉ,προελθε,,,loanword_only
ⲉⲣⲕⲁⲧⲏⲅⲟⲣⲓⲛ,ερκατηγοριν,,,loanword_only
ⲉⲡⲓⲧⲓⲙⲓⲁ,επιτιμια,,,loanword_only
ⲉⲛⲉⲣⲅⲉⲓⲁ,ενεργεια,,,loanword_only
ⲡⲉⲣⲁ,περα,,,loanword_only
ⲁⲩⲧⲟⲅⲉⲛⲏⲥ,αυτογενησ,,,loanword_only
ⲟⲙⲟⲟⲩⲥⲓⲁ,ομοουσια,,,loanword_only
ⲛⲟⲙⲓⲕⲟⲥ,νομικοσ,,,loanword_only
ⲡⲟⲛⲏⲣⲟⲥ,πονηροσ,,,loanword_only
ⲇⲉⲩⲧⲉⲣⲟⲛⲟⲙⲓⲟⲛ,δευτερονομιον,,,loanword_only
ⲡⲁⲛⲟⲩⲣⲅⲟⲥ,πανουργοσ,,,loanword_only
ⲉⲓⲙⲏⲧⲓ,ειμητι,,,loanword_only
ⲥⲉⲙⲛⲟⲛ,σεμνον,,,loanword_only
ⲙⲛⲧⲡⲣⲟⲇⲟⲧⲏⲥ,μντπροδοτησ,,,loanword_only
ⲡⲗⲉⲟⲛⲉⲕⲧⲉ,πλεονεκτε,,,loanword_only
ⲉⲣⲕⲁⲩⲙⲁ,ερκαυμα,,,loanword_only
ⲡⲁⲣⲁⲗⲏⲙⲡⲧⲏⲥ,παραλημπτησ,,,loanword_only
ⲫⲁⲛⲉⲣⲱⲥ,φανερωσ,,,loanword_only
ⲡⲓⲗⲁⲧⲟⲥ,πιλατοσ,,,loanword_only
ⲙⲉⲧⲁⲧⲕⲁⲕⲓⲁ,μετατκακια,,,loanword_only
ⲡⲛⲟⲏ,πνοη,,,loanword_only
ⲉⲥⲩⲭⲁⲍⲉ,εσυχαζε,,,loanword_only
ⲥⲩⲙⲫⲟⲣⲁ,συμφορα,,,loanword_only
ⲅⲉⲣⲁⲥⲏⲛⲟⲥ,γερασηνοσ,,,loanword_only
ⲧⲁⲗⲉⲡⲱⲣⲓⲁ,ταλεπωρια,,,loanword_only
ⲟⲛⲟⲙⲁⲍⲉ,ονομαζε,,,loanword_only
ⲇⲓⲁⲕⲱⲛⲉⲓ,διακωνει,,,loanword_only
ⲭⲁⲣⲧⲏⲥ,χαρτησ,,,loanword_only
ⲡⲣⲟⲕⲟⲡⲧⲉⲓ,προκοπτει,,,loanword_only
ⲫⲩⲗⲁⲝ,φυλαξ,,,loanword_only
ⲙⲁⲕⲁⲣⲓⲥⲙⲟⲥ,μακαρισμοσ,,,loanword_only
ⲟⲣⲅⲏ,οργη,,,loanword_only
ⲧⲁⲣⲁⲭⲏ,ταραχη,,,loanword_only
ⲑⲉⲟⲇⲟⲣⲟⲥ,θεοδοροσ,,,loanword_only
ⲕⲗⲁⲥⲙⲁ,κλασμα,,,loanword_only
ⲥⲁⲣⲝ,σαρξ,,,loanword_only
ⲅⲣⲁⲙⲙⲁⲧⲓⲟⲛ,γραμματιον,,,loanword_only
ⲁⲗⲏⲑⲓⲛⲟⲥ,αληθινοσ,,,loanword_only
ⲡⲟⲗⲏⲧⲓⲁ,πολητια,,,loanword_only
ⲡⲁⲣⲁⲕⲁⲗⲉⲓ,παρακαλει,,,loanword_only
ⲯⲩⲫⲓⲥⲙⲁ,ψυφισμα,,,loanword_only
ⲉⲣⲅⲁⲥⲓⲁ,εργασια,,,loanword_only
ⲗⲉⲃⲏⲥ,λεβησ,,,loanword_only
ⲁⲣⲭⲏⲇⲓⲁⲕⲟⲛⲟⲥ,αρχηδιακονοσ,,,loanword_only
ⲧⲁⲅⲙⲁ,ταγμα,,,loanword_only
ⲙⲉⲧⲁⲛⲟⲙⲟⲥ,μετανομοσ,,,loanword_only
ⲁⲗⲏⲑⲓⲛⲟⲛ,αληθινον,,,loanword_only
ⲥⲁⲛⲇⲁⲗⲓⲟⲛ,σανδαλιον,,,loanword_only
ⲣⲭⲣⲓⲁ,ρχρια,,,loanword_only
ⲗⲁⲩⲣⲁ,λαυρα,,,loanword_only
ⲙⲛⲧⲕⲁⲑⲁⲣⲟⲥ,μντκαθαροσ,,,loanword_only
ⲕⲟⲥⲙⲉⲓ,κοσμει,,,loanword_only
ⲥⲧⲣⲁⲧⲏⲅⲟⲥ,στρατηγοσ,,,loanword_only
ⲅⲁⲓⲟⲥ,γαιοσ,,,loanword_only
ⲁⲑⲁⲛⲁⲧⲟⲥ,αθανατοσ,,,loanword_only
ⲁⲕⲁⲑⲁⲣⲥⲓⲁ,ακαθαρσια,,,loanword_only
ⲫⲩⲁⲗⲏ,φυαλη,,,loanword_only
ⲥⲩⲛⲧⲉⲗⲉⲓⲁ,συντελεια,,,loanword_only
ⲥⲱⲙⲁ,σωμα,,,loanword_only
ⲉⲝⲁⲡⲁⲧⲁ,εξαπατα,,,loanword_only
ⲗⲩⲕⲓⲁ,λυκια,,,loanword_only
ⲁⲣⲭⲓⲙⲁⲅⲓⲣⲟⲥ,αρχιμαγιροσ,,,loanword_only
ⲡⲣⲟⲥⲇⲟⲕⲓⲁ,προσδοκια,,,loanword_only
ⲕⲓⲑⲁⲣⲁ,κιθαρα,,,loanword_only
ⲁⲭⲁⲧⲏⲥ,αχατησ,,,loanword_only
ⲫⲩⲗⲏ,φυλη,,,loanword_only
ⲧⲁⲝⲓⲥ,ταξισ,,,loanword_only
ⲁⲣⲭⲱⲛ,αρχων,,,loanword_only
ⲉⲥⲭⲁⲣⲁ,εσχαρα,,,loanword_only
ⲭⲁⲓⲣⲉ,χαιρε,,,loanword_only
ⲡⲁⲣⲁⲃⲟⲗⲏ,παραβολη,,,loanword_only
ⲇⲏ,δη,,,loanword_only
ⲡⲗⲏⲣⲟⲫⲟⲣⲉⲓ,πληροφορει,,,loanword_only
ⲕⲁⲓ,και,,,loanword_only
ⲁⲡⲟⲧⲁⲅⲏ,αποταγη,,,loanword_only
ⲃⲁⲩⲕⲁⲗⲓⲟⲛ,βαυκαλιον,,,loanword_only
ⲧⲣⲩⲫⲁ,τρυφα,,,loanword_only
ⲍⲱⲅⲣⲁⲫⲉⲓ,ζωγραφει,,,loanword_only
ⲕⲏⲫⲁ,κηφα,,,loanword_only
ⲍⲏⲛⲱⲛ,ζηνων,,,loanword_only
ⲥⲧⲣⲁⲧⲉⲩⲙⲁ,στρατευμα,,,loanword_only
ⲕⲣⲓⲕⲟⲥ,κρικοσ,,,loanword_only
ⲭⲣⲟⲛⲟⲛ,χρονον,,,loanword_only
ⲙⲉⲥⲓⲧⲏⲥ,μεσιτησ,,,loanword_only
ⲉⲩⲅⲉ,ευγε,,,loanword_only
ⲝⲱⲣⲓⲍⲉ,ξωριζε,,,loanword_only
ⲣⲙⲛⲥⲁⲣⲝ,ρμνσαρξ,,,loanword_only
ⲁⲡⲉⲣⲁⲛⲧⲟⲛ,απεραντον,,,loanword_only
ⲑⲗⲓⲯⲓⲥ,θλιψισ,,,loanword_only
ⲝⲟⲩⲣ,ξουρ,,,loanword_only
ⲕⲗⲏⲣⲟⲛⲟⲙⲟⲥ,κληρονομοσ,,,loanword_only
ⲧⲉⲗⲱⲛⲏⲥ,τελωνησ,,,loanword_only
ⲉⲣⲡⲣⲟⲕⲟⲡⲧⲉⲓⲛ,ερπροκοπτειν,,,loanword_only
ⲥⲙⲁⲣⲁⲅⲇⲟⲥ,σμαραγδοσ,,,loanword_only
ⲭⲟⲣⲉⲩⲉ,χορευε,,,loanword_only
ⲕⲁⲛⲑⲁⲣⲟⲥ,κανθαροσ,,,loanword_only
ⲅⲣⲁⲫⲏ,γραφη,,,loanword_only
ⲡⲁⲛⲑⲏⲣ,πανθηρ,,,loanword_only
ⲙⲟⲣⲫⲏ,μορφη,,,loanword_only
ⲙⲛⲧⲙⲟⲛⲁⲭⲟⲥ,μντμοναχοσ,,,loanword_only
ⲕⲁⲛⲱⲛ,κανων,,,loanword_only
ⲧⲓⲙⲱⲣⲓⲁ,τιμωρια,,,loanword_only
ⲃⲁⲣⲃⲁⲣⲟⲥ,βαρβαροσ,,,loanword_only
ⲡⲁⲣⲁⲅⲅⲉⲗⲓⲁ,παραγγελια,,,loanword_only
ⲙⲉⲛⲧⲟⲓ,μεντοι,,,loanword_only
ⲡⲓⲥⲧⲩⲭⲟⲥ,πιστυχοσ,,,loanword_only
ⲡⲣⲟⲛⲟⲓⲁ,προνοια,,,loanword_only
ⲕⲓⲛⲇⲩⲛⲟⲥ,κινδυνοσ,,,loanword_only
ⲛⲉⲥⲧⲟⲣⲓⲟⲥ,νεστοριοσ,,,loanword_only
ⲉⲣⲇⲓⲁⲕⲱⲛ,ερδιακων,,,loanword_only
ⲥⲁⲣⲕⲓⲕⲱⲥ,σαρκικωσ,,,loanword_only
ⲫⲟⲓⲛⲓⲕⲏ,φοινικη,,,loanword_only
ⲙⲛⲧⲁⲣⲭⲓⲉⲣⲉⲩⲥ,μνταρχιερευσ,,,loanword_only
ⲡⲣⲟⲥⲫⲟⲣⲁ,προσφορα,,,loanword_only
ⲁⲧⲡⲁⲣⲁⲓⲧⲉⲓ,ατπαραιτει,,,loanword_only
ⲫⲱⲥⲧⲏⲣ,φωστηρ,,,loanword_only
ⲁⲡⲟⲗⲁⲩⲥⲓⲥ,απολαυσισ,,,loanword_only
ⲡⲣⲟⲃⲁⲗⲉ,προβαλε,,,loanword_only
