coptic_lemma,greek_form,count
ⲇⲉ,δε,10646
ⲅⲁⲣ,γαρ,3734
ⲁⲗⲗⲁ,αλλα,2602
ⲕⲁⲧⲁ,κατα,2410
ⲟⲩⲇⲉ,ουδε,1545
ⲯⲩⲭⲏ,ψυχη,1443
ⲭⲣⲓⲥⲧⲟⲥ,χριστοσ,1418
ⲗⲁⲟⲥ,λαοσ,1313
ⲹⲓⲛⲁ,ⲹινα,1225
ⲙⲩⲥⲧⲏⲣⲓⲟⲛ,μυστηριον,1141
ⲥⲱⲙⲁ,σωμα,1036
ⲕⲟⲥⲙⲟⲥ,κοσμοσ,877
ⲁⲣⲭⲱⲛ,αρχων,864
ⲡⲛⲉⲩⲙⲁ,πνευμα,811
ⲙⲏ,μη,800
ⲁⲅⲅⲉⲗⲟⲥ,αγγελοσ,787
ⲹⲉⲑⲛⲟⲥ,ⲹεθνοσ,756
ⲧⲟⲡⲟⲥ,τοποσ,749
ⲙⲁⲑⲏⲧⲏⲥ,μαθητησ,640
ⲹⲱⲥ,ⲹωσ,603
ⲡⲣⲟⲫⲏⲧⲏⲥ,προφητησ,576
ⲙⲉⲛ,μεν,527
ⲥⲁⲣⲝ,σαρξ,509
ⲧⲟⲧⲉ,τοτε,497
ⲛⲟⲙⲟⲥ,νομοσ,483
ⲥⲟⲫⲓⲁ,σοφια,468
ⲹⲁⲅⲓⲟⲥ,ⲹαγιοσ,450
ⲡⲟⲗⲓⲥ,πολισ,435
ⲥⲱⲧⲏⲣ,σωτηρ,420
ⲹⲱⲥⲧⲉ,ⲹωστε,366
ⲡⲓⲥⲧⲓⲥ,πιστισ,362
ⲁⲡⲟⲥⲧⲟⲗⲟⲥ,αποστολοσ,359
ⲉⲕⲕⲗⲏⲥⲓⲁ,εκκλησια,352
ⲥⲩⲛⲁⲅⲱⲅⲏ,συναγωγη,336
ⲁⲣⲭⲁⲅⲅⲉⲗⲟⲥ,αρχαγγελοσ,332
ⲁⲛⲟⲙⲓⲁ,ανομια,332
ⲁⲓⲱⲛ,αιων,332
ⲉⲓⲧⲉ,ειτε,328
ⲁⲅⲁⲡⲏ,αγαπη,323
ⲉⲛⲧⲟⲗⲏ,εντολη,310
ⲡⲩⲗⲏ,πυλη,282
ⲥⲕⲩⲛⲏ,σκυνη,279
ⲡⲉⲧⲣⲟⲥ,πετροσ,278
ⲇⲓⲁⲃⲟⲗⲟⲥ,διαβολοσ,275
ⲕⲁⲗⲱⲥ,καλωσ,267
ⲡⲁⲩⲗⲟⲥ,παυλοσ,261
ⲅⲣⲁⲫⲏ,γραφη,252
ⲉⲧⲓ,ετι,250
ⲇⲓⲁⲑⲏⲕⲏ,διαθηκη,246
ⲑⲏⲣⲓⲟⲛ,θηριον,246
ⲁⲅⲁⲑⲟⲛ,αγαθον,244
ⲡⲁⲣⲑⲉⲛⲟⲥ,παρθενοσ,235
ⲡⲓⲥⲧⲉⲩⲉ,πιστευε,233
ⲡⲣⲉⲥⲃⲩⲧⲉⲣⲟⲥ,πρεσβυτεροσ,231
ⲇⲓⲕⲁⲓⲟⲥ,δικαιοσ,230
ⲧⲁⲝⲓⲥ,ταξισ,230
ⲫⲩⲗⲏ,φυλη,229
ⲕⲁⲛ,καν,226
ⲁⲣⲭⲏ,αρχη,222
ⲭⲱⲣⲁ,χωρα,219
ⲑⲣⲟⲛⲟⲥ,θρονοσ,209
ⲙⲉⲧⲁⲛⲟⲓⲁ,μετανοια,208
ⲟⲩⲧⲉ,ουτε,207
ⲕⲗⲏⲣⲟⲛⲟⲙⲓⲁ,κληρονομια,206
ⲉⲩⲁⲅⲅⲉⲗⲓⲟⲛ,ευαγγελιον,205
ⲭⲁⲟⲥ,χαοσ,204
ⲹⲓⲣⲏⲛⲏ,ⲹιρηνη,203
ⲇⲁⲓⲙⲱⲛ,δαιμων,202
ⲅⲉⲛⲟⲥ,γενοσ,202
ⲙⲁⲕⲁⲣⲓⲟⲥ,μακαριοσ,202
ⲉⲓⲣⲏⲛⲏ,ειρηνη,200
ⲇⲱⲣⲟⲛ,δωρον,193
ⲡⲱⲥ,πωσ,193
ⲡⲗⲏⲛ,πλην,191
ⲉⲡⲉⲓⲇⲏ,επειδη,189
ⲃⲁⲃⲩⲗⲱⲛ,βαβυλων,188
ⲡⲟⲗⲉⲙⲟⲥ,πολεμοσ,187
ⲡⲁⲛⲧⲟⲕⲣⲁⲧⲱⲣ,παντοκρατωρ,184
ⲹⲉⲗⲡⲓⲥ,ⲹελπισ,183
ⲡⲁⲣⲁ,παρα,177
ⲡⲁⲗⲓⲛ,παλιν,177
ⲥⲕⲉⲩⲟⲥ,σκευοσ,175
ⲁⲥⲉⲃⲏⲥ,ασεβησ,168
ⲙⲟⲛⲁⲭⲟⲥ,μοναχοσ,167
ⲥⲧⲁⲩⲣⲟⲥ,σταυροσ,165
ⲙⲟⲛⲟⲛ,μονον,162
ⲉⲝⲟⲩⲥⲓⲁ,εξουσια,161
ⲕⲉⲗⲉⲩⲉ,κελευε,158
ⲙⲉⲗⲟⲥ,μελοσ,157
ⲁⲩⲗⲏ,αυλη,156
ⲙⲁⲗⲗⲟⲛ,μαλλον,155
ⲁⲣⲭⲓⲉⲣⲉⲩⲥ,αρχιερευσ,153
ⲇⲏⲙⲟⲥ,δημοσ,151
ⲉⲣⲕⲗⲏⲣⲟⲛⲟⲙⲓⲛ,ερκληρονομιν,149
ⲁⲅⲁⲑⲟⲥ,αγαθοσ,148
ⲡⲟⲣⲛⲉⲓⲁ,πορνεια,147
ⲟⲩⲛ,ουν,147
ⲡⲉⲧⲣⲁ,πετρα,147
ⲉⲡⲓⲥⲕⲟⲡⲟⲥ,επισκοποσ,146
ⲕⲟⲗⲁⲥⲓⲥ,κολασισ,145
ⲙⲉⲣⲟⲥ,μεροσ,144
ⲹⲟⲧⲁⲛ,ⲹοταν,144
ⲡⲁⲣⲁⲃⲟⲗⲏ,παραβολη,142
ⲃⲓⲟⲥ,βιοσ,141
ⲇⲓⲕⲁⲓⲟⲥⲩⲛⲏ,δικαιοσυνη,140
ⲹⲓⲕⲱⲛ,ⲹικων,139
ⲓⲧⲉ,ιτε,139
ⲹⲩⲗⲏ,ⲹυλη,138
ⲕⲁⲓ,και,136
ⲟⲩⲟⲓ,ουοι,135
ⲕⲁⲕⲓⲁ,κακια,134
ⲡⲁⲣⲁⲕⲁⲗⲉⲓ,παρακαλει,134
ⲁⲣⲉⲧⲏ,αρετη,134
ⲡⲁⲣⲉⲙⲃⲟⲗⲏ,παρεμβολη,131
ⲡⲟⲛⲏⲣⲟⲛ,πονηρον,129
ⲁⲛⲟⲙⲟⲥ,ανομοσ,129
ⲁⲣⲁ,αρα,128
ⲉⲡⲓⲑⲩⲙⲓⲁ,επιθυμια,127
ⲧⲣⲁⲡⲉⲍⲁ,τραπεζα,126
ⲉⲓⲙⲏⲧⲓ,ειμητι,126
ⲙⲁⲣⲧⲩⲣⲟⲥ,μαρτυροσ,126
ⲕⲁⲣⲡⲟⲥ,καρποσ,125
ⲗⲟⲓⲡⲟⲛ,λοιπον,124
ⲙⲉⲧⲁⲛⲟⲉⲓ,μετανοει,123
ⲁⲛⲁⲅⲕⲏ,αναγκη,122
ⲧⲩⲡⲟⲥ,τυποσ,120
ⲑⲩⲥⲓⲁ,θυσια,118
ⲇⲣⲁⲕⲱⲛ,δρακων,118
ⲛⲟⲉⲓ,νοει,117
ⲙⲁⲗⲓⲥⲧⲁ,μαλιστα,117
ⲕⲗⲏⲣⲟⲥ,κληροσ,115
ⲉⲣⲹⲉⲗⲡⲓⲥ,ερⲹελπισ,115
ⲙⲏⲡⲱⲥ,μηπωσ,114
ⲙⲏⲡⲟⲧⲉ,μηποτε,114
ⲭⲏⲣⲁ,χηρα,112
ⲕⲗⲏⲣⲟⲛⲟⲙⲉⲓ,κληρονομει,112
ⲹⲟⲧⲉ,ⲹοτε,112
ⲡⲁⲣⲁⲇⲓⲥⲟⲥ,παραδισοσ,110
ⲟⲣⲅⲏ,οργη,108
ⲡⲓⲥⲧⲟⲥ,πιστοσ,107
ⲭⲣⲏⲙⲁ,χρημα,107
ⲡⲣⲟⲥⲉⲩⲭⲏ,προσευχη,107
ⲕⲣⲓⲛⲉ,κρινε,106
ⲥⲫⲣⲁⲅⲓⲥ,σφραγισ,104
ⲭⲁⲣⲓⲍⲉ,χαριζε,103
ⲫⲟⲣⲉⲓ,φορει,103
ⲭⲱⲣⲓⲥ,χωρισ,102
ⲁⲣⲭⲉⲓ,αρχει,101
ⲑⲗⲓⲯⲓⲥ,θλιψισ,101
ⲅⲉⲛⲉⲁ,γενεα,100
ⲙⲟⲛⲁⲥⲧⲏⲣⲓⲟⲛ,μοναστηριον,100
ⲁⲡⲟⲧⲁⲥⲥⲉ,αποτασσε,99
ⲹⲟⲡⲱⲥ,ⲹοπωσ,99
ⲑⲁⲗⲁⲥⲥⲁ,θαλασσα,98
ⲉⲣⲉⲧⲓⲛ,ερετιν,98
ⲉⲡⲓⲥⲧⲟⲗⲏ,επιστολη,97
ⲕⲣⲓⲥⲓⲥ,κρισισ,97
ⲥⲭⲏⲙⲁ,σχημα,96
ⲡⲣⲟⲥⲫⲟⲣⲁ,προσφορα,96
ⲡⲛⲉⲩⲙⲁⲧⲓⲕⲟⲛ,πνευματικον,96
ⲗⲉⲩⲓⲧⲏⲥ,λευιτησ,94
ⲁⲗⲏⲑⲱⲥ,αληθωσ,93
ⲃⲟⲏⲑⲉⲓ,βοηθει,93
ⲁⲣⲭⲓⲉⲡⲓⲥⲕⲟⲡⲟⲥ,αρχιεπισκοποσ,93
ⲥⲧⲩⲗⲗⲟⲥ,στυλλοσ,92
ⲹⲏⲅⲉⲙⲱⲛ,ⲹηγεμων,92
ⲹⲩⲡⲟⲙⲟⲛⲏ,ⲹυπομονη,92
ⲁⲣⲭⲏⲉⲡⲓⲥⲕⲟⲡⲟⲥ,αρχηεπισκοποσ,91
ⲁⲓⲧⲉⲓ,αιτει,89
ⲉⲩⲫⲣⲁⲛⲉ,ευφρανε,88
ⲡⲣⲟⲃⲟⲗⲟⲟⲩⲉ,προβολοουε,88
ⲡⲓⲗⲁⲧⲟⲥ,πιλατοσ,87
ⲑⲏⲥⲁⲩⲣⲟⲥ,θησαυροσ,85
ⲹⲁⲣⲁ,ⲹαρα,84
ⲓⲇⲱⲗⲟⲛ,ιδωλον,83
ⲁⲡⲁⲣⲭⲏ,απαρχη,82
ⲟⲣⲫⲁⲛⲟⲥ,ορφανοσ,82
ⲁⲩⲑⲁⲇⲏⲥ,αυθαδησ,82
ⲁⲕⲁⲑⲁⲣⲧⲟⲛ,ακαθαρτον,81
ⲫⲩⲥⲓⲥ,φυσισ,81
ⲟⲓⲕⲟⲩⲙⲉⲛⲏ,οικουμενη,81
ⲁⲛⲁⲥⲧⲁⲥⲓⲥ,αναστασισ,80
ⲹⲟⲣⲁⲥⲓⲥ,ⲹορασισ,80
ⲹⲩⲙⲛⲉⲩⲉ,ⲹυμνευε,79
ⲗⲩⲡⲉⲓ,λυπει,79
ⲇⲁⲓⲙⲟⲛⲓⲟⲛ,δαιμονιον,78
ⲥⲧⲟⲗⲏ,στολη,78
ⲛⲑⲟⲥ,νθοσ,78
ⲣⲭⲣⲉⲓⲁ,ρχρεια,76
ⲡⲣⲟⲥ,προσ,76
ⲥⲟⲫⲟⲥ,σοφοσ,73
ⲹⲟⲥⲟⲛ,ⲹοσον,73
ⲑⲩⲥⲓⲁⲍⲉ,θυσιαζε,73
ⲕⲁⲧⲁⲡⲉⲧⲁⲥⲙⲁ,καταπετασμα,73
ⲡⲁⲑⲟⲥ,παθοσ,72
ⲃⲁⲥⲓⲥ,βασισ,72
ⲉⲣⲡⲣⲟⲫⲏⲧⲉⲩⲓⲛ,ερπροφητευιν,72
ⲁⲥⲥⲩⲣⲓⲟⲥ,ασσυριοσ,71
ⲥⲧⲣⲁⲧⲏⲗⲁⲧⲏⲥ,στρατηλατησ,71
ⲫⲓⲗⲓⲡⲡⲟⲥ,φιλιπποσ,71
ⲥⲧⲁⲩⲣⲟⲩ,σταυρου,70
ⲡⲁⲥⲭⲁ,πασχα,70
ⲫⲁⲣⲓⲥⲉⲟⲥ,φαρισεοσ,70
ⲁⲛⲧⲓⲙⲓⲙⲟⲛ,αντιμιμον,70
ⲭⲁⲣⲓⲥ,χαρισ,69
ⲭⲣⲓⲥⲧⲓⲁⲛⲟⲥ,χριστιανοσ,69
ⲡⲟⲛⲏⲣⲟⲥ,πονηροσ,68
ⲁⲇⲓⲕⲓⲁ,αδικια,68
ⲧⲓⲙⲏ,τιμη,67
ⲁⲥⲡⲁⲍⲉ,ασπαζε,67
ⲙⲉⲧⲁⲥⲉⲃⲏⲥ,μετασεβησ,67
ⲉⲩⲭⲏ,ευχη,67
ⲃⲟⲏⲑⲟⲥ,βοηθοσ,66
ⲃⲁⲥⲁⲛⲟⲥ,βασανοσ,66
ⲥⲫⲣⲁⲅⲓⲍⲉ,σφραγιζε,66
ⲙⲁⲅⲟⲥ,μαγοσ,66
ⲗⲁⲕⲕⲟⲥ,λακκοσ,66
ⲹⲱⲇⲏ,ⲹωδη,66
ⲡⲁⲣⲣⲏⲥⲓⲁ,παρρησια,65
ⲡⲁⲣⲁⲃⲁ,παραβα,65
ⲭⲣⲉⲓⲁ,χρεια,64
ⲹⲩⲙⲛⲟⲥ,ⲹυμνοσ,64
ⲹⲏⲇⲏ,ⲹηδη,64
ⲡⲁⲣⲁⲇⲓⲇⲟⲩ,παραδιδου,63
ⲧⲁⲙⲉⲓⲟⲛ,ταμειον,63
ⲥⲕⲏⲛⲏ,σκηνη,63
ⲃⲁⲣⲃⲁⲣⲟⲥ,βαρβαροσ,63
ⲹⲟⲡⲗⲟⲛ,ⲹοπλον,62
ⲗⲟⲅⲟⲥ,λογοσ,62
ⲛⲏⲥⲧⲉⲓⲁ,νηστεια,62
ⲭⲣⲟⲛⲟⲥ,χρονοσ,62
ⲡⲣⲟⲫⲏⲧⲉⲩⲉ,προφητευε,62
ⲟⲩⲕ,ουκ,61
ⲗⲩⲡⲏ,λυπη,61
ⲇⲁⲓⲙⲱⲛⲓⲟⲛ,δαιμωνιον,61
ⲹⲁⲡⲗⲱⲥ,ⲹαπλωσ,60
ⲍⲱⲟⲛ,ζωον,60
ⲡⲟⲛⲏⲣⲓⲁ,πονηρια,60
ⲹⲟⲗⲱⲥ,ⲹολωσ,59
ⲡⲟⲣⲛⲏ,πορνη,59
ⲡⲁⲧⲣⲓⲁⲣⲭⲏⲥ,πατριαρχησ,58
ⲹⲁⲣⲙⲁ,ⲹαρμα,58
ⲑⲗⲓⲃⲉ,θλιβε,58
ⲃⲁⲡⲧⲓⲍⲉ,βαπτιζε,58
ⲯⲁⲗⲙⲟⲥ,ψαλμοσ,58
ⲹⲓⲙⲁⲣⲙⲉⲛⲏ,ⲹιμαρμενη,58
ⲕⲣⲓⲧⲏⲥ,κριτησ,57
ⲁⲅⲱⲛ,αγων,57
ⲁⲛⲁⲭⲱⲣⲉⲓ,αναχωρει,57
ⲃⲏⲙⲁ,βημα,57
ⲹⲉⲱⲥ,ⲹεωσ,57
ⲧⲉⲗⲱⲛⲏⲥ,τελωνησ,56
ⲡⲣⲁⲝⲓⲥ,πραξισ,55
ⲗⲓⲃⲁⲛⲟⲥ,λιβανοσ,55
ⲡⲉⲓⲣⲁⲥⲙⲟⲥ,πειρασμοσ,54
ⲉⲡⲓⲕⲁⲗⲉⲓ,επικαλει,54
ⲉⲣⲡⲓⲣⲁⲍⲓⲛ,ερπιραζιν,54
ⲃⲟⲏⲑⲓⲁ,βοηθια,53
ⲏⲣⲱⲇⲏⲥ,ηρωδησ,53
ⲉⲣⲭⲣⲉⲓⲁ,ερχρεια,53
ⲁⲹⲟⲣⲁⲧⲟⲥ,αⲹορατοσ,53
ⲡⲁⲣⲁⲅⲉ,παραγε,52
ⲗⲩⲭⲛⲓⲁ,λυχνια,52
ⲧⲟⲗⲙⲁ,τολμα,51
ⲕⲁⲓⲣⲟⲥ,καιροσ,51
ⲉⲓⲇⲱⲗⲟⲛ,ειδωλον,51
ⲡⲉⲓⲑⲉ,πειθε,51
ⲡⲁⲣⲁⲗⲏⲙⲡⲧⲏⲥ,παραλημπτησ,51
ⲇⲓⲁⲕⲱⲛ,διακων,50
ⲁⲛⲉⲭⲉ,ανεχε,49
ⲥⲡⲟⲩⲇⲏ,σπουδη,49
ⲇⲱⲣⲉⲁ,δωρεα,49
ⲃⲁⲡⲧⲓⲥⲙⲁ,βαπτισμα,49
ⲹⲟⲙⲟⲗⲟⲅⲉⲓ,ⲹομολογει,49
ⲇⲩⲛⲁⲙⲓⲥ,δυναμισ,49
ⲹⲩⲁⲕⲓⲛⲑⲓⲛⲟⲛ,ⲹυακινθινον,49
ⲡⲟⲣⲛⲟⲥ,πορνοσ,48
ⲇⲓⲁⲕⲟⲛⲉⲓ,διακονει,48
ⲧⲁⲫⲟⲥ,ταφοσ,48
ⲹⲁⲡ,ⲹαπ,48
ⲕⲏⲣⲩⲥⲥⲉ,κηρυσσε,48
ⲉⲡⲓⲇⲏ,επιδη,48
ⲁⲙⲉⲗⲉⲓ,αμελει,47
ⲥⲡⲉⲣⲙⲁ,σπερμα,47
ⲥⲧⲣⲁⲧⲉⲩⲙⲁ,στρατευμα,47
ⲛⲏⲥⲧⲉⲩⲉ,νηστευε,47
ⲥⲁⲗⲡⲓⲅⲝ,σαλπιγξ,47
ⲙⲁⲣⲧⲏⲣⲓⲟⲛ,μαρτηριον,47
ⲁⲏⲣ,αηρ,46
ⲭⲁⲓⲣⲉ,χαιρε,46
ⲟⲓⲕⲟⲛⲟⲙⲓⲁ,οικονομια,46
ⲁⲡⲟⲗⲟⲅⲓⲁ,απολογια,46
ⲧⲩⲣⲟⲥ,τυροσ,46
ⲁⲣⲓⲑⲙⲟⲥ,αριθμοσ,46
ⲉⲣⲡⲟⲣⲛⲉⲩⲓⲛ,ερπορνευιν,46
ⲁⲣⲓⲥⲧⲟⲛ,αριστον,45
ⲟⲓⲕⲟⲛⲟⲙⲟⲥ,οικονομοσ,45
ⲁⲛⲁⲅⲕⲁⲍⲉ,αναγκαζε,45
ⲹⲩⲡⲁⲣⲭⲟⲛⲧⲁ,ⲹυπαρχοντα,45
ⲓⲧⲁ,ιτα,45
ⲉⲛⲇⲩⲙⲁ,ενδυμα,45
ⲡⲗⲁⲥⲙⲁ,πλασμα,44
ⲗⲉⲓⲧⲟⲩⲣⲅⲟⲥ,λειτουργοσ,44
ⲇⲓⲁⲕⲟⲛⲓⲁ,διακονια,44
ⲧⲣⲟⲫⲏ,τροφη,44
ⲁⲛⲇⲣⲉⲁⲥ,ανδρεασ,44
ⲕⲁⲧⲁⲫⲣⲟⲛⲉⲓ,καταφρονει,44
ⲹⲩⲡⲟⲙⲓⲛⲉ,ⲹυπομινε,44
ⲛⲏⲫⲉ,νηφε,44
ⲁⲅⲱⲛⲓⲍⲉ,αγωνιζε,44
ⲟⲩⲉⲓⲛⲓⲛ,ουεινιν,44
ⲉⲣⲁⲅⲁⲡⲁⲛ,εραγαπαν,43
ⲥⲩⲣⲓⲁ,συρια,42
ⲑⲩⲥⲓⲁⲥⲧⲏⲣⲓⲟⲛ,θυσιαστηριον,42
ⲑⲉⲱⲣⲉⲓ,θεωρει,42
ⲁⲗⲏⲑⲉⲓⲁ,αληθεια,42
ⲅⲣⲁⲙⲙⲁⲧⲉⲩⲥ,γραμματευσ,41
ⲁⲥⲕⲏⲥⲓⲥ,ασκησισ,41
ⲛⲏⲥⲟⲥ,νησοσ,41
ⲉⲣⲇⲟⲕⲓⲙⲁⲍⲓⲛ,ερδοκιμαζιν,41
ⲹⲉⲗⲗⲏⲛ,ⲹελλην,40
ⲡⲁⲛⲧⲱⲥ,παντωσ,40
ⲗⲁⲙⲡⲁⲥ,λαμπασ,40
ⲧⲩⲣⲁⲛⲛⲟⲥ,τυραννοσ,40
ⲙⲟⲣⲫⲏ,μορφη,40
ⲹⲟⲣⲟⲙⲁ,ⲹορομα,40
ⲙⲏⲧⲓ,μητι,40
ⲡⲁⲣⲁⲇⲟⲥⲓⲥ,παραδοσισ,40
ⲉⲩⲥⲧⲁⲑⲓⲟⲥ,ευσταθιοσ,40
ⲉⲓⲧⲁ,ειτα,39
ⲡⲗⲁⲝ,πλαξ,39
ⲡⲟⲗⲓⲧⲉⲓⲁ,πολιτεια,39
ⲁⲣⲛⲁ,αρνα,39
ⲉⲡⲓⲑⲩⲙⲉⲓ,επιθυμει,39
ⲥⲕⲁⲛⲇⲁⲗⲟⲛ,σκανδαλον,39
ⲉⲣⲥⲕⲁⲛⲇⲁⲗⲓⲍⲉⲥⲑⲉ,ερσκανδαλιζεσθε,39
ⲫⲩⲁⲗⲏ,φυαλη,39
ⲉⲩⲅⲉ,ευγε,39
ⲧⲣⲟⲭⲟⲥ,τροχοσ,38
ⲡⲁⲣⲁⲡⲧⲱⲙⲁ,παραπτωμα,38
ⲕⲉⲗⲉⲩⲥⲓⲥ,κελευσισ,37
ⲕⲟⲗⲁⲍⲉ,κολαζε,37
ⲛⲟⲩⲥ,νουσ,37
ⲭⲣⲓⲁ,χρια,37
ⲉⲣⲉⲡⲓⲧⲓⲙⲁⲛ,ερεπιτιμαν,37
ⲡⲗⲁⲛⲏ,πλανη,36
ⲁⲡⲓⲥⲧⲟⲥ,απιστοσ,36
ⲡⲁⲣⲁⲃⲁⲥⲓⲥ,παραβασισ,36
ⲹⲁⲡⲁⲝ,ⲹαπαξ,36
ⲧⲉⲗⲓⲟⲥ,τελιοσ,36
ⲉⲣⲏⲙⲟⲥ,ερημοσ,36
ⲡⲣⲟⲉⲗⲑⲉ,προελθε,36
ⲓⲛⲁ,ινα,36
ⲥⲩⲛⲁⲝⲓⲥ,συναξισ,35
ⲥⲩⲅⲅⲉⲛⲏⲥ,συγγενησ,35
ⲭⲓⲱⲛ,χιων,35
ⲥⲕⲩⲗⲗⲉⲓ,σκυλλει,35
ⲁⲡⲁⲛⲧⲁ,απαντα,35
ⲉⲣⲅⲁⲧⲏⲥ,εργατησ,35
ⲁⲡⲉⲓⲗⲏ,απειλη,35
ⲕⲁⲛⲱⲛ,κανων,35
ⲛⲏⲥⲧⲓⲁ,νηστια,35
ⲗⲟⲓⲙⲟⲥ,λοιμοσ,35
ⲉⲣⲙⲉⲧⲁⲛⲟⲓⲛ,ερμετανοιν,35
ⲉⲭⲙⲁⲗⲱⲥⲓⲁ,εχμαλωσια,35
ⲡⲗⲁⲥⲥⲉ,πλασσε,34
ⲡⲉⲓⲣⲁⲍⲉ,πειραζε,34
ⲁⲓⲥⲑⲁⲛⲉ,αισθανε,34
ⲕⲩⲣⲓⲁⲕⲏ,κυριακη,34
ⲕⲁⲑⲁⲣⲓⲍⲉ,καθαριζε,34
ⲹⲏⲇⲟⲛⲏ,ⲹηδονη,34
ⲡⲁⲣⲁⲛⲟⲙⲟⲥ,παρανομοσ,34
ⲡⲗⲁⲛⲁ,πλανα,33
ⲧⲣⲓⲁⲥ,τριασ,33
ⲹⲁⲗⲁⲥⲥⲁ,ⲹαλασσα,33
ⲉⲣⲁⲡⲁⲛⲧⲁⲛ,εραπανταν,33
ⲉⲣⲙⲉⲗⲉⲧⲁⲛ,ερμελεταν,33
ⲹⲩⲡⲟⲧⲁⲥⲥⲉ,ⲹυποτασσε,32
ⲁⲗⲗⲟⲫⲩⲗⲟⲥ,αλλοφυλοσ,32
ⲥⲓⲇⲱⲛ,σιδων,32
ⲁⲡⲟⲗⲗⲱ,απολλω,32
ⲁⲥⲕⲟⲥ,ασκοσ,32
ⲕⲩⲕⲗⲟⲥ,κυκλοσ,32
ⲇⲓⲕⲁⲓⲟⲛ,δικαιον,31
ⲇⲟⲕⲓⲙⲁⲍⲉ,δοκιμαζε,31
ⲥⲩⲛⲁⲅⲉ,συναγε,31
ⲥⲡⲟⲩⲇⲁⲍⲉ,σπουδαζε,31
ⲕⲁⲕⲱⲥ,κακωσ,31
ⲭⲓⲗⲓⲁⲣⲭⲟⲥ,χιλιαρχοσ,31
ⲁⲕⲁⲑⲁⲣⲥⲓⲁ,ακαθαρσια,31
ⲕⲁⲧⲁⲕⲗⲩⲥⲙⲟⲥ,κατακλυσμοσ,31
ⲥⲕⲁⲛⲇⲁⲗⲓⲍⲉ,σκανδαλιζε,31
ⲙⲟⲛⲏ,μονη,31
ⲧⲓⲙⲟⲑⲉⲟⲥ,τιμοθεοσ,31
ⲉⲣⲡⲣⲟⲥⲉⲩⲭⲉⲥⲑⲉ,ερπροσευχεσθε,31
ⲁⲣⲓⲡⲣⲟⲫⲏⲧⲉⲩⲓⲛ,αριπροφητευιν,31
ⲧⲁⲅⲙⲁ,ταγμα,30
ⲹⲩⲡⲟⲕⲣⲓⲥⲓⲥ,ⲹυποκρισισ,30
ⲡⲣⲟⲫⲏⲧⲓⲁ,προφητια,30
ⲑⲉⲣⲁⲡⲉⲩⲉ,θεραπευε,30
ⲃⲁⲥⲁⲛⲓⲍⲉ,βασανιζε,30
ⲇⲓⲱⲅⲙⲟⲥ,διωγμοσ,30
ⲅⲛⲱⲙⲏ,γνωμη,30
ⲇⲓⲡⲛⲟⲛ,διπνον,30
ⲁⲅⲟⲣⲁ,αγορα,30
ⲥⲁⲗⲡⲓⲅⲅⲟⲥ,σαλπιγγοσ,30
ⲧⲁⲗⲁⲓⲡⲱⲣⲟⲥ,ταλαιπωροσ,29
ⲗⲟⲅⲓⲥⲙⲟⲥ,λογισμοσ,29
ⲁⲡⲁⲧⲁ,απατα,29
ⲟⲛⲧⲱⲥ,οντωσ,29
ⲹⲣⲱⲙⲁⲓⲟⲥ,ⲹρωμαιοσ,29
ⲕⲗⲏⲣⲟⲛⲟⲙⲟⲥ,κληρονομοσ,29
ⲙⲁⲥⲧⲓⲅⲝ,μαστιγξ,29
ⲡⲟⲣⲛⲉⲩⲉ,πορνευε,29
ⲙⲁⲕⲉⲇⲟⲛⲓⲁ,μακεδονια,29
ⲹⲩⲅⲟⲩⲙⲉⲛⲟⲥ,ⲹυγουμενοσ,29
ⲕⲁⲧⲁⲗⲁⲗⲓⲁ,καταλαλια,28
ⲙⲛⲧⲁⲅⲁⲑⲟⲥ,μνταγαθοσ,28
ⲡⲩⲣⲅⲟⲥ,πυργοσ,28
ⲁⲡⲟⲗⲗⲱⲛ,απολλων,28
ⲓⲟⲩⲇⲁⲓ,ιουδαι,28
ⲫⲑⲟⲛⲟⲥ,φθονοσ,28
ⲕⲗⲏⲣⲓⲕⲟⲥ,κληρικοσ,28
ⲟⲩ,ου,27
ⲡⲣⲟⲹⲁⲓⲣⲉⲥⲓⲥ,προⲹαιρεσισ,27
ⲡⲉⲗⲁⲅⲟⲥ,πελαγοσ,27
ⲁⲕⲁⲑⲁⲣⲧⲟⲥ,ακαθαρτοσ,27
ⲕⲧⲏⲥⲓⲥ,κτησισ,27
ⲁⲛⲁⲡⲁⲩⲥⲓⲥ,αναπαυσισ,27
ⲉⲫⲉⲥⲟⲥ,εφεσοσ,27
ⲛⲟⲏⲙⲁ,νοημα,27
ⲁⲇⲁⲙⲁⲥ,αδαμασ,27
ⲥⲁⲑⲉⲣⲓ,σαθερι,27
ⲕⲟⲕⲕⲟⲥ,κοκκοσ,27
ⲁⲛⲧⲓⲗⲟⲅⲓⲁ,αντιλογια,27
ⲛⲟⲙⲓⲙⲟⲛ,νομιμον,27
ⲥⲩⲛⲧⲉⲗⲉⲓⲁ,συντελεια,26
ⲹⲁⲓⲣⲉⲧⲓⲕⲟⲥ,ⲹαιρετικοσ,26
ⲕⲓⲃⲱⲧⲟⲥ,κιβωτοσ,26
ⲡⲁⲗⲗⲁⲿⲟⲛ,παλλαⲿον,26
ⲁⲛⲁⲭⲱⲣⲏⲧⲏⲥ,αναχωρητησ,26
ⲁⲅⲣⲓⲟⲛ,αγριον,26
ⲙⲛⲧⲙⲟⲛⲁⲭⲟⲥ,μντμοναχοσ,26
ⲗⲏⲥⲧⲏⲥ,ληστησ,26
ⲉⲡⲓⲥⲕⲟⲡⲏ,επισκοπη,26
ⲥⲩⲅⲅⲉⲛⲓⲁ,συγγενια,26
ⲹⲩⲗⲓⲕⲟⲛ,ⲹυλικον,26
ⲅⲛⲟⲫⲟⲥ,γνοφοσ,26
ⲥⲧⲩⲗⲏ,στυλη,26
ⲉⲛⲉⲣⲅⲉⲓ,ενεργει,25
ⲙⲉⲣⲓⲥ,μερισ,25
ⲟⲩⲥⲓⲁ,ουσια,25
ⲕⲟⲥⲙⲉⲓ,κοσμει,25
ⲡⲁⲣⲟⲩⲥⲓⲁ,παρουσια,25
ⲁⲝⲓⲱⲙⲁ,αξιωμα,25
ⲕⲱⲗⲩ,κωλυ,25
ⲁⲥⲕⲏⲧⲏⲥ,ασκητησ,25
ⲹⲁⲗⲩⲥⲓⲥ,ⲹαλυσισ,25
ⲹⲉⲗⲡⲓⲍⲉ,ⲹελπιζε,25
ⲁⲣⲭⲉⲟⲥ,αρχεοσ,25
ⲕⲟⲓⲛⲱⲛⲓⲁ,κοινωνια,25
ⲇⲏⲙⲏⲧⲣⲓⲟⲥ,δημητριοσ,25
ⲅⲉ,γε,25
ⲁⲛⲁⲑⲉⲙⲁ,αναθεμα,25
ⲡⲗⲁⲧⲓⲁ,πλατια,25
ⲙⲟⲓⲣⲁ,μοιρα,25
ⲙⲟⲅⲓⲥ,μογισ,24
ⲡⲏⲅⲏ,πηγη,24
ⲡⲣⲁⲅⲙⲁⲧⲉⲩⲧⲏⲥ,πραγματευτησ,24
ⲉⲗⲁⲭⲓⲥⲧⲟⲥ,ελαχιστοσ,24
ⲁⲡⲟⲫⲁⲥⲓⲥ,αποφασισ,24
ⲁⲣⲭⲁⲓⲟⲥ,αρχαιοσ,24
ⲁⲩⲝⲁⲛⲉ,αυξανε,24
ⲡⲉⲣⲥⲓⲥ,περσισ,24
ⲕⲣⲓⲙⲁ,κριμα,24
ⲕⲁⲧⲁⲗⲁⲗⲉⲓ,καταλαλει,24
ⲹⲩⲡⲏⲣⲉⲧⲏⲥ,ⲹυπηρετησ,24
ⲙⲉⲧⲭⲣⲓⲥⲧⲟⲥ,μετχριστοσ,24
ⲁⲥⲓⲁ,ασια,24
ⲡⲁⲣⲁⲥⲧⲁⲧⲏⲥ,παραστατησ,24
ⲇⲩⲛⲁⲧⲟⲥ,δυνατοσ,23
ⲡⲁⲣⲹⲏⲥⲓⲁ,παρⲹησια,23
ⲕⲉⲫⲁⲗⲓⲥ,κεφαλισ,23
ⲹⲩⲡⲟⲙⲉⲓⲛⲉ,ⲹυπομεινε,23
ⲅⲁⲙⲟⲥ,γαμοσ,23
ⲡⲛⲉⲩⲙⲁⲧⲓⲕⲟⲥ,πνευματικοσ,23
ⲹⲣⲱⲙⲏ,ⲹρωμη,23
ⲥⲧⲉⲣⲉⲱⲙⲁ,στερεωμα,23
ⲉⲛⲟⲭⲟⲥ,ενοχοσ,23
ⲡⲉⲣⲓⲭⲱⲣⲟⲥ,περιχωροσ,23
ⲉⲅⲕⲱⲙⲓⲟⲛ,εγκωμιον,22
ⲡⲣⲉⲡⲉⲓ,πρεπει,22
ⲧⲉⲭⲛⲏ,τεχνη,22
ⲑⲏⲛ,θην,22
ⲁⲛⲁⲅⲕⲁⲓⲟⲛ,αναγκαιον,22
ⲛⲟⲓ,νοι,22
ⲉⲩⲫⲣⲟⲥⲩⲛⲏ,ευφροσυνη,22
ⲙⲉⲗⲉⲧⲏ,μελετη,22
ⲁⲣⲭⲓⲙⲁⲛⲇⲣⲓⲧⲏⲥ,αρχιμανδριτησ,22
ⲉⲡⲓⲧⲓⲙⲁ,επιτιμα,22
ⲉⲣⲧⲟⲗⲙⲁⲛ,ερτολμαν,22
ⲡⲁⲣⲁⲗⲏⲙⲡⲧⲱⲣ,παραλημπτωρ,22
ⲕⲁⲧⲉⲭⲉ,κατεχε,21
ⲡⲁⲣⲁⲇⲉⲓⲥⲟⲥ,παραδεισοσ,21
ⲉⲝⲉⲥⲧⲓ,εξεστι,21
ⲙⲉⲗⲉⲧⲁ,μελετα,21
ⲁⲡⲁⲧⲏ,απατη,21
ⲇⲟⲅⲙⲁ,δογμα,21
ⲙⲉⲧⲉⲩⲥⲉⲃⲏⲥ,μετευσεβησ,21
ⲕⲗⲏⲙⲁ,κλημα,21
ⲫⲱⲛⲏ,φωνη,20
ⲁⲣⲭⲏⲅⲟⲥ,αρχηγοσ,20
ⲭⲟⲣⲧⲟⲥ,χορτοσ,20
ⲑⲉⲟⲡⲓⲥⲧⲏ,θεοπιστη,20
ⲕⲁⲕⲉ,κακε,20
ⲙⲉⲥⲟⲡⲟⲧⲁⲙⲓⲁ,μεσοποταμια,20
ⲙⲁⲕⲁⲣⲓⲁ,μακαρια,20
ⲅⲉⲛⲏⲙⲁ,γενημα,20
ⲡⲗⲩⲅⲏ,πλυγη,20
ⲙⲁⲣⲧⲩⲣⲓⲁ,μαρτυρια,20
ⲹⲣⲱⲙⲁⲛⲟⲥ,ⲹρωμανοσ,20
ⲇⲓⲁⲕⲟⲛⲟⲥ,διακονοσ,20
ⲁⲛⲹⲁⲗⲓⲥⲕⲉ,ανⲹαλισκε,20
ⲙⲟⲛⲟⲅⲉⲛⲏⲥ,μονογενησ,20
ⲕⲁⲩⲙⲁ,καυμα,20
ⲉⲩⲥⲉⲃⲏⲥ,ευσεβησ,20
ⲁⲑⲁⲛⲁⲥⲓⲟⲥ,αθανασιοσ,20
ⲁⲛⲧⲓ,αντι,20
ⲃⲁⲡⲧⲓⲥⲧⲏⲥ,βαπτιστησ,20
ⲗⲉⲝⲓⲥ,λεξισ,20
ⲁⲗⲉⲕⲧⲱⲣ,αλεκτωρ,20
ⲁⲗⲗⲟⲅⲉⲛⲏⲥ,αλλογενησ,20
ⲥⲩⲛⲏⲑⲓⲁ,συνηθια,19
ⲥⲕⲉⲡⲁⲍⲉ,σκεπαζε,19
ⲕⲁⲑⲓⲥⲧⲁ,καθιστα,19
ⲇⲓⲱⲕⲉ,διωκε,19
ⲭⲣⲱ,χρω,19
ⲧⲉⲗⲉⲓⲟⲥ,τελειοσ,19
ⲁⲕⲧⲓⲛ,ακτιν,19
ⲹⲁⲗⲗⲁⲥⲁ,ⲹαλλασα,19
ⲡⲩⲗⲱⲛ,πυλων,19
ⲟⲧⲓ,οτι,19
ⲉⲣⲕⲁⲧⲏⲅⲟⲣⲓⲛ,ερκατηγοριν,19
ⲡⲗⲏⲣⲱⲙⲁ,πληρωμα,19
ⲃⲟⲏⲑⲉⲓⲁ,βοηθεια,18
ⲹⲟⲗⲟⲕⲟⲧⲧⲓⲛⲟⲥ,ⲹολοκοττινοσ,18
ⲫⲑⲟⲛⲉⲓ,φθονει,18
ⲹⲓⲕⲁⲛⲟⲥ,ⲹικανοσ,18
ⲕⲗⲁⲇⲟⲥ,κλαδοσ,18
ⲁⲡⲟⲗⲁⲩⲉ,απολαυε,18
ⲿⲕⲁⲣⲡⲟⲥ,ⲿκαρποσ,18
ⲭⲣⲏⲥⲿⲁⲛⲟⲥ,χρησⲿανοσ,18
ⲕⲩⲣⲟⲥ,κυροσ,18
ⲙⲱⲁⲃⲓⲧⲏⲥ,μωαβιτησ,18
ⲡⲟⲗⲉⲙⲉⲓ,πολεμει,18
ⲃⲁⲧⲟⲥ,βατοσ,18
ⲃⲉⲣⲉⲧⲁⲣⲓⲟⲥ,βερεταριοσ,18
ⲥⲫⲉⲣⲁ,σφερα,18
ⲻⲓⲙⲩⲥⲧⲏⲣⲓⲟⲛ,ⲻιμυστηριον,18
ⲡⲁⲣⲁⲃⲉⲛⲓⲛ,παραβενιν,18
ⲙⲛⲧⲁⲥⲉⲃⲏⲥ,μντασεβησ,17
ⲫⲁⲛⲧⲁⲥⲓⲁ,φαντασια,17
ⲕⲣⲟⲛⲟⲥ,κρονοσ,17
ⲡⲣⲟⲥⲧⲁⲧⲏⲥ,προστατησ,17
ⲁⲓⲧⲏⲙⲁ,αιτημα,17
ⲙⲁⲕⲁⲣⲓⲍⲉ,μακαριζε,17
ⲕⲁⲧⲁⲃⲟⲗⲏ,καταβολη,17
ⲕⲁⲥⲧⲣⲟⲛ,καστρον,17
ⲅⲉⲛⲛⲁⲓⲟⲥ,γενναιοσ,17
ⲹⲏⲣⲱⲇⲏⲥ,ⲹηρωδησ,17
ⲡⲁⲓⲇⲉⲩⲉ,παιδευε,17
ⲉⲩⲁⲅⲅⲉⲗⲓⲥⲧⲏⲥ,ευαγγελιστησ,17
ⲙⲁⲣⲧⲩⲣⲓⲟⲛ,μαρτυριον,17
ⲁⲧⲕⲁⲣⲡⲟⲥ,ατκαρποσ,17
ⲫⲁⲣⲓⲥⲥⲁⲓⲟⲥ,φαρισσαιοσ,17
ⲁⲛⲁⲕⲣⲓⲛⲉ,ανακρινε,17
ⲕⲟⲓⲛⲱⲛⲉⲓ,κοινωνει,17
ⲉⲡⲓⲥⲧⲏⲙⲏ,επιστημη,17
ⲅⲁⲓⲟⲥ,γαιοσ,17
ⲕⲱⲙⲏ,κωμη,17
ⲥⲁⲣⲕⲓⲕⲟⲥ,σαρκικοσ,17
ⲛⲟⲙⲟⲑⲉⲧⲏⲥ,νομοθετησ,17
ⲁⲥⲡⲁⲥⲙⲟⲥ,ασπασμοσ,17
ⲉⲣⲁⲛⲁⲭⲱⲣⲓⲛ,εραναχωριν,17
ⲹⲉⲣⲙⲏⲛⲉⲓⲁ,ⲹερμηνεια,17
ⲙⲉⲧⲁⲃⲟⲗⲏ,μεταβολη,17
ⲉⲣⲓⲛⲁⲓⲟⲥ,εριναιοσ,17
ⲕⲁⲗⲩⲙⲙⲁ,καλυμμα,17
ⲧⲁⲗⲉⲡⲱⲣⲓⲁ,ταλεπωρια,17
ⲉⲩⲁⲅⲣⲓ,ευαγρι,17
ⲕⲁⲡⲛⲟⲥ,καπνοσ,16
ⲇⲟⲕⲓⲙⲏ,δοκιμη,16
ⲥⲧⲉⲫⲁⲛⲟⲥ,στεφανοσ,16
ⲕⲓⲛⲇⲩⲛⲟⲥ,κινδυνοσ,16
ⲥⲁⲣⲕⲓⲕⲟⲛ,σαρκικον,16
ⲛⲁⲩⲕⲗⲏⲣⲟⲥ,ναυκληροσ,16
ⲉⲡⲁⲣⲭⲟⲥ,επαρχοσ,16
ⲭⲁⲣⲓⲥⲙⲁ,χαρισμα,16
ⲇⲉⲓⲡⲛⲟⲛ,δειπνον,16
ⲁⲅⲉⲗⲏ,αγελη,16
ⲧⲉⲭⲛⲓⲧⲏⲥ,τεχνιτησ,16
ⲣⲙⲟⲛⲁⲭⲟⲥ,ρμοναχοσ,16
ⲏⲇⲏ,ηδη,16
ⲟⲣⲅⲁⲛⲟⲛ,οργανον,16
ⲡⲁⲣⲑⲉⲛⲓⲁ,παρθενια,16
ⲁⲓⲧⲓⲁ,αιτια,16
ⲁⲣⲭⲏⲙⲁⲛⲇⲣⲓⲧⲏⲥ,αρχημανδριτησ,16
ⲉⲑⲛⲟⲥ,εθνοσ,16
ⲉⲣⲥⲉⲃⲉⲥⲑⲉ,ερσεβεσθε,16
ⲹⲏⲅⲟⲩⲙⲉⲛⲟⲥ,ⲹηγουμενοσ,16
ⲁⲣⲭⲏⲥⲩⲛⲁⲅⲱⲅⲟⲥ,αρχησυναγωγοσ,16
ⲧⲓⲙⲱⲣⲉⲓ,τιμωρει,16
ⲹⲟⲣⲁⲙⲁ,ⲹοραμα,16
ⲯⲁⲗⲧⲏⲣⲓⲟⲛ,ψαλτηριον,16
ⲕⲉⲣⲁⲙⲉⲩⲥ,κεραμευσ,16
ⲡⲣⲟⲃⲁⲗⲉ,προβαλε,16
ⲉⲣⲙⲁⲥⲧⲓⲅⲅⲟⲓⲛ,ερμαστιγγοιν,16
ⲇⲓⲁⲕⲱⲛⲉⲓ,διακωνει,15
ⲁⲣⲭⲓⲥⲧⲣⲁⲧⲏⲅⲟⲥ,αρχιστρατηγοσ,15
ⲭⲉⲣⲟⲩⲃⲓⲛ,χερουβιν,15
ⲁⲓⲭⲙⲁⲗⲱⲥⲓⲁ,αιχμαλωσια,15
ⲇⲏⲙⲓⲟⲩⲣⲅⲟⲥ,δημιουργοσ,15
ⲥⲩⲛⲏⲑⲉⲓⲁ,συνηθεια,15
ⲡⲩⲅⲏ,πυγη,15
ⲹⲟⲙⲟⲓⲱⲥ,ⲹομοιωσ,15
ⲭⲁⲣⲧⲏⲥ,χαρτησ,15
ⲹⲁⲣⲡⲁⲍⲉ,ⲹαρπαζε,15
ⲥⲩⲛⲧⲉⲗⲓⲁ,συντελια,15
ⲁⲓⲥⲑⲏⲥⲓⲥ,αισθησισ,15
ⲧⲁⲭⲁ,ταχα,15
ⲁⲛⲁⲧⲟⲗⲏ,ανατολη,15
ⲕⲏⲧⲟⲥ,κητοσ,15
ⲕⲣⲓⲕⲟⲥ,κρικοσ,15
ⲕⲟⲓⲛⲱⲛⲟⲥ,κοινωνοσ,15
ⲕⲁⲑⲉⲇⲣⲁ,καθεδρα,15
ⲥⲧⲟⲓⲭⲓⲟⲛ,στοιχιον,15
ⲻⲓⲃⲁⲡⲧⲓⲥⲙⲁ,ⲻιβαπτισμα,15
ⲉⲗⲁⲭⲓⲥⲧⲟⲛ,ελαχιστον,15
ⲯⲏⲫⲟⲥ,ψηφοσ,15
ⲹⲩⲡⲟⲧⲁⲅⲏ,ⲹυποταγη,15
ⲇⲣⲟⲙⲟⲥ,δρομοσ,15
ⲫⲁⲣⲓⲥⲁⲓⲟⲥ,φαρισαιοσ,15
ⲉⲣⲁⲥⲡⲁⲍⲉⲥⲑⲉ,ερασπαζεσθε,15
ⲟⲩⲭⲓ,ουχι,15
ⲕⲁⲩⲥⲱⲛ,καυσων,15
ⲫⲩⲗⲁⲝ,φυλαξ,15
ⲁⲛⲁⲃⲁⲑⲙⲟⲥ,αναβαθμοσ,15
ⲡⲁⲧⲁⲥⲥⲉⲓ,πατασσει,14
ⲙⲛⲧⲙⲁⲣⲧⲩⲣⲟⲥ,μντμαρτυροσ,14
ⲉⲛⲱⲭⲗⲉⲓ,ενωχλει,14
ⲡⲣⲉⲥⲃⲉⲩⲧⲏⲥ,πρεσβευτησ,14
ⲁⲣⲭⲉⲥⲑⲁⲓ,αρχεσθαι,14
ⲹⲟⲙⲟⲟⲩⲥⲓⲟⲛ,ⲹομοουσιον,14
ⲡⲣⲟⲥⲧⲁⲅⲙⲁ,προσταγμα,14
ⲥⲩⲛⲹⲉⲇⲣⲓⲟⲛ,συνⲹεδριον,14
ⲹⲏⲡⲁⲣ,ⲹηπαρ,14
ⲥⲧⲁⲇⲓⲟⲛ,σταδιον,14
ⲕⲁⲧⲟⲣⲑⲟⲩ,κατορθου,14
ⲿⲗⲟⲅⲟⲥ,ⲿλογοσ,14
ⲑⲉⲟⲗⲟⲅⲟⲥ,θεολογοσ,14
ⲗⲟⲅⲭⲏ,λογχη,14
ⲁⲡⲟⲣⲉⲓ,απορει,14
ⲕⲟⲡⲣⲓⲁ,κοπρια,14
ⲉⲣⲧⲓⲙⲁⲛ,ερτιμαν,14
ⲥⲕⲟⲡⲟⲥ,σκοποσ,14
ⲁⲅⲁⲡⲏⲧⲟⲥ,αγαπητοσ,14
ⲗⲁⲍⲁⲣⲟⲥ,λαζαροσ,14
ⲧⲣⲓⲇⲩⲛⲁⲙⲟⲥ,τριδυναμοσ,14
ⲙⲛⲧⲉⲩⲥⲉⲃⲏⲥ,μντευσεβησ,13
ⲥⲧⲉⲫⲁⲛⲟⲩ,στεφανου,13
ⲥⲧⲟⲗⲓⲍⲉ,στολιζε,13
ⲡⲁⲣⲹⲓⲥⲧⲁ,παρⲹιστα,13
ⲥⲕⲉⲩⲏ,σκευη,13
ⲹⲟⲙⲟⲗⲟⲅⲓⲁ,ⲹομολογια,13
ⲑⲩⲣⲓⲟⲛ,θυριον,13
ⲕⲏⲡⲟⲥ,κηποσ,13
ⲕⲁⲑⲟⲗⲓⲕⲏ,καθολικη,13
ⲑⲉⲁⲧⲣⲟⲛ,θεατρον,13
ⲁⲥⲑⲉⲛⲏⲥ,ασθενησ,13
ⲙⲁⲣⲅⲁⲣⲓⲧⲏⲥ,μαργαριτησ,13
ⲕⲁⲧⲟⲣⲑⲱⲙⲁ,κατορθωμα,13
ⲉⲣⲁⲅⲱⲛⲓⲍⲉⲥⲑⲉ,εραγωνιζεσθε,13
ⲉⲩⲕⲉⲣⲓⲁ,ευκερια,13
ⲃⲏⲑⲁⲛⲓⲁ,βηθανια,13
ⲥⲓⲗⲁⲥ,σιλασ,13
ⲉⲡⲓ,επι,13
ⲁⲡⲟⲣⲣⲟⲓⲁ,απορροια,13
ⲍⲉⲩⲥ,ζευσ,13
ⲧⲉⲗⲟⲥ,τελοσ,13
ⲥⲧⲣⲁⲧⲓⲁ,στρατια,12
ⲕⲉⲗⲉⲃⲓⲛ,κελεβιν,12
ⲕⲁⲗⲉⲓ,καλει,12
ⲭⲁⲗⲕⲓⲟⲛ,χαλκιον,12
ⲻⲓⲥⲁⲣⲝ,ⲻισαρξ,12
ⲉⲡⲉⲓ,επει,12
ⲕⲟⲓⲧⲱⲛ,κοιτων,12
ⲉⲓⲇⲟⲥ,ειδοσ,12
ⲇⲓⲁⲧⲁⲅⲙⲁ,διαταγμα,12
ⲡⲁⲧⲁⲥⲥⲉ,πατασσε,12
ⲁⲑⲉⲧⲉⲓ,αθετει,12
ⲕⲓⲛⲇⲩⲛⲉⲩⲉ,κινδυνευε,12
ⲡⲟⲗⲓⲧⲉⲩⲉ,πολιτευε,12
ⲥⲡⲏⲗⲁⲓⲟⲛ,σπηλαιον,12
ⲡⲁⲣⲇⲁⲗⲓⲥ,παρδαλισ,12
ⲣⲉⲵⲳⲙⲳⲉⲉⲓⲇⲱⲗⲟⲛ,ρεⲵⲳμⲳεειδωλον,12
ⲉⲛⲉⲣⲅⲉⲓⲁ,ενεργεια,12
ⲕⲟⲥⲙⲏⲥⲓⲥ,κοσμησισ,12
ⲁⲛⲧⲱⲛⲓⲟⲥ,αντωνιοσ,12
ⲙⲛⲧⲁⲙⲉⲗⲏⲥ,μνταμελησ,12
ⲇⲓⲕⲁⲓⲱⲙⲁ,δικαιωμα,12
ⲙⲛⲧⲧⲉⲗⲓⲟⲥ,μνττελιοσ,12
ⲡⲏⲣⲁ,πηρα,12
ⲕⲁⲧⲁⲅⲉⲓⲟⲛ,καταγειον,12
ⲕⲟⲣⲓⲛⲑⲟⲥ,κορινθοσ,12
ⲫⲟⲓⲛⲓⲕⲏ,φοινικη,12
ⲕⲱⲗⲩⲉ,κωλυε,12
ⲡⲗⲏⲅⲏ,πληγη,12
ⲅⲁⲍⲟⲫⲩⲗⲁⲕⲓⲟⲛ,γαζοφυλακιον,12
ⲥⲧⲩⲗⲟⲥ,στυλοσ,12
ⲁⲣⲓⲃⲟⲏⲑⲓⲛ,αριβοηθιν,12
ⲡⲟⲣⲛⲓⲁ,πορνια,12
ⲹⲩⲡⲉⲣⲉⲧⲏⲥ,ⲹυπερετησ,12
ⲉⲣⲇⲓⲁⲕⲣⲓⲛⲓⲛ,ερδιακρινιν,12
ⲉⲣⲕⲁⲧⲁⲫⲣⲟⲛⲓⲛ,ερκαταφρονιν,12
ⲥⲩⲛⲉⲓⲇⲏⲥⲓⲥ,συνειδησισ,12
ⲉⲣⲁⲑⲉⲧⲓⲛ,εραθετιν,12
ⲉⲣⲭⲣⲁⲥⲑⲉ,ερχρασθε,12
ⲅⲉⲱⲣⲅⲓⲟⲥ,γεωργιοσ,12
ⲁⲭⲁⲓⲁ,αχαια,12
ⲹⲩⲇⲣⲓⲁ,ⲹυδρια,12
ⲁⲥⲫⲁⲗⲓⲁ,ασφαλια,12
ⲁⲩⲑⲉⲛⲧⲏⲥ,αυθεντησ,12
ⲅⲛⲱⲥⲓⲥ,γνωσισ,12
ⲁⲡⲟⲧⲉⲗⲉⲥⲙⲁ,αποτελεσμα,12
ⲕⲟⲗⲩⲙⲃⲏⲑⲣⲁ,κολυμβηθρα,12
ⲅⲁⲍⲁ,γαζα,12
ⲡⲁⲣⲁⲥⲧⲁⲥ,παραστασ,12
ⲁⲡⲟⲗⲟⲅⲓⲍⲉ,απολογιζε,11
ⲕⲁⲧⲏⲅⲟⲣⲟⲥ,κατηγοροσ,11
ⲁⲅⲅⲉⲗⲓⲕⲟⲛ,αγγελικον,11
ⲥⲕⲁⲫⲟⲥ,σκαφοσ,11
ⲡⲗⲁⲛⲟⲥ,πλανοσ,11
ⲥⲱⲧⲏⲣⲓⲁ,σωτηρια,11
ⲧⲁⲭⲩ,ταχυ,11
ⲁⲅⲓⲟⲛ,αγιον,11
ⲧⲟⲗⲙⲏⲣⲓⲁ,τολμηρια,11
ⲉⲩⲅⲉⲛⲏⲥ,ευγενησ,11
ⲹⲉⲃⲇⲟⲙⲁⲥ,ⲹεβδομασ,11
ⲥⲕⲉⲡⲏ,σκεπη,11
ⲹⲉⲗⲟⲥ,ⲹελοσ,11
ⲹⲩⲡⲟⲥⲧⲁⲥⲓⲥ,ⲹυποστασισ,11
ⲭⲣⲏⲥⲧⲟⲥ,χρηστοσ,11
ⲛⲩⲙⲫⲓⲟⲥ,νυμφιοσ,11
ⲙⲛⲧⲁⲡⲓⲥⲧⲟⲥ,μνταπιστοσ,11
ⲁⲗⲉⲝⲁⲛⲇⲣⲟⲥ,αλεξανδροσ,11
ⲥⲧⲉⲫⲁⲛⲁ,στεφανα,11
ⲡⲣⲟⲑⲉⲥⲓⲥ,προθεσισ,11
ⲿⲹⲁⲡ,ⲿⲹαπ,11
ⲧⲁⲗⲁⲓⲡⲱⲣⲓⲁ,ταλαιπωρια,11
ⲯⲩⲭⲓⲕⲟⲛ,ψυχικον,11
ⲇⲓⲁⲯⲁⲗⲙⲁ,διαψαλμα,11
ⲉⲝⲁⲡⲓⲛⲁ,εξαπινα,11
ⲉⲣⲁⲛⲉⲭⲉⲥⲑⲉ,ερανεχεσθε,11
ⲹⲉⲣⲉⲥⲓⲥ,ⲹερεσισ,11
ⲕⲏⲫⲁ,κηφα,11
ⲏⲣⲱⲇⲓⲁⲥ,ηρωδιασ,11
ⲁⲣⲓⲉⲧⲓⲛ,αριετιν,11
ⲃⲓⲛⲁⲻ,βιναⲻ,11
ⲉⲣⲙⲟⲛⲁⲭⲟⲥ,ερμοναχοσ,11
ⲥⲏⲙⲁⲛⲉ,σημανε,11
ⲧⲣⲓⲇⲩⲛⲁⲙⲓⲥ,τριδυναμισ,11
ⲥⲩⲛⲍⲩⲅⲟⲥ,συνζυγοσ,11
ⲥⲁⲙⲁⲣⲓⲧⲏⲥ,σαμαριτησ,11
ⲥⲫⲁⲓⲣⲁ,σφαιρα,11
ⲙⲓⲧⲣⲁ,μιτρα,11
ⲯⲉⲩⲇⲟⲡⲣⲟⲫⲏⲧⲏⲥ,ψευδοπροφητησ,11
ⲙⲁⲅⲓⲁ,μαγια,10
ⲕⲩⲣⲓⲟⲥ,κυριοσ,10
ⲧⲁⲥⲥⲉ,τασσε,10
ⲭⲁⲙⲱⲥ,χαμωσ,10
ⲧⲁⲭⲏ,ταχη,10
ⲁⲣⲧⲉⲙⲓⲥ,αρτεμισ,10
ⲃⲁⲥⲓⲗⲉⲓⲧⲏⲥ,βασιλειτησ,10
ⲕⲣⲁⲧⲟⲥ,κρατοσ,10
ⲡⲁⲛⲹⲟⲡⲗⲓⲁ,πανⲹοπλια,10
ⲙⲛⲧⲣⲉⲵⲳⲙⲳⲉⲉⲓⲇⲱⲗⲟⲛ,μντρεⲵⲳμⲳεειδωλον,10
ⲟⲓⲕⲟⲛⲟⲙⲉⲓ,οικονομει,10
ⲫⲱⲥⲧⲏⲣ,φωστηρ,10
ⲛⲧⲟⲗⲏ,ντολη,10
ⲹⲩⲡⲟⲕⲣⲓⲛⲉ,ⲹυποκρινε,10
ⲁⲣⲉⲥⲕⲉ,αρεσκε,10
ⲹⲁⲓⲣⲉⲥⲓⲥ,ⲹαιρεσισ,10
ⲥⲁⲛⲇⲁⲗⲓⲟⲛ,σανδαλιον,10
ⲡⲉⲣⲓⲍⲱⲙⲁ,περιζωμα,10
ⲃⲁⲣⲟⲥ,βαροσ,10
ⲧⲓⲙⲱⲣⲓⲁ,τιμωρια,10
ⲯⲁⲗⲗⲉⲓ,ψαλλει,10
ⲭⲟⲣⲟⲥ,χοροσ,10
ⲕⲣⲁⲛⲓⲟⲛ,κρανιον,10
ⲭⲟⲗⲏ,χολη,10
ⲡⲣⲟⲡⲁⲧⲱⲣ,προπατωρ,10
ⲭⲁⲗⲓⲛⲟⲩⲥ,χαλινουσ,10
ⲙⲉⲧⲙⲟⲛⲁⲭⲟⲥ,μετμοναχοσ,10
ⲹⲉⲓⲣⲏⲛⲏ,ⲹειρηνη,10
ⲁⲩⲑⲁⲧⲏⲥ,αυθατησ,10
ⲁⲡⲟⲑⲏⲕⲏ,αποθηκη,10
ⲡⲁⲣⲁⲃⲁⲧⲏⲥ,παραβατησ,10
ⲇⲓⲛⲁ,δινα,10
ⲡⲣⲟⲑⲉⲥⲙⲓⲁ,προθεσμια,9
ⲉⲡⲓⲧⲣⲟⲡⲟⲥ,επιτροποσ,9
ⲥⲉⲙⲛⲏ,σεμνη,9
ⲡⲣⲉⲥⲃⲉⲩⲉ,πρεσβευε,9
ⲿⲁⲡⲟⲫⲁⲥⲓⲥ,ⲿαποφασισ,9
ⲇⲓⲕⲁⲥⲧⲏⲣⲓⲟⲛ,δικαστηριον,9
ⲁⲛⲿⲟⲭⲉⲓⲁ,ανⲿοχεια,9
ⲟⲛⲟⲙⲁⲍⲉ,ονομαζε,9
ⲭⲣⲓⲥⲿⲁⲛⲟⲥ,χρισⲿανοσ,9
ⲁⲫⲟⲣⲙⲏ,αφορμη,9
ⲙⲁⲥⲧⲓⲅⲟⲩ,μαστιγου,9
ⲁⲛⲧⲓⲭⲣⲓⲥⲧⲟⲥ,αντιχριστοσ,9
ⲱⲇⲏ,ωδη,9
ⲧⲣⲩⲫⲁ,τρυφα,9
ⲡⲣⲟⲧⲣⲉⲡⲉ,προτρεπε,9
ⲡⲣⲟⲥⲟⲩⲟⲉⲓⲳ,προσουοειⲳ,9
ⲑⲉⲱⲣⲓⲁ,θεωρια,9
ⲕⲟⲛⲓⲁ,κονια,9
ⲹⲓⲇⲓⲱⲧⲏⲥ,ⲹιδιωτησ,9
ⲁⲓⲭⲙⲁⲗⲱⲧⲟⲥ,αιχμαλωτοσ,9
ⲙⲛⲧⲁⲣⲭⲏⲉⲡⲓⲥⲕⲟⲡⲟⲥ,μνταρχηεπισκοποσ,9
ⲙⲟⲭⲗⲟⲥ,μοχλοσ,9
ⲡⲓⲛⲁⲝ,πιναξ,9
ⲇⲓⲁⲕⲣⲓⲛⲉ,διακρινε,9
ⲅⲉⲛⲟⲓⲧⲟ,γενοιτο,9
ⲣⲉⲡⲓⲥⲕⲟⲡⲟⲥ,ρεπισκοποσ,9
ⲝⲉⲥⲧⲏⲥ,ξεστησ,9
ⲥⲩⲗⲁ,συλα,9
ⲁⲙⲉⲗⲉⲓⲁ,αμελεια,9
ⲹⲉⲝⲓⲥ,ⲹεξισ,9
ⲙⲉⲧⲫⲓⲗⲟⲥⲟⲫⲟⲥ,μετφιλοσοφοσ,9
ⲙⲉⲛⲧⲟⲓ,μεντοι,9
ⲡⲁⲣⲁⲥⲕⲉⲩⲏ,παρασκευη,9
ⲕⲉⲫⲁⲗⲏ,κεφαλη,9
ⲇⲉⲕⲁⲛⲟⲥ,δεκανοσ,9
ⲁⲫⲣⲟⲇⲓⲧⲏ,αφροδιτη,9
ⲛⲟⲙⲓⲕⲟⲥ,νομικοσ,9
ⲉⲡⲓⲅⲣⲁⲫⲏ,επιγραφη,9
ⲗⲏⲙⲙⲁ,λημμα,9
ⲗⲁⲩⲣⲁ,λαυρα,9
ⲫⲩⲗⲓⲝ,φυλιξ,9
ⲡⲟⲗⲉⲙⲓⲕⲟⲛ,πολεμικον,8
ⲃⲗⲁⲡⲧⲉⲓ,βλαπτει,8
ⲁⲡⲟⲥⲧⲁⲧⲏⲥ,αποστατησ,8
ⲙⲁⲗⲁⲕⲟⲥ,μαλακοσ,8
ⲭⲁⲗⲓⲛⲟⲥ,χαλινοσ,8
ⲧⲉⲱⲥ,τεωσ,8
ⲁⲣⲭⲏⲇⲓⲁⲕⲟⲛⲟⲥ,αρχηδιακονοσ,8
ⲫⲱⲣⲉⲓ,φωρει,8
ⲿⲁⲅⲁⲡⲏ,ⲿαγαπη,8
ⲙⲛⲧⲏ,μντη,8
ⲥⲱⲙⲁⲧⲓⲕⲟⲛ,σωματικον,8
ⲥⲟⲩⲇⲁⲣⲓⲟⲛ,σουδαριον,8
ⲉⲣⲏⲙⲓⲁ,ερημια,8
ⲇⲓⲱⲕⲉⲓ,διωκει,8
ⲉⲡⲟⲩⲣⲁⲛⲓⲟⲛ,επουρανιον,8
ⲥⲩⲙⲃⲟⲩⲗⲉⲩⲉ,συμβουλευε,8
ⲕⲩⲣⲓⲝ,κυριξ,8
ⲡⲁⲣⲁⲓⲧⲉⲓ,παραιτει,8
ⲕⲁⲧⲏⲅⲟⲣⲓⲁ,κατηγορια,8
ⲕⲟⲥⲙⲟⲕⲣⲁⲧⲱⲣ,κοσμοκρατωρ,8
ⲹⲉⲣⲙⲏⲛⲉⲩⲉ,ⲹερμηνευε,8
ⲇⲓⲁⲕⲟⲛⲓⲧⲏⲥ,διακονιτησ,8
ⲧⲁⲗⲉⲇⲱⲣⲟⲛ,ταλεδωρον,8
ⲙⲉⲅⲓⲥⲧⲁⲛⲟⲥ,μεγιστανοσ,8
ⲉⲩⲁⲅⲅⲉⲗⲓⲍⲉ,ευαγγελιζε,8
ⲕⲟⲥⲙⲓⲕⲟⲛ,κοσμικον,8
ⲁⲣⲭⲓⲥⲩⲛⲁⲅⲱⲅⲟⲥ,αρχισυναγωγοσ,8
ⲑⲁⲗⲗⲁⲥⲥⲁ,θαλλασσα,8
ⲫⲓⲗⲟⲛⲓⲟⲛ,φιλονιον,8
ⲧⲉⲗⲱⲛⲓⲟⲛ,τελωνιον,8
ⲥⲩⲙⲫⲱⲛⲉⲓ,συμφωνει,8
ⲙⲉⲧⲉⲭⲉ,μετεχε,8
ⲧⲣⲩⲫⲏ,τρυφη,8
ⲁⲡⲉⲓⲗⲉ,απειλε,8
ⲟⲣⲑⲟⲇⲟⲝⲟⲥ,ορθοδοξοσ,8
ⲙⲛⲧⲉⲡⲓⲥⲕⲟⲡⲟⲥ,μντεπισκοποσ,8
ⲉⲩⲗⲟⲅⲓⲁ,ευλογια,8
ⲇⲓⲕⲁⲥⲧⲏⲥ,δικαστησ,8
ⲡⲣⲟⲹⲉⲣⲉⲥⲓⲥ,προⲹερεσισ,8
ⲡⲣⲟⲕⲟⲡⲏ,προκοπη,8
ⲇⲁⲛⲓⲥⲧⲏⲥ,δανιστησ,8
ⲉⲣⲙⲉⲗⲓⲛ,ερμελιν,8
ⲥⲩⲛⲟⲩⲥⲓⲁ,συνουσια,8
ⲍⲏⲧⲏⲙⲁ,ζητημα,8
ⲅⲁⲗⲁⲧⲓⲁ,γαλατια,8
ⲕⲱⲥⲧⲁⲛⲧⲓⲛⲟⲩⲡⲟⲗⲓⲥ,κωσταντινουπολισ,8
ⲥⲁⲧⲉⲉⲣⲉ,σατεερε,8
ⲁⲛⲧⲓⲇⲓⲕⲟⲥ,αντιδικοσ,8
ⲡⲁⲣⲁⲑⲏⲕⲏ,παραθηκη,8
ⲡⲁⲗⲗⲁⲕⲏ,παλλακη,8
ⲑⲁⲣⲥⲓⲥ,θαρσισ,8
ⲹⲩⲇⲟⲛⲏ,ⲹυδονη,8
ⲡⲟⲗⲏⲿⲁ,ποληⲿα,8
ⲡⲣⲟⲛⲟⲓⲁ,προνοια,7
ⲉⲑⲟⲥ,εθοσ,7
ⲕⲁⲧⲁⲣⲅⲉⲓ,καταργει,7
ⲑⲁⲣⲉⲓ,θαρει,7
ⲛⲩⲙⲫⲱⲛ,νυμφων,7
ⲥⲩⲛⲹⲓⲥⲧⲁ,συνⲹιστα,7
ⲥⲉⲙⲛⲟⲥ,σεμνοσ,7
ⲕⲓⲑⲁⲣⲁ,κιθαρα,7
ⲡⲟⲧⲏⲣⲓⲟⲛ,ποτηριον,7
ⲕⲁⲗⲟⲥ,καλοσ,7
ⲁⲡⲉⲣⲁⲛⲧⲟⲛ,απεραντον,7
ⲉⲕⲥⲧⲁⲥⲓⲥ,εκστασισ,7
ⲁⲛⲁⲅⲛⲱⲥⲧⲏⲥ,αναγνωστησ,7
ⲹⲣⲱⲙⲁⲛⲓⲁ,ⲹρωμανια,7
ⲉⲝⲉⲧⲁⲍⲉ,εξεταζε,7
ⲡⲁⲣⲁⲅⲅⲉⲓⲗⲉ,παραγγειλε,7
ⲣⲑⲩⲥⲓⲁ,ρθυσια,7
ⲣⲙⲁⲑⲏⲧⲏⲥ,ρμαθητησ,7
ⲁⲗⲏⲑⲓⲛⲟⲛ,αληθινον,7
ⲕⲁⲧⲁⲛⲧⲁ,καταντα,7
ⲗⲓⲧⲟⲩⲣⲅⲓⲁ,λιτουργια,7
ⲡⲁⲣⲁⲛⲟⲙⲓⲁ,παρανομια,7
ⲕⲉⲣⲁ,κερα,7
ⲉⲡⲓⲃⲟⲩⲗⲉⲩⲉ,επιβουλευε,7
ⲙⲛⲧⲁⲡⲟⲥⲧⲟⲗⲟⲥ,μνταποστολοσ,7
ⲁⲣⲭⲁⲓⲟⲛ,αρχαιον,7
ⲽⲛⲭⲁⲣⲓⲥ,ⲽνχαρισ,7
ⲁⲡⲉⲓⲗⲉⲓ,απειλει,7
ⲡⲁⲛⲟⲩⲣⲅⲓⲁ,πανουργια,7
ⲹⲓⲉⲣⲁⲝ,ⲹιεραξ,7
ⲭⲗⲟⲏ,χλοη,7
ⲗⲉⲅⲓⲱⲛ,λεγιων,7
ⲙⲛⲧⲡⲁⲣⲑⲉⲛⲟⲥ,μντπαρθενοσ,7
ⲁⲡⲟⲑⲩⲕⲏ,αποθυκη,7
ⲙⲉⲣⲕⲟⲩⲣⲓⲟⲥ,μερκουριοσ,7
ⲫⲁⲛⲟⲥ,φανοσ,7
ⲡⲣⲟⲥⲉⲭⲉ,προσεχε,7
ⲫⲓⲗⲟⲥⲟⲫⲟⲥ,φιλοσοφοσ,7
ⲥⲩⲙⲫⲱⲛⲓⲁ,συμφωνια,7
ⲁⲣⲁⲃⲟⲥ,αραβοσ,7
ⲟⲯⲱⲛⲓⲟⲛ,οψωνιον,7
ⲙⲉⲧⲉⲡⲓⲥⲕⲟⲡⲟⲥ,μετεπισκοποσ,7
ⲉⲝⲉⲥⲧⲓⲛ,εξεστιν,7
ⲉⲣⲁⲡⲟⲧⲁⲍⲉⲥⲑⲉ,εραποταζεσθε,7
ⲇⲓⲕⲁⲓⲱⲥ,δικαιωσ,7
ⲧⲁⲣⲧⲁⲣⲟⲥ,ταρταροσ,7
ⲃⲁⲑⲟⲥ,βαθοσ,7
ⲫⲁⲛⲉⲣⲱⲥ,φανερωσ,7
ⲡⲁⲣⲁⲇⲓⲅⲙⲁ,παραδιγμα,7
ⲭⲟⲩⲥ,χουσ,7
ⲁⲛⲧⲓⲟⲭⲓⲁ,αντιοχια,7
ⲧⲟⲙⲟⲥ,τομοσ,7
ⲗⲉⲃⲏⲥ,λεβησ,7
ⲙⲏⲇⲟⲥ,μηδοσ,7
ⲓⲁⲥⲡⲓⲥ,ιασπισ,7
ⲟⲩⲗⲏ,ουλη,7
ⲙⲉⲥⲓⲧⲏⲥ,μεσιτησ,7
ⲉⲣⲇⲓⲁⲕⲱⲛ,ερδιακων,7
ⲗⲟⲅⲅⲓⲛⲟⲥ,λογγινοσ,7
ⲍⲱⲛⲏ,ζωνη,6
ⲡⲁⲣⲁⲫⲩⲥⲓⲥ,παραφυσισ,6
ⲧⲉⲓⲣⲏⲛⲏ,τειρηνη,6
ⲹⲁⲙⲟⲓ,ⲹαμοι,6
ⲑⲁⲩⲙⲁⲍⲉ,θαυμαζε,6
ⲱⲱ,ωω,6
ⲁⲛⲹⲟⲗⲟⲙⲁ,ανⲹολομα,6
ⲃⲁⲥⲓⲗⲓⲕⲟⲛ,βασιλικον,6
ⲡⲣⲟⲥⲕⲩⲛⲉⲓ,προσκυνει,6
ⲡⲛⲟⲏ,πνοη,6
ⲟⲣⲇⲓⲛⲟⲛ,ορδινον,6
ⲹⲣⲁⲃⲇⲟⲥ,ⲹραβδοσ,6
ⲡⲣⲟⲥⲧⲁⲥⲓⲁ,προστασια,6
ⲹⲉⲓⲕⲱⲛ,ⲹεικων,6
ⲹⲣⲏⲧⲟⲛ,ⲹρητον,6
ⲁⲡⲟⲧ,αποτ,6
ⲕⲁⲧⲁⲝⲓⲟⲩ,καταξιου,6
ⲡⲣⲉⲥⲃⲉⲓⲁ,πρεσβεια,6
ⲗⲉⲡⲧⲟⲛ,λεπτον,6
ⲡⲗⲉⲁ,πλεα,6
ⲣⲙⲛⲥⲁⲣⲝ,ρμνσαρξ,6
ⲕⲁⲧⲏⲅⲟⲣⲉⲓ,κατηγορει,6
ⲙⲁⲡⲡⲁ,μαππα,6
ⲁⲛⲛⲱⲛⲛⲁ,αννωννα,6
ⲉⲝⲱⲣⲓⲍⲉ,εξωριζε,6
ⲁⲅⲱⲣⲁ,αγωρα,6
ⲥⲩⲛⲕⲗⲓⲿⲕⲟⲥ,συνκλιⲿκοσ,6
ⲙⲛⲧⲥⲧⲣⲁⲧⲏⲗⲁⲧⲏⲥ,μντστρατηλατησ,6
ⲉⲩⲧⲩⲭⲓⲁⲛⲟⲥ,ευτυχιανοσ,6
ⲑⲏⲃⲁⲓⲥ,θηβαισ,6
ⲁⲛⲁⲫⲟⲣⲁ,αναφορα,6
ⲕⲱⲛⲓⲁ,κωνια,6
ⲙⲉⲗⲉⲓ,μελει,6
ⲭⲁⲗⲁ,χαλα,6
ⲡⲁⲣⲁⲧⲏⲣⲉⲓ,παρατηρει,6
ⲉⲅⲕⲣⲁⲧⲉⲩⲉ,εγκρατευε,6
ⲉⲡⲓⲃⲟⲩⲗⲏ,επιβουλη,6
ⲃⲟⲩⲗⲉⲩⲧⲏⲥ,βουλευτησ,6
ⲉⲥⲩⲭⲁⲍⲉ,εσυχαζε,6
ⲑⲉⲟⲫⲓⲗⲟⲥ,θεοφιλοσ,6
ⲁⲑⲗⲏⲧⲏⲥ,αθλητησ,6
ⲁⲥⲭⲏⲙⲟⲥⲩⲛⲏ,ασχημοσυνη,6
ⲡⲉⲣⲥⲟⲥ,περσοσ,6
ⲡⲟⲗⲓⲧⲏⲥ,πολιτησ,6
ⲣⲉⲵⲯⲁⲗⲗⲉⲓ,ρεⲵψαλλει,6
ⲣⲁⲡⲓⲥⲧⲟⲥ,ραπιστοσ,6
ⲁⲗⲗⲟⲧⲣⲓⲟⲥ,αλλοτριοσ,6
ⲉⲣⲅⲁⲥⲓⲁ,εργασια,6
ⲡⲟⲓⲙⲏⲛ,ποιμην,6
ⲁⲥⲕⲉⲓ,ασκει,6
ⲉⲥⲑⲏⲧⲏⲣⲓⲟⲛ,εσθητηριον,6
ⲉⲩⲭⲁⲣⲓⲥⲧⲟⲩ,ευχαριστου,6
ⲯⲩⲭⲓⲕⲟⲥ,ψυχικοσ,6
ⲁⲡⲟⲇⲓⲝⲓⲥ,αποδιξισ,6
ⲧⲓⲙⲁ,τιμα,6
ⲡⲣⲟⲥⲕⲁⲣⲧⲉⲣⲉⲓ,προσκαρτερει,6
ⲃⲟⲁⲛⲏⲣⲅⲉⲥ,βοανηργεσ,6
ⲥⲩⲛⲅⲛⲱⲙⲏ,συνγνωμη,6
ⲗⲟⲅⲓⲕⲟⲛ,λογικον,6
ⲥⲭⲟⲗⲁⲥⲧⲓⲕⲟⲥ,σχολαστικοσ,6
ⲉⲅⲕⲣⲁⲧⲉⲓⲁ,εγκρατεια,6
ⲡⲣⲟⲕⲗⲟⲥ,προκλοσ,6
ⲿⲃⲁⲡⲧⲓⲥⲙⲁ,ⲿβαπτισμα,6
ⲉⲝⲟⲙⲟⲗⲟⲅⲉⲓ,εξομολογει,6
ⲙⲛⲧⲁⲕⲁⲑⲁⲣⲧⲟⲥ,μντακαθαρτοσ,6
ⲁⲡⲟⲗⲁⲩⲥⲓⲥ,απολαυσισ,6
ⲹⲏⲣⲱⲇⲓⲁⲥ,ⲹηρωδιασ,6
ⲟⲛⲟⲣⲓⲟⲥ,ονοριοσ,6
ⲥⲱⲥⲑⲉⲛⲏⲥ,σωσθενησ,6
ⲕⲣⲓⲥⲡⲟⲥ,κρισποσ,6
ⲣⲡⲁⲣⲑⲉⲛⲟⲥ,ρπαρθενοσ,6
ⲉⲡⲁⲓⲛⲟⲩ,επαινου,6
ⲡⲟⲗⲗⲁⲕⲓⲥ,πολλακισ,6
ⲉⲝⲉⲥⲧⲉⲓ,εξεστει,6
ⲛⲩⲕⲧⲉⲣⲓⲥ,νυκτερισ,6
ⲫⲩⲥⲓⲕⲟⲛ,φυσικον,6
ⲉⲃⲇⲟⲙⲁⲥ,εβδομασ,6
ⲿⲡⲛⲉⲩⲙⲁ,ⲿπνευμα,6
ⲥⲁⲗⲡⲓⲍⲉ,σαλπιζε,6
ⲕⲉⲇⲣⲟⲥ,κεδροσ,6
ⲉⲛⲕⲱⲙⲓⲟⲛ,ενκωμιον,6
ⲡⲁⲧⲣⲓⲥ,πατρισ,6
ⲁⲗⲏⲑⲓⲛⲟⲥ,αληθινοσ,6
ⲥⲩⲛⲕⲗⲏⲧⲟⲥ,συνκλητοσ,6
ⲱⲫⲉⲗⲉⲓ,ωφελει,6
ⲁⲡⲟⲥⲕⲉⲩⲏ,αποσκευη,6
ⲇⲏ,δη,6
ⲡⲁⲅⲁⲛⲟⲥ,παγανοσ,6
ⲁⲛⲟⲭⲏ,ανοχη,6
ⲹⲟⲙⲓⲗⲓⲁ,ⲹομιλια,6
ⲧⲣⲟⲡⲟⲥ,τροποσ,6
ⲉⲡⲁⲣⲭⲓⲁ,επαρχια,6
ⲁⲣⲅⲟⲥ,αργοσ,6
ⲭⲱⲣⲏⲅⲉⲓ,χωρηγει,6
ⲥⲩⲛⲏⲇⲏⲥⲓⲥ,συνηδησισ,6
ⲙⲏⲣⲟⲥ,μηροσ,6
ⲣⲉⲵⲳⲁⲙⲳⲉⲓⲇⲱⲗⲟⲛ,ρεⲵⲳαμⲳειδωλον,6
ⲉⲣⲛⲏⲥⲧⲉⲩⲓⲛ,ερνηστευιν,6
ⲙⲉⲧⲁⲅⲁⲑⲟⲥ,μεταγαθοσ,6
ⲇⲓⲕⲉⲟⲥ,δικεοσ,6
ⲉⲣⲕⲁⲩⲙⲁ,ερκαυμα,6
ⲙⲉⲧⲁⲥⲑⲉⲛⲏⲥ,μετασθενησ,6
ⲉⲣⲡⲣⲟⲕⲟⲡⲧⲉⲓⲛ,ερπροκοπτειν,6
ⲥⲡⲓⲣⲁ,σπιρα,6
ⲹⲉⲗⲏⲛⲟⲥ,ⲹεληνοσ,6
ⲙⲉⲧⲁⲡⲟⲥⲧⲟⲗⲟⲥ,μεταποστολοσ,6
ⲁⲣⲓⲁⲥⲡⲁⲍⲉⲥⲑⲉ,αριασπαζεσθε,6
ⲙⲛⲧⲭⲣⲏⲥⲧⲟⲥ,μντχρηστοσ,6
ⲅⲣⲏⲅⲟⲣⲓⲟⲥ,γρηγοριοσ,6
ⲇⲓⲇⲩⲙⲟⲥ,διδυμοσ,6
ⲡⲗⲁⲕⲏⲧⲁⲥ,πλακητασ,6
ⲡⲣⲟⲥⲉⲩⲭⲉ,προσευχε,6
ⲟⲓⲕⲟⲥ,οικοσ,6
ⲧⲁⲩⲣⲟⲥ,ταυροσ,6
ⲛⲟⲉⲣⲟⲥ,νοεροσ,6
ⲥⲩⲙⲃⲟⲗⲟⲛ,συμβολον,6
ⲉⲓⲣⲏⲛⲓⲕⲟⲛ,ειρηνικον,6
ⲥⲧⲁⲕⲧⲏ,στακτη,6
ⲙⲉⲧⲡⲁⲣⲑⲉⲛⲟⲥ,μετπαρθενοσ,6
ⲇⲣⲩⲙⲟⲥ,δρυμοσ,6
ⲉⲥⲭⲁⲣⲁ,εσχαρα,6
ⲙⲉⲧⲁⲧⲕⲁⲕⲓⲁ,μετατκακια,6
ⲥⲙⲁⲣⲁⲅⲇⲟⲥ,σμαραγδοσ,6
ⲡⲓⲥⲧⲩⲭⲟⲥ,πιστυχοσ,6
ⲥⲧⲟⲁ,στοα,6
ⲙⲁⲅⲁⲣⲓⲍⲉ,μαγαριζε,6
ⲣⲭⲣⲓⲁ,ρχρια,6
ⲕⲩⲡⲣⲟⲥ,κυπροσ,6
ⲛⲧⲟⲟⲩ,ντοου,5
ⲥⲭⲉⲇⲟⲛ,σχεδον,5
ⲉⲩⲭⲁⲣⲓⲥⲧⲉⲓ,ευχαριστει,5
ⲗⲓⲙⲛⲏ,λιμνη,5
ⲇⲉⲥⲡⲟⲧⲏⲥ,δεσποτησ,5
ⲡⲣⲟⲧⲟⲡⲗⲁⲥⲙⲁ,προτοπλασμα,5
ⲥⲧⲁⲥⲓⲁⲍⲉ,στασιαζε,5
ⲥⲁⲡⲡⲓⲣⲟⲛ,σαππιρον,5
ⲕⲁⲧⲁⲹⲣⲁⲕⲧⲏⲥ,καταⲹρακτησ,5
ⲁⲕⲣⲟⲁⲧⲏⲥ,ακροατησ,5
ⲥⲧⲣⲁⲧⲏⲅⲟⲥ,στρατηγοσ,5
ⲁⲓⲛⲓⲅⲙⲁ,αινιγμα,5
ⲥⲭⲉⲇⲱⲛ,σχεδων,5
ⲕⲉⲫⲁⲗⲁⲓⲟⲛ,κεφαλαιον,5
ⲃⲁⲡⲿⲥⲧⲏⲥ,βαπⲿστησ,5
ⲿⲕⲗⲯ,ⲿκλψ,5
ⲕⲁⲑⲟⲗⲓⲕⲟⲛ,καθολικον,5
ⲹⲟⲣⲓⲟⲛ,ⲹοριον,5
ⲹⲉⲣⲙⲉⲧⲁⲣⲓⲟⲛ,ⲹερμεταριον,5
ⲥⲩⲛⲅⲉⲛⲏⲥ,συνγενησ,5
ⲡⲣⲁⲓⲧⲱⲣⲓⲟⲛ,πραιτωριον,5
ⲿⲙⲱⲣⲓⲁ,ⲿμωρια,5
ⲥⲁⲙⲓⲧ,σαμιτ,5
ⲉⲩⲹⲁⲓⲟⲥ,ευⲹαιοσ,5
ⲡⲣⲟⲧⲉⲕⲧⲱⲣ,προτεκτωρ,5
ⲇⲏⲙⲟⲥⲓⲟⲛ,δημοσιον,5
ⲹⲁⲓⲣⲉⲿⲕⲟⲥ,ⲹαιρεⲿκοσ,5
ⲕⲁⲧⲁⲗⲩ,καταλυ,5
ⲉⲗⲉⲩⲑⲉⲣⲟⲥ,ελευθεροσ,5
ⲡⲣⲟⲇⲟⲧⲏⲥ,προδοτησ,5
ⲹⲩⲡⲟⲕⲣⲓⲧⲏⲥ,ⲹυποκριτησ,5
ⲕⲣⲁⲥⲓⲥ,κρασισ,5
ⲹⲟⲣⲙⲏ,ⲹορμη,5
ⲙⲉⲛⲧⲟⲓⲅⲉ,μεντοιγε,5
ⲁⲑⲗⲟⲫⲟⲣⲟⲥ,αθλοφοροσ,5
ⲡⲟⲗⲓⲧⲉⲩⲙⲁ,πολιτευμα,5
ⲭⲟⲣⲉⲩⲉ,χορευε,5
ⲥⲩⲅⲅⲉⲛⲉⲓⲁ,συγγενεια,5
ⲹⲉⲕⲁⲧⲟⲛⲧⲁⲣⲭⲟⲥ,ⲹεκατονταρχοσ,5
ⲧⲁⲣⲁⲭⲏ,ταραχη,5
ⲡⲟⲗⲏⲧⲓⲁ,πολητια,5
ⲁⲙⲉⲗⲏⲥ,αμελησ,5
ⲡⲛⲉⲩⲙⲁⲧⲓⲕⲱⲥ,πνευματικωσ,5
ⲁⲡⲉⲗⲉⲩⲑⲉⲣⲟⲥ,απελευθεροσ,5
ⲣⲡⲓⲥⲧⲟⲥ,ρπιστοσ,5
ⲙⲁⲛⲓⲁ,μανια,5
ⲧⲉⲗⲓⲟⲛ,τελιον,5
ⲥⲭⲟⲗⲏ,σχολη,5
ⲛⲉⲥⲧⲟⲣⲓⲟⲥ,νεστοριοσ,5
ⲻⲓⲙⲟⲣⲫⲏ,ⲻιμορφη,5
ⲉⲗⲉⲩⲑⲉⲣⲓⲁ,ελευθερια,5
ⲁⲣⲭⲏⲉⲡⲓⲥⲕⲟⲡⲟⲩ,αρχηεπισκοπου,5
ⲡⲟⲣⲫⲩⲣⲁ,πορφυρα,5
ⲇⲁⲗⲙⲁⲛⲟⲩⲑⲁ,δαλμανουθα,5
ⲛⲉⲻⲕⲗⲏⲣⲟⲥ,νεⲻκληροσ,5
ⲛⲟⲏⲧⲟⲛ,νοητον,5
ⲇⲓⲥⲧⲁⲍⲉ,δισταζε,5
ⲁⲣⲝ,αρξ,5
ⲡⲉⲛⲧⲏⲕⲟⲥⲧⲏ,πεντηκοστη,5
ⲭⲁⲗⲕⲓⲛ,χαλκιν,5
ⲁⲅⲅⲓⲟⲛ,αγγιον,5
ⲹⲉⲑⲛⲓⲕⲟⲥ,ⲹεθνικοσ,5
ⲁⲛⲍⲱⲛⲏ,ανζωνη,5
ⲁⲣⲅⲟⲛ,αργον,5
ⲧⲟⲓ,τοι,5
ⲗⲩⲙⲏⲛ,λυμην,5
ⲙⲁⲕⲁⲣⲓⲥⲙⲟⲥ,μακαρισμοσ,5
ⲡⲁⲛⲟⲩⲣⲅⲟⲥ,πανουργοσ,5
ⲕⲁⲧⲁⲥⲧⲁⲥⲓⲥ,καταστασισ,5
ⲥⲧⲏⲗⲏ,στηλη,5
ⲙⲛⲧⲭⲣⲓⲥⲧⲟⲥ,μντχριστοσ,5
ⲧⲣⲓⲃⲟⲩⲛⲟⲥ,τριβουνοσ,5
ⲟⲡⲧⲁⲥⲓⲁ,οπτασια,5
ⲫⲁⲣⲙⲁⲅⲟⲥ,φαρμαγοσ,5
ⲙⲁⲥⲿⲅⲝ,μασⲿγξ,5
ⲭⲓⲙⲱⲛ,χιμων,5
ⲡⲁⲗⲁⲓⲁ,παλαια,5
ⲥⲩⲛⲭⲱⲣⲉⲓ,συνχωρει,5
ⲹⲉⲣⲉⲧⲓⲕⲟⲥ,ⲹερετικοσ,5
ⲙⲉⲧⲥⲉⲙⲛⲟⲥ,μετσεμνοσ,5
ⲏⲣⲱⲇⲓⲁⲛⲟⲥ,ηρωδιανοσ,5
ⲡⲁⲣⲁⲇⲟⲝⲟⲛ,παραδοξον,5
ⲉⲣⲫⲟⲣⲓⲛ,ερφοριν,5
ⲓⲇⲟⲥ,ιδοσ,5
ⲡⲁⲗⲗⲁⲧⲓⲟⲛ,παλλατιον,5
ⲕⲁⲧⲁⲫⲣⲟⲛⲓⲛ,καταφρονιν,5
ⲉⲣⲉⲡⲓⲑⲩⲙⲉⲓⲛ,ερεπιθυμειν,5
ⲕⲁⲑⲏⲅⲉⲓ,καθηγει,5
ⲕⲩⲙⲃⲁⲗⲟⲛ,κυμβαλον,5
ⲁⲛⲧⲓⲕⲓⲙⲉⲛⲟⲥ,αντικιμενοσ,5
ⲁⲣⲓⲡⲣⲟⲥⲉⲩⲭⲉⲥⲑⲉ,αριπροσευχεσθε,5
ⲗⲁⲙⲡⲉⲩⲉ,λαμπευε,5
ⲙⲛⲧⲁⲣⲅⲟⲥ,μνταργοσ,5
ⲁⲓⲧⲟⲥ,αιτοσ,5
ⲁⲝⲓⲟⲥ,αξιοσ,5
ⲉⲗⲉⲩⲑⲉⲣⲟⲩ,ελευθερου,5
ⲣⲁⲅⲁⲑⲟⲥ,ραγαθοσ,5
ⲙⲏⲧⲣⲁ,μητρα,5
ⲡⲁⲣⲁⲗⲏⲙⲧⲏⲥ,παραλημτησ,5
ⲁⲭⲱⲣⲏⲧⲟⲥ,αχωρητοσ,5
ⲁⲡⲉⲣⲁⲛⲧⲟⲥ,απεραντοσ,5
ⲁⲅⲓⲟⲥ,αγιοσ,5
ⲕⲣⲏⲧⲏ,κρητη,5
ⲥⲧⲣⲟⲩⲑⲟⲥ,στρουθοσ,5
ⲃⲣⲟⲩⲭⲟⲥ,βρουχοσ,5
ⲉⲡⲓⲧⲓⲙⲓⲁ,επιτιμια,5
ⲉⲗⲉⲫⲁⲛⲧⲓⲛⲟⲛ,ελεφαντινον,5
ⲁⲇⲓⲕⲟⲥ,αδικοσ,5
ⲥⲩⲙⲃⲟⲗⲏ,συμβολη,5
ⲡⲓⲥⲧⲏ,πιστη,5
ⲙⲟⲩⲗⲟⲛ,μουλον,5
ⲧⲉⲧⲣⲁⲅⲱⲛⲟⲛ,τετραγωνον,5
ⲙⲉⲧⲁⲛⲟⲙⲟⲥ,μετανομοσ,5
ⲙⲉⲧⲟⲓⲕⲟⲛⲟⲙⲟⲥ,μετοικονομοσ,5
ⲁⲥⲕⲩⲥⲓⲥ,ασκυσισ,5
ⲹⲩⲡⲟⲅⲣⲁⲫⲉ,ⲹυπογραφε,5
ⲅⲣⲁⲙⲙⲁⲧⲓⲟⲛ,γραμματιον,5
ⲁⲛⲑⲩⲡⲁⲧⲟⲥ,ανθυπατοσ,5
ⲁⲝⲓⲟⲩ,αξιου,4
ⲉⲡⲓⲧⲁⲥⲥⲉ,επιτασσε,4
ⲁⲡⲩⲗⲏ,απυλη,4
ⲇⲩⲙⲓⲟⲩⲣⲅⲟⲥ,δυμιουργοσ,4
ⲇⲓⲙⲓⲟⲩⲣⲅⲟⲥ,διμιουργοσ,4
ⲕⲗⲁⲥⲙⲁ,κλασμα,4
ⲡⲗⲏⲣⲟⲫⲟⲣⲉⲓ,πληροφορει,4
ⲛⲟⲙⲓⲥⲙⲁ,νομισμα,4
ⲇⲱⲣⲓⲍⲉ,δωριζε,4
ⲡⲣⲟⲇⲣⲟⲙⲟⲥ,προδρομοσ,4
ⲙⲏⲛⲉⲩⲉ,μηνευε,4
ⲁⲥⲱⲙⲁⲧⲟⲥ,ασωματοσ,4
ⲁⲡⲟⲕⲣⲓⲥⲓⲥ,αποκρισισ,4
ⲹⲣⲏⲧⲱⲣ,ⲹρητωρ,4
ⲣⲙⲁⲣⲧⲩⲣⲟⲥ,ρμαρτυροσ,4
ⲧⲟⲩ,του,4
ⲫⲁⲛⲧⲁⲥⲙⲁ,φαντασμα,4
ⲻⲓⲹⲁⲡ,ⲻιⲹαπ,4
ⲝⲟⲩⲣ,ξουρ,4
ⲹⲁⲣⲙⲉⲛⲓⲟⲥ,ⲹαρμενιοσ,4
ⲁⲛⲹⲟⲥⲓⲟⲥ,ανⲹοσιοσ,4
ⲕⲉⲣⲱⲛ,κερων,4
ⲣⲙⲁⲅⲉⲓⲁ,ρμαγεια,4
ⲹⲩⲃⲣⲓⲍⲉ,ⲹυβριζε,4
ⲡⲟⲥⲱ,ποσω,4
ⲕⲁⲧⲁⲕⲣⲓⲛⲉ,κατακρινε,4
ⲥⲕⲉⲟⲥ,σκεοσ,4
ⲽⲓⲛⲁⲡⲁⲛⲧⲁ,ⲽιναπαντα,4
ⲻⲓⲕⲗⲏⲣⲟⲛⲟⲙⲓⲁ,ⲻικληρονομια,4
ⲃⲟⲧⲁⲛⲏ,βοτανη,4
ⲟⲛⲛⲟⲫⲣⲓⲟⲥ,οννοφριοσ,4
ⲁⲛⲁⲭⲱⲣⲓⲧⲏⲥ,αναχωριτησ,4
ⲣⲉⲵⲑⲉⲣⲁⲡⲉⲩⲉ,ρεⲵθεραπευε,4
ⲕⲣⲓⲛⲟⲛ,κρινον,4
ⲁⲅⲁⲛⲁⲕⲧⲉⲓ,αγανακτει,4
ⲁⲙⲉⲗⲓⲁ,αμελια,4
ⲥⲓⲛⲇⲱⲛⲓⲟⲛ,σινδωνιον,4
ⲹⲱⲥⲟⲛ,ⲹωσον,4
ⲙⲛⲧⲁⲡⲟⲧⲁⲕⲧⲓⲕⲟⲥ,μνταποτακτικοσ,4
ⲫⲩⲥⲓ,φυσι,4
ⲡⲁⲗⲁⲧⲓⲟⲛ,παλατιον,4
ⲙⲓⲗⲓⲟⲛ,μιλιον,4
ⲫⲓⲗⲟⲑⲉⲟⲥ,φιλοθεοσ,4
ⲣⲉⲵⲕⲁⲧⲁⲗⲁⲗⲉⲓ,ρεⲵκαταλαλει,4
ⲡⲁⲣⲹⲟⲓⲙⲓⲁ,παρⲹοιμια,4
ⲑⲉⲣⲁⲡⲟⲩ,θεραπου,4
ⲹⲩⲡⲟⲇⲏⲙⲁ,ⲹυποδημα,4
ⲙⲛⲧⲥⲉⲙⲛⲟⲥ,μντσεμνοσ,4
ⲉⲅⲕⲣⲁⲧⲓⲁ,εγκρατια,4
ⲁⲅⲣⲓⲟⲥ,αγριοσ,4
ⲉⲩⲧⲣⲟⲡⲓⲟⲥ,ευτροπιοσ,4
ⲡⲣⲟⲉⲥⲧⲱⲥ,προεστωσ,4
ⲕⲱⲛⲥⲧⲁⲛⲧⲓⲛⲟⲩⲡⲟⲗⲓⲥ,κωνσταντινουπολισ,4
ⲕⲁⲗⲩⲙⲁ,καλυμα,4
ⲣⲥⲁⲣⲝ,ρσαρξ,4
ⲫⲟⲛⲟⲥ,φονοσ,4
ⲁⲫⲑⲟⲛⲓⲁ,αφθονια,4
ⲉⲝⲁⲡⲁⲧⲁ,εξαπατα,4
ⲥⲕⲉⲡⲁⲥⲧⲏⲥ,σκεπαστησ,4
ⲹⲓⲥⲧⲟⲣⲓⲍⲉ,ⲹιστοριζε,4
ⲣⲉⲓⲣⲏⲛⲏ,ρειρηνη,4
ⲡⲁⲓⲇⲉⲥ,παιδεσ,4
ⲇⲉⲕⲁⲡⲟⲗⲓⲥ,δεκαπολισ,4
ⲫⲓⲗⲟⲡⲁⲧⲱⲣ,φιλοπατωρ,4
ⲉⲥⲧⲱ,εστω,4
ⲙⲁⲓⲡⲉⲭⲣⲓⲥⲧⲟⲥ,μαιπεχριστοσ,4
ⲡⲉⲛ,πεν,4
ⲥⲁⲧⲁⲛⲁⲥ,σατανασ,4
ⲫⲣⲁⲅⲉⲗⲗⲟⲩ,φραγελλου,4
ⲉⲓⲕⲏ,εικη,4
ⲇⲁⲡⲁⲛⲏ,δαπανη,4
ⲇⲓⲁⲑⲉⲥⲓⲥ,διαθεσισ,4
ⲕⲁⲓⲡⲉⲣ,καιπερ,4
ⲁⲅⲱⲛⲟⲑⲉⲧⲏⲥ,αγωνοθετησ,4
ⲹⲟⲃⲟⲗⲟⲥ,ⲹοβολοσ,4
ⲙⲛⲧⲉⲗⲁⲭⲓⲥⲧⲟⲥ,μντελαχιστοσ,4
ⲙⲉⲅⲉⲑⲟⲥ,μεγεθοσ,4
ⲁⲡⲟⲇⲏⲙⲉⲓ,αποδημει,4
ⲁⲗⲗⲟⲧⲣⲓⲟⲛ,αλλοτριον,4
ⲥⲭⲓⲥⲙⲁ,σχισμα,4
ⲭⲗⲁⲙⲩⲥ,χλαμυσ,4
ⲇⲏⲙⲟⲥⲓⲁ,δημοσια,4
ⲹⲉⲣⲙⲏⲥ,ⲹερμησ,4
ⲁⲥⲫⲁⲗⲓⲍⲉ,ασφαλιζε,4
ⲉⲣⲃⲟⲏⲑⲓⲛ,ερβοηθιν,4
ⲁⲣⲓⲹⲓⲣⲏⲛⲏ,αριⲹιρηνη,4
ⲡⲛⲁⲧⲓⲕⲱⲥ,πνατικωσ,4
ⲓⲉ,ιε,4
ⲡⲣⲉⲡⲟⲥⲓⲧⲟⲥ,πρεποσιτοσ,4
ⲻⲓⲛⲉⲣⲁⲡⲁⲛⲧⲁⲛ,ⲻινεραπανταν,4
ⲉⲣⲃⲗⲁⲡⲧⲓⲛ,ερβλαπτιν,4
ⲙⲉⲧⲇⲟⲗⲟⲥ,μετδολοσ,4
ⲧⲁⲩⲧⲁ,ταυτα,4
ⲉⲣⲉⲩⲑⲏⲛⲓⲛ,ερευθηνιν,4
ⲡⲣⲟⲥⲟⲩⲥⲏⲟⲩ,προσουσηου,4
ⲹⲏⲇⲉⲱⲥ,ⲹηδεωσ,4
ⲥⲩⲙⲡⲟⲥⲓⲟⲛ,συμποσιον,4
ⲕⲁⲧⲁⲫⲣⲟⲛⲏⲧⲏⲥ,καταφρονητησ,4
ⲡⲣⲟⲃⲗⲏⲙⲁ,προβλημα,4
ⲉⲣⲛⲏⲫⲓⲛ,ερνηφιν,4
ⲭⲣⲟⲛⲟⲛ,χρονον,4
ⲉⲣⲫⲟⲣⲉⲓⲛ,ερφορειν,4
ⲭⲱⲣⲟⲥ,χωροσ,4
ⲉⲣⲭⲁⲣⲓⲍⲉⲥⲑⲁⲓ,ερχαριζεσθαι,4
ⲉⲣⲯⲁⲗⲗⲉⲓⲛ,ερψαλλειν,4
ⲉⲣⲕⲁⲑⲁⲣⲓⲍⲉⲓⲛ,ερκαθαριζειν,4
ⲁⲗⲁⲃⲁⲥⲧⲣⲟⲛ,αλαβαστρον,4
ⲧⲟⲩⲧⲟ,τουτο,4
ⲙⲉⲣⲟⲩⲥ,μερουσ,4
ⲣⲁⲡⲟⲥⲧⲟⲗⲟⲥ,ραποστολοσ,4
ⲥⲧⲁⲥⲓⲥ,στασισ,4
ⲥⲓⲛⲇⲱⲛ,σινδων,4
ⲛⲁⲣⲇⲟⲥ,ναρδοσ,4
ⲁⲡⲁⲣⲛⲁ,απαρνα,4
ⲭⲣⲏⲥⲧⲓⲁⲛⲟⲥ,χρηστιανοσ,4
ⲡⲁⲣⲁⲕⲗⲏⲧⲟⲥ,παρακλητοσ,4
ⲹⲓⲥⲧⲁⲩⲣⲟⲥ,ⲹισταυροσ,4
ⲹⲓⲡⲓⲥⲧⲁⲩⲣⲟⲥ,ⲹιπισταυροσ,4
ⲙⲉⲧⲁⲣⲭⲓⲉⲣⲉⲩⲥ,μεταρχιερευσ,4
ⲁⲡⲟⲗⲩ,απολυ,4
ⲕⲁⲕⲟⲩⲣⲅⲟⲥ,κακουργοσ,4
ⲁⲫⲑⲁⲣⲧⲟⲥ,αφθαρτοσ,4
ⲁⲗⲫⲁ,αλφα,4
ⲁⲡⲟⲕⲁⲑⲓⲥⲧⲁ,αποκαθιστα,4
ⲁⲗⲗⲟ,αλλο,4
ⲭⲁⲗⲁⲍⲁ,χαλαζα,4
ⲁⲥⲫⲁⲗⲱⲥ,ασφαλωσ,4
ⲭⲣⲓⲥⲙⲁ,χρισμα,4
ⲭⲱⲣⲏⲙⲁ,χωρημα,4
ⲕⲁⲧⲁⲗⲁⲙⲃⲁⲛⲉ,καταλαμβανε,4
ⲁⲡⲟⲧⲁⲅⲏ,αποταγη,4
ⲡⲁⲣⲁⲡⲗⲏⲝ,παραπληξ,4
ⲹⲓⲗⲓⲕⲣⲓⲛⲉⲥ,ⲹιλικρινεσ,4
ⲿⲁⲡⲟⲗⲟⲅⲓⲁ,ⲿαπολογια,4
ⲹⲓⲥⲟⲥ,ⲹισοσ,4
ⲁⲛⲑⲣⲁⲝ,ανθραξ,4
ⲫⲁⲥⲕⲓⲁ,φασκια,4
ⲙⲛⲧⲁⲣⲭⲓⲉⲣⲉⲩⲥ,μνταρχιερευσ,4
ⲍⲱⲕⲣⲁⲧⲱⲣ,ζωκρατωρ,4
ⲃⲁⲑⲙⲟⲥ,βαθμοσ,4
ⲕⲁⲧⲁⲗⲁⲗⲉⲓⲁ,καταλαλεια,4
ⲣⲛⲏⲥⲧⲉⲩⲉ,ρνηστευε,4
ⲡⲧⲱⲙⲁ,πτωμα,4
ⲍⲓⲍⲁⲛⲓⲟⲛ,ζιζανιον,4
ⲕⲁⲧⲁⲫⲣⲟⲛⲓⲧⲏⲥ,καταφρονιτησ,4
ⲛⲝ,νξ,4
ⲡⲁⲣⲁⲗⲓⲁ,παραλια,4
ⲧⲉⲣⲉⲃⲓⲛⲑⲟⲥ,τερεβινθοσ,4
ⲭⲙⲁⲗⲱⲥⲓⲁ,χμαλωσια,4
ⲁⲙⲉⲣⲓ,αμερι,4
ⲹⲓⲡⲡⲉⲩⲥ,ⲹιππευσ,4
ⲡⲟⲣⲛⲉⲩⲓⲛ,πορνευιν,4
ⲉⲗⲁⲙⲓⲧⲏⲥ,ελαμιτησ,4
ⲫⲣⲁⲅⲙⲟⲥ,φραγμοσ,4
ⲕⲣⲁⲧⲏⲣ,κρατηρ,4
ⲁⲣⲭⲓⲙⲁⲅⲓⲣⲟⲥ,αρχιμαγιροσ,4
ⲟⲛⲟⲙⲁⲥⲧⲟⲥ,ονομαστοσ,4
ⲉⲣⲅⲟⲇⲓⲱⲕⲧⲏⲥ,εργοδιωκτησ,4
ⲥⲧⲩⲭⲟⲥ,στυχοσ,4
ⲕⲁⲑⲁⲣⲟⲥ,καθαροσ,4
ⲣⲉⲵⲿⲹⲁⲡ,ρεⲵⲿⲹαπ,4
ⲥⲩⲛⲇⲟⲛⲓⲟⲛ,συνδονιον,4
ⲉⲩⲥⲭⲏⲙⲱⲛ,ευσχημων,4
ⲃⲁⲥⲓⲗⲓⲟⲥ,βασιλιοσ,4
ⲕⲉⲗⲉⲩⲓⲛ,κελευιν,4
ⲕⲟⲗⲗⲟⲑⲟⲥ,κολλοθοσ,4
ⲁⲡⲉⲭⲉ,απεχε,4
ⲡⲟⲇⲏⲣⲏ,ποδηρη,3
ⲣⲡⲟⲗⲉⲙⲟⲥ,ρπολεμοσ,3
ⲉⲗⲑⲏⲥ,ελθησ,3
ⲕⲟⲓⲗⲓⲁ,κοιλια,3
ⲡⲣⲓⲱⲟⲩ,πριωου,3
ⲁⲛⲁⲃⲁⲥⲓⲥ,αναβασισ,3
ⲥⲕⲓⲣⲧⲁ,σκιρτα,3
ⲕⲩⲛⲇⲩⲛⲟⲥ,κυνδυνοσ,3
ⲇⲓⲁⲧⲣⲉⲡⲉ,διατρεπε,3
ⲑⲉⲟⲧⲟⲕⲟⲥ,θεοτοκοσ,3
ⲑⲉⲟⲇⲱⲥⲓⲟⲥ,θεοδωσιοσ,3
ⲉⲓⲣⲏⲛⲓⲕⲟⲥ,ειρηνικοσ,3
ⲁⲗⲁⲗⲓⲁ,αλαλια,3
ⲁⲣⲓⲥⲧⲁ,αριστα,3
ⲥⲕⲩⲗⲙⲟⲥ,σκυλμοσ,3
ⲉⲅⲱ,εγω,3
ⲡⲣⲁⲅⲙⲁⲧⲓⲁ,πραγματια,3
ⲹⲩⲡⲟⲙⲛⲏⲙⲁ,ⲹυπομνημα,3
ⲕⲁⲕⲏⲕⲉⲫⲁⲗⲏ,κακηκεφαλη,3
ⲕⲉⲛⲧⲏⲛⲁⲣⲓⲟⲛ,κεντηναριον,3
ⲙⲁⲛⲓⲁⲕⲏⲥ,μανιακησ,3
ⲹⲓⲥⲱⲛ,ⲹισων,3
ⲡⲁⲣⲁⲣⲟ,παραρο,3
ⲁⲛⲕⲉⲫⲁⲗⲟⲥ,ανκεφαλοσ,3
ⲝⲱⲣⲓⲍⲉ,ξωριζε,3
unknown,unknown,3
ⲁⲑⲉⲧⲓ,αθετι,3
ⲁⲩⲧⲟⲩ,αυτου,3
ⲁⲡⲟ,απο,3
ⲃⲓⲃⲗⲟⲥ,βιβλοσ,3
ⲁⲉⲧⲟⲥ,αετοσ,3
ⲁⲛⲁⲗⲁⲙⲃⲁⲛⲉ,αναλαμβανε,3
ⲡⲣⲟⲕⲟⲡⲧⲉⲓ,προκοπτει,3
ⲳⲙⲳⲉⲉⲓⲇⲱⲗⲟⲛ,ⲳμⲳεειδωλον,3
ⲿⲙⲉⲧⲁⲛⲟⲓⲁ,ⲿμετανοια,3
ⲛⲟⲩⲙⲉⲣⲟⲛ,νουμερον,3
ⲁⲡⲟⲛⲟⲓⲁ,απονοια,3
ⲭⲁⲗⲓⲛⲟⲩ,χαλινου,3
ⲟⲛⲟⲙⲁⲥⲓⲁ,ονομασια,3
ⲙⲛⲧⲇⲓⲕⲁⲓⲟⲥ,μντδικαιοσ,3
ⲫⲱⲥⲥⲁ,φωσσα,3
ⲁⲗⲟⲅⲟⲛ,αλογον,3
ⲹⲁⲙⲁ,ⲹαμα,3
ⲅⲉⲛⲉⲥⲓⲥ,γενεσισ,3
ⲯⲁⲗⲙⲱⲇⲟⲥ,ψαλμωδοσ,3
ⲥⲩⲛⲕⲗⲏⲧⲓⲕⲟⲥ,συνκλητικοσ,3
ⲙⲱⲅⲓⲥ,μωγισ,3
ⲙⲱⲛⲟⲛ,μωνον,3
ⲹⲩⲡⲉⲣⲉⲧⲉⲓ,ⲹυπερετει,3
ⲙⲛⲧⲕⲁⲑⲁⲣⲟⲥ,μντκαθαροσ,3
ⲕⲩⲡⲏ,κυπη,3
ⲹⲩⲡⲟⲙⲓⲛⲏ,ⲹυπομινη,3
ⲉⲓ,ει,3
ⲣⲭⲏⲣⲁ,ρχηρα,3
ⲣⲭⲣⲏⲥⲧⲟⲥ,ρχρηστοσ,3
ⲹⲏⲣⲱⲇⲓⲁⲛⲟⲥ,ⲹηρωδιανοσ,3
ⲉⲡⲓⲥⲧⲏⲙⲉⲓ,επιστημει,3
ⲕⲩⲍⲓⲕⲟⲥ,κυζικοσ,3
ⲥⲉⲗⲓⲥ,σελισ,3
ⲕⲁⲧⲁⲕⲣⲓⲙⲁ,κατακριμα,3
ⲡⲓⲑⲉ,πιθε,3
ⲙⲛⲧⲹⲁⲡⲗⲟⲩⲥ,μντⲹαπλουσ,3
ⲱⲕⲉⲁⲛⲟⲥ,ωκεανοσ,3
ⲁⲣⲕⲁⲇⲓⲟⲥ,αρκαδιοσ,3
ⲡⲁⲣⲁⲛⲟⲙⲉⲓ,παρανομει,3
ⲥⲉⲙⲛⲟⲛ,σεμνον,3
ⲉⲡⲓⲛⲓⲕⲓⲟⲛ,επινικιον,3
ⲉⲅⲕⲣⲁⲧⲏⲥ,εγκρατησ,3
ⲹⲟⲡⲟⲩ,ⲹοπου,3
ⲉⲗⲉⲅⲭⲉ,ελεγχε,3
ⲁⲛⲧⲓⲗⲉⲅⲉ,αντιλεγε,3
ⲑⲉⲟⲡⲓⲥⲧⲟⲥ,θεοπιστοσ,3
ⲡⲟⲗⲉⲓⲧⲉⲓⲁ,πολειτεια,3
ⲁⲛⲟⲙⲟⲛ,ανομον,3
ⲑⲁⲗⲡⲉⲓ,θαλπει,3
ⲇⲓⲱⲕⲧⲏⲥ,διωκτησ,3
ⲑⲉⲣⲁⲡⲓⲁ,θεραπια,3
ⲓⲟⲩⲗⲓⲟⲥ,ιουλιοσ,3
ⲕⲧⲏⲙⲁ,κτημα,3
ⲕⲁⲓⲣⲱⲥ,καιρωσ,3
ⲹⲉⲗⲡⲓⲍ,ⲹελπιζ,3
ⲣⲉⲵⲉⲡⲓⲑⲩⲙⲉⲓ,ρεⲵεπιθυμει,3
ⲥⲡⲟⲣⲁ,σπορα,3
ⲹⲟⲗⲟⲕⲁⲩⲧⲱⲙⲁ,ⲹολοκαυτωμα,3
ⲥⲡⲗⲁⲅⲭⲛⲟⲛ,σπλαγχνον,3
ⲥⲩⲙⲫⲟⲣⲁ,συμφορα,3
ⲧⲉⲭⲛⲏⲧⲏⲥ,τεχνητησ,3
ⲃⲉⲗⲉⲧⲁⲣⲓⲟⲥ,βελεταριοσ,3
ⲹⲁⲣⲙⲉⲛⲓⲁ,ⲹαρμενια,3
ⲁⲧⲁⲝⲓⲁ,αταξια,3
ⲁⲛⲁⲡⲁⲩⲉ,αναπαυε,3
ⲁⲛⲁⲥⲧⲣⲟⲫⲏ,αναστροφη,3
ⲹⲓⲥⲟⲛ,ⲹισον,3
ⲇⲓⲁⲫⲟⲣⲁ,διαφορα,3
ⲁⲕⲣⲓⲃⲓⲁ,ακριβια,3
ⲉⲣⲩⲑⲣⲁ,ερυθρα,3
ⲡⲟⲣⲛⲓⲟⲛ,πορνιον,3
ⲹⲟⲙⲟⲟⲩⲥⲓⲟⲥ,ⲹομοουσιοσ,3
ⲭⲁⲣⲁⲕⲧⲏⲣ,χαρακτηρ,3
ⲗⲓⲧⲣⲁ,λιτρα,3
ⲙⲏⲧⲣⲟⲡⲟⲗⲓⲥ,μητροπολισ,3
ⲕⲁⲓⲥⲁⲣ,καισαρ,3
ⲙⲛⲧⲙⲁⲕⲁⲣⲓⲟⲥ,μντμακαριοσ,3
ⲇⲓⲁⲃⲁⲗⲗⲉ,διαβαλλε,3
ⲁⲅⲁⲁⲡⲏ,αγααπη,3
ⲥⲁⲣⲕⲓⲕⲱⲥ,σαρκικωσ,3
ⲉⲡⲓⲑⲁⲛⲁⲧⲓⲟⲥ,επιθανατιοσ,3
ⲉⲣⲑⲉⲁⲧⲣⲟⲛ,ερθεατρον,3
ⲉⲡⲓⲕⲁⲑⲉⲣⲙⲁ,επικαθερμα,3
ⲉⲣⲉⲡⲓⲑⲩⲙⲓⲛ,ερεπιθυμιν,3
ⲁⲡⲁⲝ,απαξ,3
ⲭⲗⲟⲏⲥ,χλοησ,3
ⲁⲛ,αν,3
ⲙⲉⲧⲁⲥⲑⲏⲛⲏⲥ,μετασθηνησ,3
ⲙⲉⲧⲁⲅⲉⲛⲏⲥ,μεταγενησ,3
ⲙⲓⲥⲑⲱⲧⲏⲥ,μισθωτησ,3
ⲕⲱⲙⲟⲡⲟⲗⲓⲥ,κωμοπολισ,3
ⲡⲓⲝⲓⲟⲛ,πιξιον,3
ⲉⲡⲓⲃⲟⲩⲗⲟⲥ,επιβουλοσ,3
ⲕⲁⲛⲑⲁⲣⲟⲥ,κανθαροσ,3
ⲉⲣⲉⲅⲕⲣⲁⲧⲉⲩⲉⲥⲑⲉ,ερεγκρατευεσθε,3
ⲉⲣⲙⲉⲗⲓ,ερμελι,3
ⲧⲟⲗⲟⲓⲡⲟⲛ,τολοιπον,3
ⲉⲣⲕⲁⲧⲁⲭⲣⲁⲥⲑⲉ,ερκαταχρασθε,3
ⲉⲣⲁⲕⲙⲏ,ερακμη,3
ⲡⲣⲟⲫⲏⲧⲉⲓⲁ,προφητεια,3
ⲉⲣⲉⲡⲓⲥⲕⲟⲡⲟⲥ,ερεπισκοποσ,3
ⲹⲟⲙⲟⲗⲟⲅⲏⲧⲏⲥ,ⲹομολογητησ,3
ⲇⲟⲗⲟⲥ,δολοσ,3
ⲇⲓⲟⲥⲕⲟⲣⲟⲥ,διοσκοροσ,3
ⲡⲛⲉⲩⲙⲁⲧⲓⲕⲏ,πνευματικη,3
ⲙⲁⲕⲉⲗⲗⲟⲥ,μακελλοσ,3
ⲇⲓⲁⲕⲣⲓⲥⲓⲥ,διακρισισ,3
ⲁⲭⲁⲓⲕⲟⲥ,αχαικοσ,3
ⲕⲩⲣⲓⲁⲕⲟⲛ,κυριακον,3
ⲕⲉⲛⲧⲩⲣⲓⲱⲛ,κεντυριων,3
ⲑⲉⲟⲇⲟⲥⲓⲟⲥ,θεοδοσιοσ,3
ⲫⲁⲣⲙⲁⲅⲓⲁ,φαρμαγια,3
ⲉⲣⲙⲏⲛⲓⲁ,ερμηνια,3
ⲁⲅⲅⲉⲗⲓⲕⲏ,αγγελικη,3
ⲁⲛⲧⲓⲕⲉⲓⲙⲉⲛⲟⲥ,αντικειμενοσ,3
ⲙⲉⲧⲁⲅⲓⲟⲥ,μεταγιοσ,3
ⲉⲣⲁⲓⲧⲉⲓⲛ,εραιτειν,3
ⲕⲁⲛⲓⲥⲕⲓⲟⲛ,κανισκιον,3
ⲙⲁⲕⲟⲩⲣⲓⲁ,μακουρια,3
ⲙⲁⲩⲣⲱⲧⲁⲛⲓⲁ,μαυρωτανια,3
ⲡⲗⲁⲧⲉⲓⲁ,πλατεια,3
ⲡⲗⲏⲅⲉ,πληγε,3
ⲡⲉⲣⲓⲕⲉⲫⲁⲗⲁⲓⲁ,περικεφαλαια,3
ⲣⲇⲓⲕⲁⲓⲟⲥ,ρδικαιοσ,3
ⲹⲗⲡⲓⲍⲉ,ⲹλπιζε,3
ⲧⲣⲁⲓⲁⲛⲟⲥ,τραιανοσ,3
ⲁⲇⲣⲓⲁⲛⲟⲥ,αδριανοσ,3
ⲅⲩⲙⲛⲁⲍⲉ,γυμναζε,3
ⲉⲡⲉⲧⲓⲙⲁ,επετιμα,3
ⲹⲉⲕⲁⲧⲏ,ⲹεκατη,3
ⲫⲟⲛⲉⲩⲥ,φονευσ,3
ⲙⲉⲥⲟⲥ,μεσοσ,3
ⲥⲡⲓⲛⲑⲏⲣ,σπινθηρ,3
ⲁⲣⲏⲥ,αρησ,3
ⲉⲅⲕⲁⲕⲉⲓ,εγκακει,3
ⲙⲉⲣⲓⲍⲉ,μεριζε,3
ⲡⲁⲣⲁⲡⲟⲗⲏ,παραπολη,3
ⲧⲓⲧⲗⲟⲥ,τιτλοσ,3
ⲡⲁⲛⲑⲏⲣ,πανθηρ,3
ⲙⲛⲧⲁⲥⲑⲉⲛⲏⲥ,μντασθενησ,3
ⲇⲓⲁⲕⲱⲛⲟⲥ,διακωνοσ,3
ⲕⲁⲓⲛⲏ,καινη,3
ⲿⲛⲟⲙⲟⲥ,ⲿνομοσ,3
ⲣⲡⲁⲣⲁⲅⲉ,ρπαραγε,3
ⲣⲡⲁⲣⲁⲓⲧⲉⲓ,ρπαραιτει,3
ⲑⲛⲉⲉⲣⲅⲁⲧⲏⲥ,θνεεργατησ,3
ⲡⲁⲣⲁⲕⲟⲓⲧⲱⲛ,παρακοιτων,3
ⲁⲛⲟⲏⲧⲟⲥ,ανοητοσ,3
ⲙⲉⲧⲭⲏⲣⲁ,μετχηρα,3
ⲁⲥⲧⲓⲟⲥ,αστιοσ,3
ⲁⲭⲁⲧⲏⲥ,αχατησ,3
ⲧⲩⲭⲏ,τυχη,3
ⲹⲩⲥⲥⲱⲡⲟⲥ,ⲹυσσωποσ,3
ⲙⲉⲧⲹⲏⲅⲉⲙⲱⲛ,μετⲹηγεμων,3
ⲁⲕⲣⲁⲧⲟⲛ,ακρατον,3
ⲥⲕⲁⲫⲏ,σκαφη,3
ⲁⲥⲑⲉⲛⲉⲓⲁ,ασθενεια,3
ⲡⲓⲣⲁ,πιρα,3
ⲕⲛⲱⲥⲓⲥ,κνωσισ,3
ⲡⲓⲥⲧⲓⲕⲏ,πιστικη,3
ⲑⲉⲟⲇⲱⲣⲟⲥ,θεοδωροσ,3
ⲉⲣⲛⲭⲣⲓⲁ,ερνχρια,3
ⲹⲓⲥⲧⲱⲣⲓⲁ,ⲹιστωρια,3
ⲗⲩⲕⲓⲁ,λυκια,3
ⲑⲉⲟⲕⲧⲓⲥⲧⲟⲥ,θεοκτιστοσ,3
ⲁⲡⲟⲥⲩⲛⲁⲅⲱⲅⲟⲥ,αποσυναγωγοσ,3
ⲓⲙⲏⲿ,ιμηⲿ,3
ⲁⲕⲣⲓⲃⲱⲥ,ακριβωσ,3
ⲙⲉⲧⲹⲁⲡⲗⲟⲩⲥ,μετⲹαπλουσ,3
ⲡⲁⲣⲁⲕⲗⲏ,παρακλη,3
ⲕⲩⲡⲣⲓⲟⲥ,κυπριοσ,3
ⲉⲣⲙⲉⲧⲁⲛⲟⲉⲓⲛ,ερμετανοειν,3
ⲣⲏⲥⲓⲥ,ρησισ,3
ⲁⲑⲁⲛⲁⲥⲓⲁ,αθανασια,3
ⲭⲉⲓⲣⲟⲇⲟⲛⲉⲓ,χειροδονει,3
ⲥⲡⲗⲏⲛ,σπλην,3
ⲧⲁⲗⲉⲡⲣⲟⲥⲫⲟⲣⲁ,ταλεπροσφορα,3
ⲙⲛⲧⲡⲣⲟⲇⲟⲧⲏⲥ,μντπροδοτησ,3
ⲙⲛⲧⲧⲩⲣⲁⲛⲛⲟⲥ,μνττυραννοσ,2
ⲟⲛ,ον,2
ⲥⲩⲛⲭⲱⲣⲏⲥⲓⲥ,συνχωρησισ,2
ⲗⲉⲩⲕⲟⲫⲟⲣⲉⲓ,λευκοφορει,2
ⲙⲉⲧⲣⲟⲛ,μετρον,2
ⲹⲟⲙⲁⲓⲱⲥ,ⲹομαιωσ,2
ⲥⲩⲙⲁⲛⲉ,συμανε,2
ⲥⲩⲛⲑⲩⲕⲏ,συνθυκη,2
ⲥⲧⲉⲫⲁⲛⲓⲧⲏⲥ,στεφανιτησ,2
ⲁⲕⲣⲱⲁⲧⲏⲥ,ακρωατησ,2
ⲑⲩⲣⲁⲡⲉⲩⲉ,θυραπευε,2
ⲡⲁⲣⲣⲟⲩⲥⲓⲁ,παρρουσια,2
ⲡⲗⲏⲣⲟⲩ,πληρου,2
ⲁⲇⲱⲛⲉⲓ,αδωνει,2
ⲡⲁⲣⲁⲙⲩⲑⲓⲁ,παραμυθια,2
ⲉⲩⲡⲟⲣⲉⲓ,ευπορει,2
ⲹⲩⲡⲟⲩⲣⲅⲉⲓ,ⲹυπουργει,2
ⲁⲥⲧⲉⲣⲓⲟⲥ,αστεριοσ,2
ⲁⲅⲓⲟⲩ,αγιου,2
ⲉⲝⲱⲣⲓⲥⲧⲉⲓⲁ,εξωριστεια,2
ⲥⲉⲃⲁⲥⲧⲓⲁⲛⲟⲥ,σεβαστιανοσ,2
ⲁⲡⲟⲗⲗⲟⲛ,απολλον,2
ⲉⲣⲙⲏⲧⲁⲣⲓⲟⲛ,ερμηταριον,2
ⲡⲉⲗⲁⲕ,πελακ,2
ⲕⲁⲧⲁⲡⲟⲛⲿⲍⲉ,καταπονⲿζε,2
ⲣⲑⲩⲥⲓⲁⲍⲉ,ρθυσιαζε,2
ⲃⲟⲙⲱⲥ,βομωσ,2
ⲣⲁⲡⲟⲡⲛⲓⲅⲉ,ραποπνιγε,2
ⲹⲣⲟⲕⲉⲩⲉ,ⲹροκευε,2
ⲹⲩⲡⲉⲣⲉⲥⲓⲁ,ⲹυπερεσια,2
ⲉⲝⲉⲇⲣⲁ,εξεδρα,2
ⲿⲕⲁⲥⲓⲥ,ⲿκασισ,2
ⲉⲝⲟⲣⲓⲥⲙⲉⲛⲟⲥ,εξορισμενοσ,2
ⲁⲗⲉⲝⲁⲛⲇⲣⲉⲩⲥ,αλεξανδρευσ,2
ⲡⲁⲣⲁⲕⲁⲗⲉ,παρακαλε,2
ⲕⲟⲗⲗⲁⲣⲓⲟⲛ,κολλαριον,2
ⲡⲁⲓⲇⲁⲓⲥ,παιδαισ,2
ⲁⲛⲿⲛⲱⲟⲩ,ανⲿνωου,2
ⲗⲟⲅⲭⲓⲍⲉ,λογχιζε,2
ⲁⲣⲭⲏⲧⲉⲕⲧⲱⲛ,αρχητεκτων,2
ⲁⲥⲭⲏⲙⲟⲛⲉⲓ,ασχημονει,2
ⲧⲁⲣⲁⲥⲥⲉ,ταρασσε,2
ⲭⲉⲓⲙⲏⲧⲓ,χειμητι,2
ⲁⲅⲱⲛⲓⲥⲧⲏⲥ,αγωνιστησ,2
ⲉⲝⲏⲅⲓⲥⲑⲁⲓ,εξηγισθαι,2
ⲕⲟⲗⲟⲃⲓⲟⲛ,κολοβιον,2
ⲁⲡⲟⲥⲧⲏⲑⲟⲥ,αποστηθοσ,2
ⲁⲥⲑⲉ,ασθε,2
ⲉⲡⲉⲓⲧⲁⲥⲥⲉ,επειτασσε,2
ⲙⲟⲛⲁⲭⲏ,μοναχη,2
ⲡⲁⲣⲧⲁⲗⲏⲥ,παρταλησ,2
ⲙⲟⲛⲟⲭⲟⲥ,μονοχοσ,2
ⲉⲥⲩⲭⲓⲁ,εσυχια,2
ⲙⲁⲣⲕⲁⲣⲓⲧⲏⲥ,μαρκαριτησ,2
ⲹⲁⲣⲙⲟⲥ,ⲹαρμοσ,2
ⲹⲉⲛⲧⲟⲩ,ⲹεντου,2
ⲁⲛⲁⲗⲏⲯⲓⲥ,αναληψισ,2
ⲡⲉⲣⲁ,περα,2
ⲑⲉⲟⲫⲟⲣⲟⲥ,θεοφοροσ,2
ⲍⲱⲅⲣⲁⲫⲉⲓ,ζωγραφει,2
ⲅⲩⲙⲛⲁⲥⲓⲁ,γυμνασια,2
ⲕⲟⲗⲁⲥⲧⲏⲣⲓⲟⲛ,κολαστηριον,2
ⲁⲑⲗⲏⲥⲓⲥ,αθλησισ,2
ⲑⲁⲣⲓ,θαρι,2
ⲙⲛⲧⲙⲁⲅⲟⲥ,μντμαγοσ,2
ⲕⲧⲓⲥⲓⲥ,κτισισ,2
ⲹⲩⲡⲟⲡⲟⲇⲓⲟⲛ,ⲹυποποδιον,2
ⲅⲓⲅⲁⲥ,γιγασ,2
ⲡⲁⲣⲁⲕⲗⲏⲥⲓⲥ,παρακλησισ,2
ⲥⲱⲣ,σωρ,2
ⲉⲡⲓⲥⲕⲟⲡⲟⲩ,επισκοπου,2
ⲥⲩⲅⲕⲗⲏⲧⲓⲕⲏ,συγκλητικη,2
ⲃⲏⲥⲁⲣⲓⲟⲛ,βησαριον,2
ⲫⲓⲗⲁⲅⲣⲓⲟⲥ,φιλαγριοσ,2
ⲃⲁⲗⲗⲁⲧⲓⲟⲛ,βαλλατιον,2
ⲹⲩⲡⲉⲣⲉⲭⲓⲟⲥ,ⲹυπερεχιοσ,2
ⲿⲛⲧⲟⲗⲏ,ⲿντολη,2
ⲑⲉⲱⲇⲱⲣⲟⲥ,θεωδωροσ,2
ⲹⲉⲛⲁⲧⲟⲛ,ⲹενατον,2
ⲕⲟⲗⲟⲃⲟⲥ,κολοβοσ,2
ⲑⲉⲟⲇⲟⲣⲟⲥ,θεοδοροσ,2
ⲕⲁⲥⲓⲁⲛⲟⲥ,κασιανοσ,2
ⲃⲁⲥⲓⲙⲟⲥ,βασιμοσ,2
ⲙⲛⲧⲥⲩⲛⲕⲗⲏⲧⲓⲕⲟⲥ,μντσυνκλητικοσ,2
ⲍⲱⲛⲧ,ζωντ,2
ⲡⲁⲓ,παι,2
ⲫⲣⲟⲛⲧⲓⲍⲉ,φροντιζε,2
ⲑⲉⲱⲫⲓⲗⲟⲥ,θεωφιλοσ,2
ⲡⲁⲡⲁⲥ,παπασ,2
ⲥⲁⲣⲁⲡⲓⲟⲛ,σαραπιον,2
ⲕⲱⲥⲙⲓⲕⲟⲛ,κωσμικον,2
ⲙⲉⲗⲱⲧⲏ,μελωτη,2
ⲁⲣⲥⲉⲛⲓⲟⲥ,αρσενιοσ,2
ⲟⲩⲁ,ουα,2
ⲥⲩⲛⲕⲗⲏⲧⲓⲕⲏ,συνκλητικη,2
ⲉⲩⲭⲁⲣⲓⲥⲧⲁ,ευχαριστα,2
ⲣⲁⲕⲣⲓⲃⲏⲥ,ρακριβησ,2
ⲹⲩⲡⲏⲣⲉⲭⲓⲟⲥ,ⲹυπηρεχιοσ,2
ⲙⲛⲧⲕⲱⲥⲙⲓⲕⲟⲛ,μντκωσμικον,2
ⲡⲁⲣⲓⲅⲟⲣⲓ,παριγορι,2
ⲉⲅⲅⲩⲏ,εγγυη,2
ⲡⲗⲁⲡⲧⲉⲓ,πλαπτει,2
ⲉⲡⲓⲭⲓⲣⲉ,επιχιρε,2
ⲡⲗⲉⲟⲛⲉⲝⲓⲁ,πλεονεξια,2
ⲙⲛⲧⲣⲉⲵⲿⲕⲁⲣⲡⲟⲥ,μντρεⲵⲿκαρποσ,2
ⲕⲉⲛⲟⲇⲟⲝⲓⲁ,κενοδοξια,2
ⲡⲣⲟⲫⲁⲥⲓⲥ,προφασισ,2
ⲳⲉⲧⲧⲉⲗⲟⲥ,ⲳεττελοσ,2
ⲕⲁⲛⲁⲛⲁⲓⲟⲥ,καναναιοσ,2
ⲕⲧⲉⲯⲩⲭⲏ,κτεψυχη,2
ⲟⲡⲧⲉⲩⲉ,οπτευε,2
ⲡⲗⲉⲟⲛⲉⲕⲧⲉ,πλεονεκτε,2
ⲳⲃⲣⲕⲗⲏⲣⲟⲛⲟⲙⲟⲥ,ⲳβρκληρονομοσ,2
ⲥⲩⲙⲙⲉⲧⲟⲭⲟⲥ,συμμετοχοσ,2
ⲁⲛⲁⲥⲧⲣⲉⲫⲉ,αναστρεφε,2
ⲁⲧⲡⲁⲣⲁⲓⲧⲉⲓ,ατπαραιτει,2
ⲉⲡⲏⲣⲉⲓⲁ,επηρεια,2
ⲉⲩⲭⲁⲣⲓⲥⲧⲓⲁ,ευχαριστια,2
ⲣⲹⲩⲙⲉⲣⲟⲥ,ρⲹυμεροσ,2
ⲣⲛⲟⲙⲟⲥ,ρνομοσ,2
ⲑⲉⲟⲇⲱⲣⲁ,θεοδωρα,2
ⲡⲣⲱⲧⲱⲛ,πρωτων,2
ⲳⲃⲏⲣⲥⲭⲟⲗⲁⲥⲧⲓⲕⲟⲥ,ⲳβηρσχολαστικοσ,2
ⲉⲡⲉⲓⲑⲩⲙⲓ,επειθυμι,2
ⲥⲭⲟⲗⲁⲥⲧⲓⲕⲏ,σχολαστικη,2
ⲧⲹⲓⲕⲱⲛ,τⲹικων,2
ⲿⲥⲭⲏⲙⲁ,ⲿσχημα,2
ⲁⲣⲭⲏⲙⲁⲛⲧⲣⲓⲧⲏⲥ,αρχημαντριτησ,2
ⲁⲛⲑⲉⲙⲓⲟⲥ,ανθεμιοσ,2
ⲇⲣⲁⲙⲁ,δραμα,2
ⲉⲣⲉ,ερε,2
ⲣⲉⲵⲇⲟⲅⲙⲁⲧⲓⲍⲉ,ρεⲵδογματιζε,2
ⲣⲉⲛⲇⲁⲓⲙⲱⲛⲓⲟⲛ,ρενδαιμωνιον,2
ⲹⲩⲗⲟⲥ,ⲹυλοσ,2
ⲉⲝⲹⲟⲙⲟⲗⲟⲅⲏⲥⲓⲥ,εξⲹομολογησισ,2
ⲕⲏⲣⲩⲅⲙⲁ,κηρυγμα,2
ⲭⲣⲉⲓⲥⲧⲓⲁⲛⲟⲥ,χρειστιανοσ,2
ⲙⲛⲧⲗⲏⲥⲧⲏⲥ,μντληστησ,2
ⲡⲟⲛⲏⲣⲉⲩⲉ,πονηρευε,2
ⲡⲁⲣⲁⲇⲓⲅⲙⲁⲧⲓⲍⲉ,παραδιγματιζε,2
ⲙⲁⲅⲉⲓⲣⲟⲥ,μαγειροσ,2
ⲽⲛⲉⲓⲇⲱⲗⲟⲛ,ⲽνειδωλον,2
ⲉⲩⲣⲓⲡⲟⲥ,ευριποσ,2
ⲉⲡⲟⲓⲕⲓⲟⲛ,εποικιον,2
ⲙⲛⲧⲁⲡⲟⲥⲧⲟⲥ,μνταποστοσ,2
ⲟⲣⲭⲉ,ορχε,2
ⲥⲡⲉⲕⲟⲩⲗⲁⲧⲱⲣ,σπεκουλατωρ,2
ⲁⲡⲟⲥⲧⲁⲥⲥⲉ,αποστασσε,2
ⲃⲁⲥⲕⲁⲛⲟⲥ,βασκανοσ,2
ⲙⲉⲥⲟⲩⲁⲫⲓ,μεσουαφι,2
ⲕⲁⲉⲡⲓⲥⲧⲏⲙⲏ,καεπιστημη,2
ⲙⲛⲧⲣⲉⲵⲹⲉⲧⲃⲯⲩⲭⲏ,μντρεⲵⲹετβψυχη,2
ⲹⲓⲗⲗⲁⲣⲓⲁ,ⲹιλλαρια,2
ⲍⲏⲛⲱⲛ,ζηνων,2
ⲕⲁⲧⲁⲅⲁⲓⲟⲛ,καταγαιον,2
ⲥⲩⲛⲍⲏⲧⲏⲧⲏⲥ,συνζητητησ,2
ⲻⲓⲥⲱⲙⲁ,ⲻισωμα,2
ⲕⲁⲡⲁⲣⲛⲁⲟⲩⲙ,καπαρναουμ,2
ⲅⲉⲣⲁⲥⲏⲛⲟⲥ,γερασηνοσ,2
ⲉⲡⲓⲑⲁⲛⲁⲧⲏⲥ,επιθανατησ,2
ⲳⲁⲹⲣⲁⲓ,ⲳαⲹραι,2
ⲡⲉⲣⲓⲕⲁⲑⲁⲣⲙⲁ,περικαθαρμα,2
ⲡⲁⲓⲇⲁⲅⲱⲅⲟⲥ,παιδαγωγοσ,2
ⲣⲉⲵⲹⲱⲥ,ρεⲵⲹωσ,2
ⲹⲩⲗⲓⲕⲟⲥ,ⲹυλικοσ,2
ⲛⲟⲏⲧⲏ,νοητη,2
ⲁⲧⲉⲡⲓⲥⲕⲟⲡⲟⲥ,ατεπισκοποσ,2
ⲫⲩⲗⲟⲡⲟⲛⲟⲥ,φυλοπονοσ,2
ⲉⲝⲏⲅⲉⲥⲑⲁⲓ,εξηγεσθαι,2
ⲗⲉⲓⲧⲟⲩⲣⲅⲓⲁ,λειτουργια,2
ⲥⲉ,σε,2
ⲕⲁⲫⲁⲣⲛⲁⲟⲩⲙ,καφαρναουμ,2
ⲗⲉⲟⲩⲉⲓ,λεουει,2
ⲁⲗⲫⲁⲓⲟⲥ,αλφαιοσ,2
ⲁⲣⲭⲓⲧⲗⲕⲹⲙⲥ,αρχιτλκⲹμσ,2
ⲫⲁⲣⲣⲓⲥⲁⲓⲟⲥ,φαρρισαιοσ,2
ⲁⲣⲭⲓⲧⲉⲕⲧⲱⲛ,αρχιτεκτων,2
ⲧⲁⲩⲉⲕⲁⲣⲡⲟⲥ,ταυεκαρποσ,2
ⲕⲁⲡⲓⲥⲧⲓⲥ,καπιστισ,2
ⲇⲟⲅⲙⲁⲧⲓⲍⲉ,δογματιζε,2
ⲽⲛⲭⲣⲏⲙⲁ,ⲽνχρημα,2
ⲃⲁⲩⲕⲁⲗⲓⲟⲛ,βαυκαλιον,2
ⲧⲁⲗⲉⲑⲩⲥⲓⲁ,ταλεθυσια,2
ⲁⲡⲟⲇⲏⲙⲓⲁ,αποδημια,2
ⲉⲡⲉⲓⲑⲩⲙⲓⲁ,επειθυμια,2
ⲹⲏⲗⲓⲕⲓⲁ,ⲹηλικια,2
ⲡⲁⲣⲁⲫⲩⲥⲓⲛ,παραφυσιν,2
ⲥⲡⲟⲩⲇⲁⲓⲟⲥ,σπουδαιοσ,2
ⲹⲉⲧⲁⲍⲉ,ⲹεταζε,2
ⲱⲫⲉⲗⲓⲁ,ωφελια,2
ⲡⲁⲣⲑⲉⲛⲓⲕⲟⲛ,παρθενικον,2
ⲙⲛⲧⲕⲁⲕⲟⲩⲣⲅⲟⲥ,μντκακουργοσ,2
ⲉⲩⲕⲁⲓⲣⲓⲁ,ευκαιρια,2
ⲙⲉⲗⲏⲧⲁ,μελητα,2
ⲣⲉⲵⲧⲟⲩⲻⲉⲯⲩⲭⲏ,ρεⲵτουⲻεψυχη,2
ⲗⲓⲙⲏⲛ,λιμην,2
ⲥⲕⲟⲡⲧⲉⲓ,σκοπτει,2
ⲕⲗⲏⲣⲟⲛⲟⲙⲉⲓⲁ,κληρονομεια,2
ⲡⲱⲧⲏⲣⲓⲟⲛ,πωτηριον,2
ⲛⲉⲩⲣⲟⲛ,νευρον,2
ⲣⲟⲣⲫⲁⲛⲟⲥ,ρορφανοσ,2
ⲇⲓⲇⲁⲥⲕⲁⲗⲱⲥ,διδασκαλωσ,2
ⲡⲣⲟⲉⲥⲧⲟⲥ,προεστοσ,2
ⲇⲩⲙⲟⲥ,δυμοσ,2
ⲥⲱⲙⲁⲿⲕⲟⲛ,σωμαⲿκον,2
ⲇⲓⲁⲧⲟⲭⲟⲥ,διατοχοσ,2
ⲣⲥⲡⲟⲩⲇⲏ,ρσπουδη,2
ⲡⲉⲝⲩⲗⲓⲕⲟⲛ,πεξυλικον,2
ⲡⲁⲧⲣⲓⲕⲓⲟⲥ,πατρικιοσ,2
ⲇⲓⲁⲡⲉⲣⲁ,διαπερα,2
ⲗⲉⲩⲕⲱⲙⲁ,λευκωμα,2
ⲡⲁⲣⲹⲏⲥⲓⲁⲍⲉ,παρⲹησιαζε,2
ⲹⲉⲑⲟⲥ,ⲹεθοσ,2
ⲯⲩⲫⲓⲥⲙⲁ,ψυφισμα,2
ⲁⲇⲓⲕⲟⲛ,αδικον,2
ⲇⲉⲩⲧⲉⲣⲟⲛⲟⲙⲓⲟⲛ,δευτερονομιον,2
ⲗⲟⲅⲓⲕⲟⲥ,λογικοσ,2
ⲉⲡⲓⲥⲕⲟⲡⲓⲟⲛ,επισκοπιον,2
ⲥⲩⲛⲅⲣⲁⲫⲉⲩⲥ,συνγραφευσ,2
ⲗⲁⲙⲡⲣⲟⲥ,λαμπροσ,2
ⲇⲓⲁⲗⲟⲅⲟⲥ,διαλογοσ,2
ⲭⲣⲏⲥⲓⲙⲟⲛ,χρησιμον,2
ⲭⲓⲣⲟⲅⲣⲁⲫⲟⲛ,χιρογραφον,2
ⲹⲓⲥⲁⲅⲅⲉⲗⲟⲥ,ⲹισαγγελοσ,2
ⲫⲩⲗⲁⲕⲧⲏⲣⲓⲟⲛ,φυλακτηριον,2
ⲑⲩⲙⲟⲥ,θυμοσ,2
ⲭⲣⲩⲥⲟⲗⲓⲛⲑⲟⲥ,χρυσολινθοσ,2
ⲥⲟⲩⲻⲟⲩⲧⲏ,σουⲻουτη,2
ⲁⲗⲏⲑⲟⲥ,αληθοσ,2
ⲁⲕⲁⲕⲓⲟⲥ,ακακιοσ,2
ⲕⲁⲕⲟⲥ,κακοσ,2
ⲕⲟⲓⲛⲟⲛⲟⲥ,κοινονοσ,2
ⲇⲓⲟⲓⲕⲉⲓ,διοικει,2
ⲅⲁⲗⲓⲗⲁⲓⲟⲥ,γαλιλαιοσ,2
ⲡⲗⲁⲿⲁ,πλαⲿα,2
ⲉⲝⲟⲣⲅⲓⲥⲧⲏⲥ,εξοργιστησ,2
ⲉⲝⲏⲅⲏⲥⲓⲥ,εξηγησισ,2
ⲹⲩⲇⲁⲛⲉ,ⲹυδανε,2
ⲙⲛⲧⲉⲩⲅⲉⲛⲏⲥ,μντευγενησ,2
ⲙⲩⲗⲟⲛ,μυλον,2
ⲕⲉ,κε,2
ⲁⲣⲭⲏⲇⲉⲕⲧⲱⲛ,αρχηδεκτων,2
ⲟⲙⲟⲟⲩⲥⲓⲟⲥ,ομοουσιοσ,2
ⲟⲙⲟⲟⲩⲥⲓⲁ,ομοουσια,2
ⲣⲁⲥⲕⲓⲛ,ρασκιν,2
ⲉⲣⲙⲁⲓⲹⲩⲗⲏ,ερμαιⲹυλη,2
ⲙⲁⲓⲁⲣⲭⲱⲛ,μαιαρχων,2
ⲥⲭⲓⲥⲙⲁⲧⲓⲕⲟⲥ,σχισματικοσ,2
ⲙⲉⲥⲟⲡⲟⲧⲟⲙⲓⲁ,μεσοποτομια,2
ⲹⲟⲩⲟⲭⲣⲓⲁ,ⲹουοχρια,2
ⲙⲁⲓⲭⲣⲓⲥⲧⲟⲥ,μαιχριστοσ,2
ⲓⲇⲓⲱⲧⲏⲥ,ιδιωτησ,2
ⲙⲉⲧⲡⲉⲣⲓⲉⲣⲅⲟⲥ,μετπεριεργοσ,2
ⲧⲁⲣⲥⲟⲥ,ταρσοσ,2
ⲉⲣⲑⲁⲣⲣⲓⲛ,ερθαρριν,2
ⲙⲉⲧⲁⲧⲿⲁⲕⲣⲓⲥⲓⲥ,μετατⲿακρισισ,2
ⲡⲩⲑⲁⲅⲟⲣⲁⲥ,πυθαγορασ,2
ⲡⲗⲁⲧⲱⲛ,πλατων,2
ⲉⲛⲕⲣⲁⲧⲓⲁ,ενκρατια,2
ⲉⲩⲃⲗⲁⲥⲫⲏⲙⲓⲁ,ευβλασφημια,2
ⲹⲓⲇⲁⲓⲙⲱⲛ,ⲹιδαιμων,2
ⲁⲣⲓⲧⲓⲙⲁⲛ,αριτιμαν,2
ⲹⲓⲇⲉⲙⲱⲛ,ⲹιδεμων,2
ⲹⲩⲥⲧⲟⲣⲓⲛ,ⲹυστοριν,2
ⲉⲣⲉⲛⲉⲣⲅⲓⲛ,ερενεργιν,2
ⲉⲣⲭⲣⲉⲱⲥⲧⲓⲛ,ερχρεωστιν,2
ⲥⲕⲉⲡⲓ,σκεπι,2
ⲥⲩⲛⲫⲱⲛⲓⲛ,συνφωνιν,2
ⲁⲛⲁⲭⲱⲣⲏⲥⲓⲥ,αναχωρησισ,2
ⲉⲛⲓⲱⲭⲟⲥ,ενιωχοσ,2
ⲥⲡⲟⲩⲇⲉⲟⲥ,σπουδεοσ,2
ⲉⲝⲏⲅⲓⲥⲓⲥ,εξηγισισ,2
ⲙⲟⲩⲛⲁⲭⲟⲥ,μουναχοσ,2
ⲙⲉⲧⲙⲟⲩⲛⲁⲭⲟⲥ,μετμουναχοσ,2
ⲡⲟⲗⲉⲧⲓⲁ,πολετια,2
ⲉⲣⲑⲉⲟⲣⲓⲛ,ερθεοριν,2
ⲇⲱⲣⲟⲥ,δωροσ,2
ⲑⲉⲣⲙⲏⲥⲓ,θερμησι,2
ⲹⲓⲫⲱⲛⲏ,ⲹιφωνη,2
ⲙⲟⲛⲥⲧⲏⲣⲓⲟⲛ,μονστηριον,2
ⲉⲣⲉⲡⲓⲃⲟⲩⲗⲉⲩⲓⲛ,ερεπιβουλευιν,2
ⲹⲁⲗⲁⲕ,ⲹαλακ,2
ⲻⲉⲙⲉⲩⲕⲉⲣⲓⲁ,ⲻεμευκερια,2
ⲉⲣⲥⲩⲛⲕⲣⲓⲛⲓⲛ,ερσυνκρινιν,2
ⲡⲛⲁⲧⲓⲕⲟⲥ,πνατικοσ,2
ⲻⲓⲛⲑⲣⲉⲡⲓⲁⲥⲉⲃⲏⲥ,ⲻινθρεπιασεβησ,2
ⲹⲓⲥⲧⲟⲣⲉⲓⲛ,ⲹιστορειν,2
ⲹⲟⲥⲓⲱⲧⲁⲧⲟⲥ,ⲹοσιωτατοσ,2
ⲉⲡⲓⲥⲕⲡⲟⲥ,επισκποσ,2
ⲡⲛⲉⲩⲙⲁⲧⲟⲫⲟⲣⲟⲥ,πνευματοφοροσ,2
ⲕⲟⲗⲩⲃⲏⲑⲣⲁ,κολυβηθρα,2
ⲧⲣⲓⲁⲉ,τριαε,2
ⲟⲙⲟⲟⲩⲉⲓⲟⲉ,ομοουειοε,2
ⲡⲣⲟⲫⲏⲧⲓⲕⲟⲛ,προφητικον,2
ⲙⲁⲑⲏⲙⲁ,μαθημα,2
ⲁⲡⲟⲥⲧⲏⲑⲏⲥ,αποστηθησ,2
ⲉⲣⲛⲏⲥⲧⲉⲩⲉⲓⲛ,ερνηστευειν,2
ⲉⲣⲥⲧⲁⲩⲣⲱⲛⲉⲓⲛ,ερσταυρωνειν,2
ⲉⲣⲇⲟⲕⲓⲙⲁⲍⲉⲓⲛ,ερδοκιμαζειν,2
ⲉⲣⲕⲟⲥⲙⲉⲓⲛ,ερκοσμειν,2
ⲉⲣⲁⲡⲟⲧⲁⲍⲉⲥⲑⲁⲓ,εραποταζεσθαι,2
ⲿⲉⲛⲧⲟⲗⲏ,ⲿεντολη,2
ⲡⲁⲣⲹⲟⲩⲥⲓⲁ,παρⲹουσια,2
ⲉⲛⲉⲣⲅⲏⲙⲁ,ενεργημα,2
ⲁⲣⲭⲓ,αρχι,2
ⲟⲗⲟⲕⲁⲩⲧⲱⲙⲁ,ολοκαυτωμα,2
ⲉⲣⲁⲡⲟⲗⲁⲩⲓⲛ,εραπολαυιν,2
ⲉⲣⲥⲫⲣⲁⲅⲓⲍⲓⲛ,ερσφραγιζιν,2
ⲟⲙⲟⲓⲱⲥ,ομοιωσ,2
ⲉⲱⲛ,εων,2
ⲁⲅⲓⲁ,αγια,2
ⲉⲣⲁⲡⲟⲥⲧⲟⲗⲟⲥ,εραποστολοσ,2
ⲉⲣⲡⲣⲟⲫⲏⲧⲏⲥ,ερπροφητησ,2
ⲉⲣⲡⲉⲣⲡⲉⲣⲟⲥ,ερπερπεροσ,2
ⲉⲣⲭⲣⲟⲛⲟⲥ,ερχρονοσ,2
ⲁⲧⲯⲩⲭⲏ,ατψυχη,2
ⲙⲛⲧⲙⲁⲓⲭⲣⲏⲙⲁ,μντμαιχρημα,2
ⲙⲛⲧⲁⲩⲑⲁⲇⲏⲥ,μνταυθαδησ,2
ⲙⲁⲓⲗⲟⲅⲟⲥ,μαιλογοσ,2
ⲙⲛⲧⲗⲁⲙⲡⲣⲟⲥ,μντλαμπροσ,2
ⲁⲕⲁⲛⲁⲕⲧⲉⲓ,ακανακτει,2
ⲣⲉⲵⲿⲕⲁⲣⲡⲟⲥ,ρεⲵⲿκαρποσ,2
ⲇⲓⲟⲓⲕⲏⲧⲏⲥ,διοικητησ,2
ⲹⲁⲗⲏⲥⲓⲥ,ⲹαλησισ,2
ⲙⲛⲧⲧⲁⲗⲁⲓⲡⲱⲣⲟⲥ,μντταλαιπωροσ,2
ⲥⲁⲣⲁⲕⲏⲛⲟⲥ,σαρακηνοσ,2
ⲡⲉⲣⲥⲏⲥ,περσησ,2
ⲉⲣⲹⲉⲓⲣⲏⲛⲏ,ερⲹειρηνη,2
ⲅⲛⲏⲥⲓⲟⲥ,γνησιοσ,2
ⲉⲣⲑⲉⲱⲣⲉⲓⲛ,ερθεωρειν,2
ⲱⲣⲓⲱⲛ,ωριων,2
ⲇⲓⲁⲇⲟⲭⲟⲥ,διαδοχοσ,2
ⲙⲉⲧⲡⲁⲣⲁⲛⲟⲙⲟⲥ,μετπαρανομοσ,2
ⲉⲣⲭⲉⲓⲣⲟⲧⲟⲛⲉⲓⲛ,ερχειροτονειν,2
ⲁⲡⲟⲕⲣⲓⲧⲏⲥ,αποκριτησ,2
ⲁⲡⲟⲥⲧⲟⲗⲓⲕⲟⲛ,αποστολικον,2
ⲁⲕⲙⲏⲛ,ακμην,2
ⲥⲫⲉⲛⲇⲟⲛⲏ,σφενδονη,2
ⲥⲓⲣⲟⲙⲁⲥⲧⲏⲥ,σιρομαστησ,2
ⲡⲁⲣⲁⲧⲓⲅⲙⲁ,παρατιγμα,2
ⲫⲁⲥⲅⲓⲁ,φασγια,2
ⲁⲑⲁⲛⲁⲧⲟⲥ,αθανατοσ,2
ⲍⲱⲏ,ζωη,2
ⲑⲣⲓⲥⲕⲓⲁ,θρισκια,2
ⲹⲟⲣⲓⲍⲉ,ⲹοριζε,2
ⲡⲗⲁⲕⲏⲇⲁⲥ,πλακηδασ,2
ⲧⲣⲁⲓⲛⲟⲥ,τραινοσ,2
ⲙⲏⲭⲁⲛⲏ,μηχανη,2
ⲡⲁⲛⲟⲡⲟⲗⲓⲥ,πανοπολισ,2
ⲧⲏⲡⲟⲥ,τηποσ,2
ⲁⲩⲧⲟⲅⲉⲛⲏⲥ,αυτογενησ,2
ⲙⲛⲧⲉ,μντε,2
ⲣⲙⲛⲕⲟⲥⲙⲟⲥ,ρμνκοσμοσ,2
ⲿⲉⲝⲟⲩⲥⲓⲁ,ⲿεξουσια,2
ⲡⲣⲟⲃⲟⲗⲏ,προβολη,2
ⲧⲉⲗⲉⲓⲟⲛ,τελειον,2
ⲙⲛⲧⲁⲕⲣⲓⲃⲏⲥ,μντακριβησ,2
ⲹⲩⲗⲓⲕⲏ,ⲹυλικη,2
ⲣⲉⲵⲕⲁⲧⲁⲗⲁⲗⲓ,ρεⲵκαταλαλι,2
ⲁⲕⲟⲗⲟⲩⲑⲉⲓ,ακολουθει,2
ⲹⲟⲣⲟⲥ,ⲹοροσ,2
ⲧⲉⲩⲭⲟⲥ,τευχοσ,2
ⲙⲉⲧⲟⲭⲟⲥ,μετοχοσ,2
ⲫⲣⲁⲅⲓⲍⲉ,φραγιζε,2
ⲙⲉⲧⲁⲅⲅⲓⲥⲙⲟⲥ,μεταγγισμοσ,2
ⲁⲭⲱⲣⲏⲧⲟⲛ,αχωρητον,2
ⲧⲣⲓⲡⲛⲉⲩⲙⲁⲧⲟⲥ,τριπνευματοσ,2
ⲙⲛⲧⲡⲟⲛⲏⲣⲟⲥ,μντπονηροσ,2
ⲣⲕⲁⲕⲉ,ρκακε,2
ⲭⲁⲛⲁⲛⲁⲓⲟⲥ,χαναναιοσ,2
ⲉⲩⲅⲉⲣⲓⲁ,ευγερια,2
ⲳⲣⲡⲥⲩⲙⲁⲛⲉ,ⲳρπσυμανε,2
ⲛⲟⲉⲓⲛ,νοειν,2
ⲁⲛⲁⲗⲩⲙⲯⲓⲥ,αναλυμψισ,2
ⲁⲕⲉⲣⲁⲓⲟⲥ,ακεραιοσ,2
ⲕⲁⲥⲕⲁⲛⲇⲁⲗⲟⲛ,κασκανδαλον,2
ⲿⲉⲗⲉⲏⲙⲟⲥⲩⲛⲏ,ⲿελεημοσυνη,2
ⲫⲟⲣⲧⲓⲟⲛ,φορτιον,2
ⲣⲡⲉⲓⲣⲁⲍⲉ,ρπειραζε,2
ⲟⲩⲭ,ουχ,2
ⲙⲟⲩⲥⲓⲕⲟⲛ,μουσικον,2
ⲡⲁⲣⲁⲙⲩⲑⲓⲍⲉ,παραμυθιζε,2
ⲡⲣⲟⲥⲇⲟⲕⲓⲁ,προσδοκια,2
ⲃⲟⲩⲛⲟⲥ,βουνοσ,2
ⲙⲛⲧⲡⲣⲟⲫⲏⲧⲏⲥ,μντπροφητησ,2
ⲕⲁⲡⲏⲗⲟⲥ,καπηλοσ,2
ⲥⲡⲁⲧⲁⲗⲁ,σπαταλα,2
ⲙⲛⲧⲁⲛⲁⲓⲥⲑⲏⲧⲟⲥ,μνταναισθητοσ,2
ⲧⲱⲧⲥ,τωτσ,2
ⲕⲁⲥⲓⲁ,κασια,2
ⲙⲉⲧⲁⲃⲟⲗⲟⲥ,μεταβολοσ,2
ⲉⲣⲉⲙⲓⲁ,ερεμια,2
ⲙⲉⲧⲁⲙⲉⲗⲏⲥ,μεταμελησ,2
ⲗⲉⲩⲕⲏ,λευκη,2
ⲟⲭⲗⲟⲥ,οχλοσ,2
ⲙⲁⲅⲓⲣⲟⲥ,μαγιροσ,2
ⲉⲑⲁⲣⲥⲓⲥ,εθαρσισ,2
ⲭⲓⲣⲟⲇⲟⲛⲓⲁ,χιροδονια,2
ⲕⲓⲇⲁⲣⲓⲥ,κιδαρισ,2
ⲥⲁⲣⲇⲓⲟⲛ,σαρδιον,2
ⲥⲧⲓⲭⲟⲥ,στιχοσ,2
ⲫⲟⲓⲛⲓⲝ,φοινιξ,2
ⲙⲉⲧⲁ,μετα,2
ⲡⲁⲧⲣⲓⲁ,πατρια,2
ⲛⲁⲟⲥ,ναοσ,2
ⲙⲉⲗⲓ,μελι,2
ⲙⲉⲧⲁⲣⲭⲓⲧⲉⲕ,μεταρχιτεκ,2
ⲥⲡⲉⲗⲉⲟⲛ,σπελεον,2
ⲵⲣⲟⲩⲭⲟⲥ,ⲵρουχοσ,2
ⲕⲣⲓⲧⲏⲣⲓⲟⲛ,κριτηριον,2
ⲕⲩⲣⲝ,κυρξ,2
ⲕⲟⲛⲇⲣⲁⲛⲧⲏⲥ,κονδραντησ,2
ⲉⲣⲕⲗⲏⲣⲟⲛⲟⲙⲟⲥ,ερκληρονομοσ,2
ⲉⲣⲁⲕⲟⲗⲟⲩⲑⲓⲛ,ερακολουθιν,2
ⲉⲡⲱⲣⲁ,επωρα,2
ⲇⲓⲁⲕⲣⲏⲥⲓⲥ,διακρησισ,2
ⲙⲉⲧⲡⲣⲉⲥⲃⲩⲧⲉⲣⲟⲥ,μετπρεσβυτεροσ,2
ⲗⲩⲧⲣⲁ,λυτρα,2
ⲕⲉⲗⲁⲫⲟⲥ,κελαφοσ,2
ⲁⲩⲧⲟⲕⲣⲁⲧⲱⲣ,αυτοκρατωρ,2
ⲁⲣⲭⲓⲥⲑⲁⲓ,αρχισθαι,2
ⲉⲣⲙⲁⲑⲏⲧⲏⲥ,ερμαθητησ,2
ⲙⲉⲧⲉⲡⲓ,μετεπι,2
ⲹⲁⲡⲗⲟⲩⲥ,ⲹαπλουσ,2
ⲍⲏⲧⲏⲥⲓⲥ,ζητησισ,2
ⲕⲏⲛⲥⲟⲥ,κηνσοσ,2
ⲃⲁⲥⲓⲗⲓⲕⲟⲥ,βασιλικοσ,2
ⲕⲣⲏⲥⲓⲥ,κρησισ,2
ⲗⲉⲛⲧⲓⲟⲛ,λεντιον,2
ⲁⲣⲕⲟⲥ,αρκοσ,2
ⲡⲁⲣⲁⲅⲅⲉⲗⲓⲁ,παραγγελια,2
ⲇⲁⲙⲓⲁⲛⲟⲥ,δαμιανοσ,2
ⲅⲉⲛⲏⲥⲓⲥ,γενησισ,2
ⲑⲁⲗⲗⲁⲥⲁ,θαλλασα,2
ⲣⲉⲵⲕⲁⲧⲁⲫⲣⲟⲛⲉⲓ,ρεⲵκαταφρονει,2
ⲿⲧⲣⲁⲡⲉⲍⲁ,ⲿτραπεζα,2
ⲣⲙⲁⲗⲁⲕⲟⲥ,ρμαλακοσ,2
ⲡⲉⲗⲓⲥ,πελισ,2
ⲡⲣⲟⲕⲟⲡⲧⲉ,προκοπτε,2
ⲣⲇⲓⲁⲃⲟⲗⲟⲥ,ρδιαβολοσ,2
ⲙⲛⲧⲕⲟⲥⲙⲓⲕⲟⲛ,μντκοσμικον,2
ⲉⲓⲉ,ειε,2
ⲣⲹⲓⲕⲁⲛⲟⲥ,ρⲹικανοσ,2
ⲭⲁⲗⲇⲁⲓⲟⲥ,χαλδαιοσ,2
ⲿⲗⲩⲡⲏ,ⲿλυπη,2
ⲡⲓⲇⲏⲙⲓⲁ,πιδημια,1
ⲫⲑⲟⲛⲏⲣⲓⲁ,φθονηρια,1
ⲇⲣⲁⲡⲉⲧⲏⲥ,δραπετησ,1
ⲫⲁⲛⲉⲣⲟⲛ,φανερον,1
ⲡⲉⲓⲣⲟⲛ,πειρον,1
ⲃⲁⲇⲇⲉⲓⲛ,βαδδειν,1
ⲽⲗⲙ,ⲽλμ,1
ⲉⲡⲉⲓⲑⲩⲙⲉⲓ,επειθυμει,1
ⲙⲛⲧⲙⲁⲗⲁⲕⲟⲥ,μντμαλακοσ,1
ⲣⲃⲁⲣⲃⲁⲣⲟⲥ,ρβαρβαροσ,1
ⲣⲑⲁⲗⲁⲥⲥⲁ,ρθαλασσα,1
ⲃⲇⲉⲗⲗⲏ,βδελλη,1
ⲣⲉⲵⲳⲙⲳⲉⲉⲓⲇⲟⲗⲟⲛ,ρεⲵⲳμⲳεειδολον,1
ⲹⲁⲗⲁⲥⲓⲥ,ⲹαλασισ,1
ⲣⲉⲵⲫⲑⲟⲛⲉⲓ,ρεⲵφθονει,1
ⲣⲉⲵⲇⲓⲁⲕⲟⲛⲉⲓ,ρεⲵδιακονει,1
ⲛⲓⲕⲏⲧⲏⲥ,νικητησ,1
ⲡⲟⲗⲩⲙⲓⲥⲧⲏⲥ,πολυμιστησ,1
ⲣⲉⲵⲛⲟⲓ,ρεⲵνοι,1
ⲥⲩⲛⲧⲁⲅⲙⲁ,συνταγμα,1
ⲹⲁⲉⲝⲟⲩⲥⲓⲁ,ⲹαεξουσια,1
ⲥⲉⲃⲁⲥⲿⲁⲛⲟⲥ,σεβασⲿανοσ,1
ⲙⲟⲛⲟⲃⲟⲗⲓⲥ,μονοβολισ,1
ⲡⲣⲁⲓⲡⲱⲥⲓⲧⲱⲥ,πραιπωσιτωσ,1
ⲿⲗⲓⲃⲉⲗⲗⲟⲥ,ⲿλιβελλοσ,1
ⲇⲓⲁⲕⲟⲛⲟⲩ,διακονου,1
ⲁⲣⲭⲓⲇⲓⲁⲕⲟⲛⲟⲥ,αρχιδιακονοσ,1
ⲁⲅⲓⲁⲥ,αγιασ,1
ⲉⲕⲕⲗⲉⲥⲓⲁⲥ,εκκλεσιασ,1
ⲡⲣⲟⲇⲣⲟⲙⲟⲩⲥ,προδρομουσ,1
ⲃⲁⲡⲧⲓⲥⲧⲟⲩ,βαπτιστου,1
ⲡⲟⲗⲉⲱⲥ,πολεωσ,1
ⲗⲁⲧⲟⲛ,λατον,1
ⲉⲩⲝⲁⲥⲑⲉ,ευξασθε,1
ⲉⲣⲉⲙⲟⲩ,ερεμου,1
ⲟⲧⲁⲗⲁⲥ,οταλασ,1
ⲹⲁⲙⲁⲣⲧⲱⲗⲟⲩ,ⲹαμαρτωλου,1
ⲣⲙⲹⲣⲱⲙⲏ,ρμⲹρωμη,1
ⲇⲩⲣⲁⲛⲛⲟⲥ,δυραννοσ,1
ⲉⲝⲱⲣⲓⲥⲧⲓⲁ,εξωριστια,1
ⲡⲣⲁⲓⲧⲱⲣⲓⲟⲥ,πραιτωριοσ,1
ⲥⲟⲧⲏⲣⲓⲭⲟⲥ,σοτηριχοσ,1
ⲗⲓⲃⲉⲗⲗⲟⲥ,λιβελλοσ,1
ⲑⲁⲣⲙⲟⲥ,θαρμοσ,1
ⲹⲱⲗⲱⲥ,ⲹωλωσ,1
ⲇⲓⲁⲕⲟⲛ,διακον,1
ⲕⲁⲧⲁⲇⲓⲕⲓⲥⲉ,καταδικισε,1
ⲁⲡⲉⲇⲉⲩⲧⲟⲥ,απεδευτοσ,1
ⲡⲣⲟ,προ,1
ⲃⲏⲙⲁⲧⲟⲥ,βηματοσ,1
ⲉⲝⲱⲣⲅⲓⲥⲙⲉⲛⲟⲥ,εξωργισμενοσ,1
ⲕⲱⲙⲓⲧⲁⲧⲱⲛ,κωμιτατων,1
ⲗⲱⲣⲟⲥ,λωροσ,1
ⲕⲗⲁⲩⲣⲁ,κλαυρα,1
ⲃⲟⲏⲑⲱⲥ,βοηθωσ,1
ⲥⲩⲛⲕⲁⲑⲉⲇⲣⲟⲥ,συνκαθεδροσ,1
ⲉⲭⲑⲣⲟⲥ,εχθροσ,1
ⲹⲁⲗⲉⲥⲓⲥ,ⲹαλεσισ,1
ⲃⲁⲍⲁⲛⲟⲥ,βαζανοσ,1
ⲉⲕⲝⲱⲣⲓⲥⲧⲓⲁ,εκξωριστια,1
ⲉⲡⲓⲫⲁⲛⲓⲟⲥ,επιφανιοσ,1
ⲛⲟⲩⲙⲉⲣⲁⲣⲓⲟⲥ,νουμεραριοσ,1
ⲹⲓⲉⲣⲁⲕⲓⲟⲛ,ⲹιερακιον,1
ⲁⲗⲗⲱⲧⲣⲓⲟⲛ,αλλωτριον,1
ⲁⲣⲭⲉ,αρχε,1
ⲙⲉⲭⲣⲓ,μεχρι,1
ⲹⲩⲡⲟⲕⲓⲥⲑⲉ,ⲹυποκισθε,1
ⲕⲟⲩⲛⲫⲓⲍⲉ,κουνφιζε,1
ⲡⲉⲣⲓⲁⲕⲉ,περιακε,1
ⲉⲝⲱⲙⲉⲛⲟⲥ,εξωμενοσ,1
ⲫⲓⲙⲓⲛⲁⲣⲓⲟⲛ,φιμιναριον,1
ⲙⲡⲓⲍⲉ,μπιζε,1
ⲥⲩⲛⲉⲩⲇⲟⲕⲉⲓ,συνευδοκει,1
ⲣⲁⲡⲁⲓⲇⲉⲩⲧⲟⲥ,ραπαιδευτοσ,1
ⲡⲣⲟⲥⲭⲁⲣⲓⲍⲉ,προσχαριζε,1
ⲥⲩⲣⲁ,συρα,1
ⲇⲟⲣⲁⲕⲓⲟⲛ,δορακιον,1
ⲡⲉⲣⲓⲥⲱⲙⲁ,περισωμα,1
ⲍⲏⲙⲓⲟⲛ,ζημιον,1
ⲹⲃⲇⲱⲙⲁⲥ,ⲹβδωμασ,1
ⲹⲏⲇⲟⲛⲉ,ⲹηδονε,1
ⲹⲏⲣⲁⲕⲗⲁⲙⲱⲛ,ⲹηρακλαμων,1
ⲙⲉⲗⲉⲧⲏⲥⲓⲥ,μελετησισ,1
ⲙⲉⲅⲁⲥⲧⲣⲁⲧⲏⲗⲁⲧⲁ,μεγαστρατηλατα,1
ⲧⲏⲥ,τησ,1
ⲡⲟⲗⲉⲟⲥ,πολεοσ,1
ⲗⲁⲧⲱⲛ,λατων,1
ⲉⲅⲣⲁⲯⲁⲥ,εγραψασ,1
ⲙⲛⲏⲥⲑⲏⲿ,μνησθηⲿ,1
ⲙⲟⲩ,μου,1
ⲟⲧⲁⲛ,οταν,1
ⲉⲛ,εν,1
ⲧⲏ,τη,1
ⲃⲁⲥⲓⲗⲓⲁ,βασιλια,1
ⲥⲟⲩ,σου,1
ⲇⲉⲥⲡⲟⲇⲏ,δεσποδη,1
ⲇⲉⲩⲇⲉⲗⲁⲣⲏⲥ,δευδελαρησ,1
 ⲹⲁⲅⲓⲟⲥ, ⲹαγιοσ,1
ⲡⲗⲩⲣⲟⲫⲟⲣⲓⲁ,πλυροφορια,1
ⲁⲛⲧⲓⲕⲓⲙⲉⲛⲟⲥ ,αντικιμενοσ ,1
ⲙⲁⲛⲅⲁⲛⲟⲛ,μανγανον,1
ⲙⲙⲟⲡⲁⲭⲟⲥ,μμοπαχοσ,1
ⲁⲣⲧⲏⲣⲓⲁ,αρτηρια,1
ⲣⲉⲵⲡⲟⲗⲩⲙⲉⲓ,ρεⲵπολυμει,1
ⲁⲑⲗⲟⲛ,αθλον,1
ⲛⲓⲕⲟⲫⲟⲣⲟⲥ,νικοφοροσ,1
ⲇⲩⲛⲁⲥⲧⲏⲥ,δυναστησ,1
ⲙⲛⲧⲣⲉⲵⲁⲅⲱⲛⲓⲍⲉ,μντρεⲵαγωνιζε,1
ⲑⲩⲥⲓⲁⲍⲉⲽⲉ,θυσιαζεⲽε,1
ⲕⲟⲗⲁⲕⲉⲩⲉ,κολακευε,1
ⲧⲉⲣⲯⲓⲥ,τερψισ,1
ⲝⲟⲩⲥⲓⲁ,ξουσια,1
ⲧⲗⲥⲕⲩⲥⲓⲥ,τλσκυσισ,1
ⲧⲩⲡⲟⲩ,τυπου,1
ⲏⲣⲉⲙⲟⲥ,ηρεμοσ,1
ⲡⲁⲣⲁⲙⲩⲑⲓⲝⲉ,παραμυθιξε,1
ⲡⲣⲟⲥⲕⲩⲛⲏⲥⲓⲥ,προσκυνησισ,1
ⲡⲁⲣⲁⲭⲓⲙⲁⲍⲉ,παραχιμαζε,1
ⲇⲓⲕⲏ,δικη,1
ⲡⲓⲑⲟⲥ,πιθοσ,1
ⲣⲓⲭⲟⲥ,ριχοσ,1
ⲕⲇⲏⲥⲓⲥ,κδησισ,1
ⲉⲝⲟⲇⲟⲥ,εξοδοσ,1
ⲡⲗⲁⲥⲓⲥ,πλασισ,1
ⲭⲟⲣⲏⲅⲓⲁ,χορηγια,1
ⲇⲓⲏⲕⲏⲥⲓⲥ,διηκησισ,1
ⲣⲉⲵⲙⲉⲩⲧⲯⲩⲭⲏ,ρεⲵμευτψυχη,1
ⲣⲉⲵⲥⲩⲗⲁ,ρεⲵσυλα,1
ⲣⲉⲵⲕⲁⲗⲉⲓ,ρεⲵκαλει,1
ⲙⲛⲧⲡⲁⲣⲁⲃⲁⲧⲏⲥ,μντπαραβατησ,1
ⲉⲡⲓⲃⲟⲗⲏ,επιβολη,1
ⲕⲉⲣⲁⲓⲁ,κεραια,1
ⲃⲁⲥⲓⲗⲓⲟⲩ,βασιλιου,1
ⲡⲟⲗⲏⲙⲟⲥ,πολημοσ,1
ⲹⲣⲁⲙⲛⲟⲥ,ⲹραμνοσ,1
ⲕⲗⲟⲩⲥⲙⲁ,κλουσμα,1
ⲁⲣⲭⲏⲗⲏⲥⲧⲏⲥ,αρχηληστησ,1
ⲥⲡⲩⲗⲩⲟⲛ,σπυλυον,1
ⲡⲹⲉⲣⲙⲏⲥ,πⲹερμησ,1
ⲕⲩⲣⲛⲥⲥⲉ,κυρνσσε,1
ⲹⲓⲉⲣⲉⲩⲥ,ⲹιερευσ,1
ⲁⲙⲉⲣⲓⲙⲛⲟⲥ,αμεριμνοσ,1
ⲧⲉⲭⲛⲉ,τεχνε,1
ⲥⲕⲉⲡⲁⲍⲱ,σκεπαζω,1
ⲹⲏⲇⲱⲛⲏ,ⲹηδωνη,1
ⲕⲟⲓⲛⲟⲃⲓⲟⲛ,κοινοβιον,1
ⲣⲕⲟⲓⲛⲱⲛⲓⲁ,ρκοινωνια,1
ⲉⲩⲁⲅⲣⲓⲟⲥ,ευαγριοσ,1
ⲥⲙⲛⲛⲟⲙⲟⲥ,σμννομοσ,1
ⲱⲣⲅⲁⲛⲟⲛ,ωργανον,1
ⲡⲟⲗⲩⲙⲉⲓ,πολυμει,1
ⲁⲗⲗⲱⲛⲓⲟⲥ,αλλωνιοσ,1
ⲇⲟⲩⲗⲟⲥ,δουλοσ,1
ⲁⲅⲅⲏⲛ,αγγην,1
ⲥⲁⲓⲇⲓⲟⲛ,σαιδιον,1
ⲑⲗⲓⲯⲥⲓⲥ,θλιψσισ,1
ⲿⲭⲁⲣⲓⲥ,ⲿχαρισ,1
ⲑⲉⲟⲇⲱⲣ,θεοδωρ,1
ⲫⲓⲗⲟⲑⲉⲥ,φιλοθεσ,1
ⲥⲧⲟⲗⲁⲣⲭⲏⲥ,στολαρχησ,1
ⲫⲟⲓⲃⲁⲙⲙⲱⲛ,φοιβαμμων,1
ⲁⲛⲩⲥⲧⲏⲥ,ανυστησ,1
ⲧⲣⲓⲧⲟⲛ,τριτον,1
ⲇⲉⲩⲧⲉⲣⲁⲥ,δευτερασ,1
ⲹⲟⲙⲟⲗⲟⲅⲉⲓⲁ,ⲹομολογεια,1
φαμενωθ,φαμενωθ,1
θἰνδικτίονος,θἰνδικτίονος,1
ⲥⲧⲟⲓⲭⲉⲓ,στοιχει,1
ⲙⲱⲛⲓⲟⲛ,μωνιον,1
ⲣⲡⲉⲓⲣⲁⲥⲙⲟⲥ,ρπειρασμοσ,1
ⲁⲥⲕⲏⲧⲓⲕⲟⲛ,ασκητικον,1
ⲫⲓⲗⲟⲕⲁⲗⲉⲓ,φιλοκαλει,1
ⲉⲩⲉⲅⲕⲣⲁⲧⲓⲁ,ευεγκρατια,1
ⲗⲓⲃⲓⲧⲟⲛ,λιβιτον,1
ⲁⲛⲿⲭⲣⲓⲥⲧⲟⲥ,ανⲿχριστοσ,1
ⲡⲁⲣⲹⲟⲓⲙⲓⲁⲥⲧⲏⲥ,παρⲹοιμιαστησ,1
ⲡⲁⲣⲁⲇⲓⲇⲟⲥ,παραδιδοσ,1
ⲃⲓⲃⲗⲓⲟⲑⲏⲕⲏ,βιβλιοθηκη,1
ⲙⲉⲗⲟⲅⲣⲁⲫⲟⲥ,μελογραφοσ,1
ⲙⲛⲧⲁⲅⲁⲑⲱⲥ,μνταγαθωσ,1
 ⲁⲛⲁⲗⲏⲯⲓⲥ, αναληψισ,1
ⲥⲧⲣⲁⲿⲁ,στραⲿα,1
ⲙⲛⲧⲇⲩⲣⲁⲛⲛⲟⲥ,μντδυραννοσ,1
ⲁⲣⲭⲏⲡⲗⲁⲥⲙⲁ,αρχηπλασμα,1
ⲥⲡⲣⲙⲁ,σπρμα,1
ⲁⲡⲟⲫⲁⲛⲉ,αποφανε,1
ⲡⲁⲣⲑⲉⲛⲓⲕⲏ,παρθενικη,1
ⲗⲉⲥⲧⲏⲥ,λεστησ,1
ⲥⲓⲅⲛⲟⲛ,σιγνον,1
ⲗiⲙⲛⲏ,λiμνη,1
ⲃⲓⲃⲗⲓⲟⲑⲩⲕⲏ,βιβλιοθυκη,1
ⲉⲅⲣⲁⲫⲏ,εγραφη,1
ⲧⲱⲛ,των,1
ⲁⲅⲓⲱⲛ,αγιων,1
ⲙⲁⲣⲧⲩⲣⲱⲛ,μαρτυρων,1
ⲥⲩⲑⲛ,συθν,1
ⲕⲟⲥⲙⲟⲛ,κοσμον,1
ⲵⲁⲓⲗⲁⲙⲡⲁⲥ,ⲵαιλαμπασ,1
ⲹⲩⲙⲛⲱⲧⲟⲥ,ⲹυμνωτοσ,1
ⲡⲟⲗⲩⲧⲉⲩⲉ,πολυτευε,1
ⲁⲫⲉⲗⲡⲓⲍⲉ,αφελπιζε,1
ⲙⲛⲧⲁⲅⲣⲓⲟⲥ,μνταγριοσ,1
ⲁⲡⲉⲗⲉⲓ,απελει,1
ⲕⲱⲗⲩⲙ,κωλυμ,1
ⲉⲕⲗⲏⲥⲓⲁⲥⲧⲏⲥ,εκλησιαστησ,1
ⲣⲹⲣⲏⲥⲥⲉ,ρⲹρησσε,1
ⲕⲣⲁⲩⲅⲏ,κραυγη,1
ⲉⲡⲱⲛⲩⲭⲟⲥ,επωνυχοσ,1
ⲇⲟⲣⲓⲍⲉ,δοριζε,1
ⲕⲗⲏⲣⲟⲩ,κληρου,1
ⲡⲉⲧⲣⲟⲛⲓⲟⲥ,πετρονιοσ,1
ⲧⲉⲟⲇⲱⲣⲟⲥ,τεοδωροσ,1
ⲡⲁⲣⲩⲥⲓⲁⲍⲉ,παρυσιαζε,1
ⲙⲏⲥⲧⲏⲣⲉⲓⲟⲛ,μηστηρειον,1
ⲹⲁⲣⲉⲹⲉⲛⲧⲟⲗⲏ,ⲹαρεⲹεντολη,1
ⲙⲉ,με,1
ⲑⲏⲁⲥⲧⲏⲣⲓⲟⲛ,θηαστηριον,1
ⲇⲁⲓⲙⲟⲛⲉⲟⲛ,δαιμονεον,1
ⲣⲉⲵⲳⲉⲙⲳⲉⲉⲓⲇⲟⲗⲟⲛ,ρεⲵⲳεμⲳεειδολον,1
ⲣⲁⲣⲭⲏⲅⲟⲥ,ραρχηγοσ,1
ⲕⲁⲥⲱⲙⲁ,κασωμα,1
ⲛⲉⲙⲫⲏ,νεμφη,1
ⲉⲥⲓⲇⲟⲣⲟⲥ,εσιδοροσ,1
ⲡⲁⲣⲁⲇⲓⲥⲱⲥ,παραδισωσ,1
ⲫⲓⲁⲗⲏ,φιαλη,1
ⲹⲟⲗⲟⲥⲓⲣⲓⲕⲟⲛ,ⲹολοσιρικον,1
ⲡⲣⲟⲃⲁⲥⲧⲓⲟⲛ,προβαστιον,1
ⲁⲅⲱⲛⲓⲁ,αγωνια,1
ⲑⲏⲗⲩⲕⲓⲁ,θηλυκια,1
ⲁⲓⲁⲥⲑⲁⲛⲉ,αιασθανε,1
ⲧⲓⲙⲱⲣⲓⲥⲧⲏⲥ,τιμωριστησ,1
ⲕⲁⲧⲏⲅⲱⲣⲟⲥ,κατηγωροσ,1
ⲡⲟⲛⲏⲣⲓⲟⲛ,πονηριον,1
ⲕⲁⲑⲟⲗⲓⲕⲟ,καθολικο,1
ⲁⲛⲿⲇⲓⲕⲟⲥ,ανⲿδικοσ,1
ⲁⲛⲁⲭⲱⲣⲉ,αναχωρε,1
ⲉⲩⲥⲉⲃⲓⲟⲥ,ευσεβιοσ,1
ⲹⲓⲇⲓⲟⲧⲏⲥ,ⲹιδιοτησ,1
ⲧⲟⲣⲑⲱⲙⲁ,τορθωμα,1
ⲡⲣⲟⲃⲁⲥⲿⲟⲛ,προβασⲿον,1
ⲡⲣⲥⲃⲓⲁ,πρσβια,1
ⲡⲁⲣⲁⲛⲅⲉⲗⲉⲓⲁ,παρανγελεια,1
ⲡⲁⲗⲁⲓⲥⲿⲛⲏ,παλαισⲿνη,1
ⲕⲁⲧⲁⲫⲣⲟⲛⲉⲓⲥⲓⲥ,καταφρονεισισ,1
ⲣⲙⲁⲕⲁⲣⲓⲟⲥ,ρμακαριοσ,1
ⲹⲩⲡⲁⲣⲭⲱⲛⲧⲁ,ⲹυπαρχωντα,1
ⲙⲁⲓⲹⲏⲇⲟⲛⲏ,μαιⲹηδονη,1
ⲙⲁⲓⲹⲩⲇⲟⲛⲏ,μαιⲹυδονη,1
ⲑⲉⲟⲫⲓⲗⲉⲥⲧⲁⲧⲟⲥ,θεοφιλεστατοσ,1
ⲁⲡⲟⲗⲗⲱⲛⲓⲁ,απολλωνια,1
ⲁⲗⲉⲝⲁⲛⲇ,αλεξανδ,1
ⲁⲅⲅⲉⲗⲓⲕⲟⲥ,αγγελικοσ,1
ⲑⲉⲟⲥⲉⲃⲉⲥⲧⲁⲧⲟⲥ,θεοσεβεστατοσ,1
ⲁⲣⲭⲓⲡⲣⲉⲥⲃⲩⲧⲉⲣⲟⲥ,αρχιπρεσβυτεροσ,1
ⲇⲓⲟⲕⲓⲧⲏⲥ,διοκιτησ,1
ⲥⲟⲧⲏⲣⲓⲁ,σοτηρια,1
ⲉⲗⲁⲭⲓⲥⲧ,ελαχιστ,1
ⲥⲓⲥⲓⲛⲛⲓⲟⲥ,σισιννιοσ,1
ⲁⲣⲭⲇⲓⲁⲕⲟⲥ,αρχδιακοσ,1
ⲉⲕⲕⲗⲉⲥⲓⲁ,εκκλεσια,1
ⲽⲓⲛⲛⲏⲥⲧⲉⲩⲉ,ⲽιννηστευε,1
ⲡⲉⲇⲣⲁ,πεδρα,1
ⲹⲟⲗⲟⲕⲟⲧⲿⲛⲟⲥ,ⲹολοκοτⲿνοσ,1
ⲙⲛⲧⲡⲣⲉⲥⲃⲩⲧⲉⲣⲟⲥ,μντπρεσβυτεροσ,1
ⲕⲁⲗⲗⲓⲉⲩⲧⲣⲟⲡⲓⲁ,καλλιευτροπια,1
ⲹⲁⲃⲁⲍⲁⲛⲟⲥ,ⲹαβαζανοσ,1
ⲃⲁⲥⲧⲣⲉⲛⲛⲁ,βαστρεννα,1
ⲉⲝⲩⲗⲓⲕⲟⲛ,εξυλικον,1
ⲕⲩⲣⲓⲉ,κυριε,1
ⲉⲗⲉⲏⲥⲟⲛ,ελεησον,1
ⲁⲡⲁⲅⲕⲉⲓⲗⲉ,απαγκειλε,1
ⲧⲏⲙⲟⲥ,τημοσ,1
ⲥⲩⲗⲓⲕⲟⲛ,συλικον,1
ⲁⲣⲭⲏⲹⲓⲁⲧⲣⲟⲥ,αρχηⲹιατροσ,1
ⲥⲩⲙⲫⲱⲣⲁ,συμφωρα,1
ⲹⲣⲁⲃⲧⲱⲥ,ⲹραβτωσ,1
ⲡⲉⲣⲓⲉⲣⲅⲁⲍⲉ,περιεργαζε,1
ⲹⲟⲙⲟⲗⲟⲅⲓⲧⲏⲥ,ⲹομολογιτησ,1
ⲕⲁⲧⲁⲗⲁⲃⲁⲛⲉ,καταλαβανε,1
ⲑⲉⲣⲁⲛⲓⲁ,θερανια,1
ⲕⲱⲥⲧⲁⲛⲧⲓⲛⲟⲥ,κωσταντινοσ,1
ⲕⲁⲗⲕⲏⲛⲱⲙⲁ,καλκηνωμα,1
ⲕⲩⲛⲇⲓⲛⲁⲣⲓⲟⲛ,κυνδιναριον,1
ⲟⲓⲕⲟⲩⲙⲏⲛⲏ,οικουμηνη,1
ⲉⲛⲉⲣⲅⲏ,ενεργη,1
ⲭⲁⲗⲕⲓⲛⲱ,χαλκινω,1
ⲁⲛⲁⲥⲧⲁⲥⲓⲟⲥ,αναστασιοσ,1
ⲉⲗⲏⲫⲁⲥ,εληφασ,1
ⲫⲗⲉⲅⲙⲁ,φλεγμα,1
ⲑⲉⲣⲁⲡⲓ,θεραπι,1
ⲉⲡⲉⲓⲇⲉ,επειδε,1
ⲗⲁⲕⲟⲥ,λακοσ,1
ⲗⲉⲕⲁⲛⲏ,λεκανη,1
ⲁⲡⲟⲕⲁⲗⲉⲓ,αποκαλει,1
ⲕⲁⲧⲱⲣⲑⲱⲙⲁ,κατωρθωμα,1
ⲉⲅⲕⲱⲙⲓⲁⲍⲉ,εγκωμιαζε,1
ⲕⲁⲑⲟⲗⲓⲕⲏⲥ,καθολικησ,1
ⲫⲟⲃⲉⲣⲟⲛ,φοβερον,1
ⲹⲣⲟⲩⲙⲉⲛⲧⲓⲟⲥ,ⲹρουμεντιοσ,1
ⲧⲉⲹⲣⲟⲙⲁⲛⲓⲁ,τεⲹρομανια,1
ⲱⲛⲧⲱⲥ,ωντωσ,1
ⲥⲩⲛⲃⲟⲩⲗⲉⲓⲁ,συνβουλεια,1
ⲁⲛⲱⲙⲓⲁ,ανωμια,1
ⲕⲁⲍⲟⲫⲩⲗⲁⲅⲓⲟⲛ,καζοφυλαγιον,1
ⲑⲩⲗⲉⲓ,θυλει,1
ⲉⲕⲁⲓⲥⲑⲉⲥⲓⲥ,εκαισθεσισ,1
ⲛⲉⲩⲣⲱⲛ,νευρων,1
ⲙⲛⲧⲁⲛⲟⲏⲧⲟⲥ,μντανοητοσ,1
ⲉⲛⲛⲟⲓⲁ,εννοια,1
ⲁⲡⲟⲥⲧⲏⲑⲓⲍⲉ,αποστηθιζε,1
ⲹⲩⲡⲟⲅⲟⲣⲉⲩⲉ,ⲹυπογορευε,1
ⲡⲁⲣⲁⲥⲕⲉⲩⲁⲍⲉ,παρασκευαζε,1
ⲑⲩⲥⲓⲁⲥⲧⲩⲣⲓⲟⲛ,θυσιαστυριον,1
ⲡⲟⲥⲟⲥ,ποσοσ,1
ⲁⲧⲫⲑⲟⲛⲉⲓ,ατφθονει,1
ⲕⲁⲧⲁⲇⲓⲕⲟⲥ,καταδικοσ,1
ⲕⲁⲧⲁⲥⲕⲟⲡⲟⲥ,κατασκοποσ,1
ⲙⲛⲧⲁⲗⲟⲅⲟⲥ,μνταλογοσ,1
ⲉⲓⲁⲧⲣⲓⲕⲟⲥ,ειατρικοσ,1
ⲁⲛⲁⲗⲁⲃⲃⲁⲛⲉ,αναλαββανε,1
ⲛⲩⲙⲫⲟⲛ,νυμφον,1
ⲕⲩⲣⲏⲥⲥⲉ,κυρησσε,1
ⲕⲣⲁⲧⲓⲁ,κρατια,1
ⲙⲛⲧⲙⲁⲅⲁⲣⲓⲟⲥ,μντμαγαριοσ,1
ⲁⲡⲁⲑⲏⲥ,απαθησ,1
ⲛⲓⲟⲭⲟⲥ,νιοχοσ,1
ⲽⲓⲛⲙⲁⲥⲧⲓⲅⲟⲩ,ⲽινμαστιγου,1
ⲁⲩⲝⲏⲥⲓⲥ,αυξησισ,1
ⲹⲁⲅⲓⲁⲥⲙⲟⲥ,ⲹαγιασμοσ,1
ⲹⲁⲅⲓⲁⲍⲉ,ⲹαγιαζε,1
ⲭⲱⲣⲓⲟⲛ,χωριον,1
ⲫⲟⲃⲟⲥ,φοβοσ,1
ⲹⲉⲃⲣⲓⲍⲉ,ⲹεβριζε,1
ⲡⲁⲣⲁⲅⲅⲉⲗⲉⲓ,παραγγελει,1
ⲣⲉⲵⲡⲗⲉⲁ,ρεⲵπλεα,1
ⲉⲅⲱⲙⲓⲁⲍⲉ,εγωμιαζε,1
ⲙⲁⲣⲧⲏⲣⲟⲥ,μαρτηροσ,1
ⲡⲟⲗⲩⲙⲁⲣⲭⲏⲥ,πολυμαρχησ,1
ⲧⲁⲗⲉⲗⲓⲃⲁⲛⲟⲥ,ταλελιβανοσ,1
ⲭⲉⲓⲣⲟⲅⲣⲁⲫⲟⲛ,χειρογραφον,1
ⲛⲉⲝⲁⲣⲭⲟⲥ,νεξαρχοσ,1
ⲃⲟⲩⲛⲉⲩⲣⲟⲛ,βουνευρον,1
ⲁⲅⲕⲁⲓⲟⲛ,αγκαιον,1
ⲕⲁⲓⲅⲁⲣ,καιγαρ,1
ⲿⲃⲁⲥⲁⲛⲟⲥ,ⲿβασανοσ,1
ⲇⲱⲣⲓⲁ,δωρια,1
ⲁⲇⲓⲕⲁⲓⲟⲥ,αδικαιοσ,1
ⲡⲁⲣⲁⲉⲓⲕⲉ,παραεικε,1
ⲿⲧⲣⲟⲫⲏ,ⲿτροφη,1
ⲹⲩⲙⲉⲣⲟⲥ,ⲹυμεροσ,1
ⲙⲛⲧⲹⲩⲙⲉⲣⲟⲥ,μντⲹυμεροσ,1
ⲁⲣⲕⲁⲧⲏⲥ,αρκατησ,1
ⲗⲟⲅⲕⲓⲍⲉ,λογκιζε,1
ⲡⲁⲣⲁⲅⲓⲗⲉ,παραγιλε,1
ⲉⲝⲟⲣⲓⲥⲿⲁ,εξορισⲿα,1
ⲙⲛⲧⲹⲉⲗⲗⲏⲛ,μντⲹελλην,1
ⲑⲉⲟⲇⲟⲣⲓⲭⲟⲥ,θεοδοριχοσ,1
ⲧⲁⲗⲁⲓⲡⲟⲣⲉⲓ,ταλαιπορει,1
ⲗⲁⲓⲕⲟⲥ,λαικοσ,1
ⲣⲉⲵⲧⲁⲙⲓⲉⲥⲕⲏⲛⲏ,ρεⲵταμιεσκηνη,1
ⲣⲉⲩⲁⲅⲅⲉⲗⲓⲥⲧⲏⲥ,ρευαγγελιστησ,1
ⲡⲟⲥⲟ,ποσο,1
ⲕⲟⲓⲛⲟⲛ,κοινον,1
ⲣⲙⲧⲉⲫⲟⲓⲛⲓⲕⲏ,ρμτεφοινικη,1
ⲙⲁⲓⲯⲩⲭⲏ,μαιψυχη,1
ⲥⲿⲭⲟⲥ,σⲿχοσ,1
ⲕⲟⲩⲑⲟⲥ,κουθοσ,1
ⲉⲩⲅⲛⲱⲙⲱⲛ,ευγνωμων,1
ⲭⲣⲩⲱⲥⲧⲉⲓ,χρυωστει,1
ⲕⲁⲡⲛⲓⲍⲉ,καπνιζε,1
ⲉⲛⲧⲁⲅⲓⲟⲛ,ενταγιον,1
ⲉⲡⲓⲧⲏⲙⲉⲓ,επιτημει,1
ⲉⲝⲟⲣⲓⲍⲉ,εξοριζε,1
ⲁⲟⲣⲁⲧⲟⲥ,αορατοσ,1
ⲥⲫⲟⲛⲅⲟⲥ,σφονγοσ,1
ⲇⲉⲥⲡⲟⲇⲏⲥ,δεσποδησ,1
ⲕⲱⲛⲓⲁⲍⲉ,κωνιαζε,1
ⲹⲗⲡⲓⲥ,ⲹλπισ,1
ⲙⲛⲧⲡⲉⲣⲓⲟⲩⲣⲅⲟⲥ,μντπεριουργοσ,1
ⲗⲩⲧⲟⲣⲅⲓⲁ,λυτοργια,1
ⲁⲯⲩⲭⲟⲛ,αψυχον,1
ⲕⲓⲑⲁⲣⲓⲍⲉ,κιθαριζε,1
ⲣⲧⲉⲗⲓⲟⲥ,ρτελιοσ,1
ⲡⲩⲕⲧⲉⲩⲉ,πυκτευε,1
ⲣⲡⲉⲣⲡⲉⲣⲟⲥ,ρπερπεροσ,1
ⲣⲕⲟⲓⲛⲱⲛⲟⲥ,ρκοινωνοσ,1
ⲡⲏ,πη,1
ⲟⲩⲉⲉⲓⲉⲛⲓⲛ,ουεειενιν,1
ⲉⲩⲥⲭⲩⲙⲟⲥⲩⲛⲏ,ευσχυμοσυνη,1
ⲥⲩⲅⲕⲉⲣⲁ,συγκερα,1
ⲉⲕ,εκ,1
ⲣⲡⲣⲟⲫⲏⲧⲏⲥ,ρπροφητησ,1
ⲃⲁⲣⲧⲓⲙⲁⲓⲟⲥ,βαρτιμαιοσ,1
ⲧⲓⲙⲁⲓⲟⲥ,τιμαιοσ,1
ⲕⲁⲧⲏⲅⲟⲣⲓ,κατηγορι,1
ⲣⲫⲟⲛⲟⲥ,ρφονοσ,1
ⲣⲡⲉⲓⲑⲉⲓ,ρπειθει,1
ⲕⲩⲣⲏⲛⲁⲓⲟⲥ,κυρηναιοσ,1
ⲹⲣⲟⲩⲫⲟⲥ,ⲹρουφοσ,1
ⲹⲉⲣⲙⲉⲛⲉⲩⲉ,ⲹερμενευε,1
ⲥⲡⲟⲅⲅⲟⲥ,σπογγοσ,1
ⲣⲉⲵⲻⲓⲕⲟⲗⲩⲙⲃⲟⲛ,ρεⲵⲻικολυμβον,1
ⲻⲓⲥⲕⲉⲩⲏ,ⲻισκευη,1
ⲥⲕⲗⲁⲇⲟⲥ,σκλαδοσ,1
ⲇⲟⲕⲉⲓ,δοκει,1
ⲳⲛⲁⲥⲡⲁⲥⲙⲟⲥ,ⲳνασπασμοσ,1
ⲕⲟⲇⲣⲁⲛⲧⲏⲥ,κοδραντησ,1
ⲉⲣⲡⲗⲏⲣⲟⲫⲟⲣⲓⲛ,ερπληροφοριν,1
ⲁⲅⲓⲱⲥⲩⲛⲏ,αγιωσυνη,1
ⲡⲁⲣⲁⲙⲏⲑⲓⲁ,παραμηθια,1
ⲕⲉⲣⲟⲥ,κεροσ,1
ⲁⲣⲓⲥⲕⲩⲗⲓ,αρισκυλι,1
ⲕⲟⲓⲙⲏⲧⲁⲧⲱⲛ,κοιμητατων,1
ⲉⲣⲇⲓⲁⲕⲟⲛⲓⲛ,ερδιακονιν,1
ⲡⲁⲣⲏⲥⲓⲁ,παρησια,1
ⲉⲧⲉⲣⲇⲓⲁⲕⲟⲛⲓⲛ,ετερδιακονιν,1
ⲯⲁⲗⲧⲏⲥ,ψαλτησ,1
ⲉⲣⲃⲗⲁⲥⲫⲏⲙⲓⲛ,ερβλασφημιν,1
ⲙⲉⲧⲡⲁⲛⲟⲩⲣⲅⲓⲁ,μετπανουργια,1
ⲉⲣⲑⲉⲱⲣⲓⲛ,ερθεωριν,1
ⲣⲃⲁⲥⲁⲛⲓⲍⲓⲛ,ρβασανιζιν,1
ⲉⲛⲉⲣⲅⲓⲁ,ενεργια,1
ⲥⲕⲁⲗⲱⲛⲏ,σκαλωνη,1
ⲇⲩⲕⲉⲟⲥ,δυκεοσ,1
ⲉⲣⲹⲩⲡⲟⲙⲉⲛⲓⲛ,ερⲹυπομενιν,1
ⲉⲣⲁⲅⲱⲛⲓⲝⲉⲥⲑⲉ,εραγωνιξεσθε,1
ⲥⲡⲩⲗⲉⲟⲛ,σπυλεον,1
ⲥⲡⲏⲗⲉⲟⲛ,σπηλεον,1
ⲙⲁⲑⲓⲧⲏⲥ,μαθιτησ,1
ⲣⲉⲙⲿⲭⲱⲣⲁ,ρεμⲿχωρα,1
ⲉⲣⲑⲁⲣⲁⲡⲉⲩⲓⲛ,ερθαραπευιν,1
ⲃⲟⲏⲑⲓⲛ,βοηθιν,1
ⲉⲣⲕⲉⲗⲉⲩⲓⲛ,ερκελευιν,1
ⲁⲡⲗⲱⲥ,απλωσ,1
ⲹⲱⲥⲇⲉ,ⲹωσδε,1
ⲕⲉⲣⲥⲕⲩⲗⲓⲛ,κερσκυλιν,1
ⲥⲩⲅⲕⲗⲏⲧⲟⲥ,συγκλητοσ,1
ⲉⲣⲭⲁⲣⲓⲍⲉⲥⲑⲉ,ερχαριζεσθε,1
ⲁⲛⲧⲓⲛⲱⲟⲩ,αντινωου,1
ⲉⲣⲡⲁⲣⲁⲭⲱⲣⲓⲛ,ερπαραχωριν,1
ⲉⲣⲕⲱⲗⲓⲛ,ερκωλιν,1
ⲕⲁⲇⲉⲭⲓⲛ,καδεχιν,1
ⲳⲉⲣⲡⲁⲣⲁⲭⲱⲣⲓⲛ,ⲳερπαραχωριν,1
ⲉⲝⲉⲣⲧⲟⲛ,εξερτον,1
ⲡⲣⲟⲕⲉⲓⲙⲉⲛⲟⲛ,προκειμενον,1
ⲹⲏ,ⲹη,1
ⲧⲁⲙⲓⲉⲓⲟⲛ,ταμιειον,1
ⲁⲹⲟⲣⲁⲧⲟⲛ,αⲹορατον,1
ⲧⲏⲛⲟⲗⲟⲧⲓⲛ,τηνολοτιν,1
ⲁⲓⲥⲑⲏⲧⲏⲣⲓⲟⲛ,αισθητηριον,1
ⲹⲏⲥⲩⲭⲓⲁ,ⲹησυχια,1
ⲛⲕⲁⲕⲉⲓ,νκακει,1
ⲥⲕⲩⲡⲁⲍⲉ,σκυπαζε,1
ⲁⲫⲑⲁⲣⲥⲓⲁ,αφθαρσια,1
ⲡⲣⲟⲥⲱⲡⲟⲛ,προσωπον,1
ⲉⲡⲓⲧⲉⲗⲉⲓ,επιτελει,1
ⲉⲝⲏⲅⲉⲥⲓⲥ,εξηγεσισ,1
ⲽⲓⲛⲡⲟⲗⲩⲙⲉⲓ,ⲽινπολυμει,1
ⲡⲁⲛⲧⲱⲕⲣⲁⲧⲱⲣ,παντωκρατωρ,1
ⲥⲩⲛⲃⲓⲁ,συνβια,1
ⲫⲱⲛⲉⲩⲥ,φωνευσ,1
ⲗⲩⲭⲛⲉⲓⲁ,λυχνεια,1
ⲁⲅⲛⲉⲓⲁ,αγνεια,1
ⲧⲱⲃⲓⲁⲥ,τωβιασ,1
ⲉⲕⲣⲁⲧⲓⲁ,εκρατια,1
ⲛⲧⲟ,ντο,1
ⲕⲁⲙⲉⲧⲁⲛⲟⲓⲁ,καμετανοια,1
ⲕⲩⲣⲓⲗⲗⲟⲥ,κυριλλοσ,1
ⲓⲅⲛⲁⲧⲓⲟⲥ,ιγνατιοσ,1
ⲉⲕⲕⲗⲏⲕⲓⲁ,εκκληκια,1
ⲉⲣⲫⲓⲗⲟⲕⲁⲗⲉⲓⲛ,ερφιλοκαλειν,1
ⲉⲣⲥⲩⲛⲧⲩⲭⲓⲁ,ερσυντυχια,1
ⲉⲣⲥⲩⲛⲁⲝⲓⲥ,ερσυναξισ,1
ⲉⲡⲓⲥⲕⲟⲡⲉⲓⲟⲛ,επισκοπειον,1
ⲯⲉⲩⲇⲟⲉⲡⲓⲥⲏⲟⲡⲟⲥ,ψευδοεπισηοποσ,1
ⲉⲣⲛⲟⲉⲓⲛ,ερνοειν,1
ⲉⲣⲕⲱⲗⲩⲉⲓⲛ,ερκωλυειν,1
ⲉⲣⲇⲓⲁⲃⲁⲗⲗⲉⲓⲛ,ερδιαβαλλειν,1
ⲡⲓ,πι,1
ⲉⲣⲡⲟⲗⲉⲙⲉⲓⲛ,ερπολεμειν,1
ⲙⲉⲧⲹⲟⲙⲟⲗⲟⲅⲏⲧⲏⲥ,μετⲹομολογητησ,1
ⲁⲡⲟⲗⲟⲅⲉⲓⲥⲑⲁⲓ,απολογεισθαι,1
ⲁⲣⲕⲓⲉⲡⲓⲥⲕⲟⲡⲟⲥ,αρκιεπισκοποσ,1
ⲥⲩⲅⲅⲉⲗⲗⲟⲥ,συγγελλοσ,1
ⲉⲣⲕⲉⲗⲉⲩⲉⲓⲛ,ερκελευειν,1
ⲹⲉⲟⲣⲧⲁⲥⲧⲓⲕⲏ,ⲹεορταστικη,1
ⲉⲣⲁⲛⲉⲭⲉⲥⲑⲁⲓ,ερανεχεσθαι,1
ⲕⲁⲓⲧⲟⲓ,καιτοι,1
ⲁⲅⲓⲟⲥⲩⲛⲏ,αγιοσυνη,1
ⲙⲉⲧⲁⲣⲭⲓⲉⲡⲓⲥⲕⲟⲡⲟⲥ,μεταρχιεπισκοποσ,1
ⲁⲣⲭⲓⲇⲓⲁⲕⲱⲛ,αρχιδιακων,1
ⲉⲝⲁⲓⲡⲛⲁ,εξαιπνα,1
ⲉⲣⲁⲛⲁⲑⲉⲙⲁⲧⲓⲍⲉⲓⲛ,εραναθεματιζειν,1
ⲟⲙⲟⲛⲟⲓⲁ,ομονοια,1
ⲉⲣⲭⲟⲣⲉⲩⲓⲛ,ερχορευιν,1
ⲕⲩⲣⲱⲛ,κυρων,1
ⲥⲟⲩⲏ,σουη,1
ⲉⲣⲏⲥⲩⲭⲁⲍⲉⲓⲛ,ερησυχαζειν,1
ⲉⲣⲡⲣⲟⲥⲕⲩⲛⲉⲓⲛ,ερπροσκυνειν,1
ⲻⲓⲛⲑⲣⲉⲡⲁⲓⲁⲅⲓⲟⲥ,ⲻινθρεπαιαγιοσ,1
ⲻⲓⲛⲑⲣⲟⲩⲉⲣⲁⲛⲁⲑⲉⲙⲁⲧⲓⲍⲉⲓⲛ,ⲻινθρουεραναθεματιζειν,1
ⲉⲣⲥⲫⲣⲁⲅⲓⲍⲉⲓⲛ,ερσφραγιζειν,1
.....ⲫⲏⲧⲏⲥ,.....φητησ,1
ⲟⲩⲕⲟⲩⲛ,ουκουν,1
ⲑⲩⲣⲱⲛ,θυρων,1
ⲥⲧⲣⲱⲙⲁ,στρωμα,1
ⲡⲁⲣⲁⲵⲩⲥⲓⲥ,παραⲵυσισ,1
ⲕⲗⲁⲧⲟⲥ,κλατοσ,1
ⲁⲭⲉⲣⲟⲩⲥⲓⲁ,αχερουσια,1
ⲉⲓⲥⲓⲥ,εισισ,1
ⲹⲩⲡⲟⲙⲛⲏⲥⲕⲉ,ⲹυπομνησκε,1
ⲙⲛⲧⲛⲩⲙⲫⲓⲟⲥ,μντνυμφιοσ,1
ⲹⲉⲣⲙⲉⲛⲉⲩⲧⲏⲥ,ⲹερμενευτησ,1
ⲕⲟⲙⲁⲣⲓⲧⲏⲥ,κομαριτησ,1
ⲇⲓⲇⲁⲥⲕⲁⲗⲓⲁ,διδασκαλια,1
ⲥⲭⲟⲗⲁⲍⲉ,σχολαζε,1
ⲁⲛⲁⲓⲥⲑⲏⲧⲟⲥ,αναισθητοσ,1
ⲹⲁⲗⲁⲥⲁ,ⲹαλασα,1
ⲥⲕⲉⲡⲧⲉⲓ,σκεπτει,1
ⲁⲛⲿⲟⲭⲟⲥ,ανⲿοχοσ,1
ⲙⲁⲥⲓⲕⲁⲧⲏⲥ,μασικατησ,1
ⲕⲁⲧⲁⲥⲿⲗⲉ,κατασⲿλε,1
ⲁⲡⲁⲛⲅⲉⲓⲗⲉ,απανγειλε,1
ⲁⲓⲿⲁⲛⲧ,αιⲿαντ,1
ⲇⲟⲕⲏⲙⲁⲍⲉ,δοκημαζε,1
ⲹⲩⲡⲉⲣⲏⲥⲓⲁ,ⲹυπερησια,1
ⲁⲓⲭⲙⲁⲗⲱⲧⲓⲍⲉ,αιχμαλωτιζε,1
ⲹⲩⲧⲁⲥⲡⲓⲥ,ⲹυτασπισ,1
ⲡⲏⲥⲥⲉ,πησσε,1
ⲫⲱⲥⲁⲧⲟⲛ,φωσατον,1
ⲥⲡⲗⲁⲭⲛⲟⲛ,σπλαχνον,1
ⲁⲅⲁⲡⲓⲟⲥ,αγαπιοσ,1
ⲥⲟⲫⲣⲟⲥⲩⲛⲏ,σοφροσυνη,1
ⲁⲡⲁⲛⲧⲏ,απαντη,1
ⲙⲛⲧⲧⲁⲗⲉⲡⲟⲣⲟⲥ,μντταλεποροσ,1
ⲇⲟⲝⲟⲗⲟⲅⲓⲁ,δοξολογια,1
ⲇⲉⲕⲉⲙⲃⲣⲓⲟⲥ,δεκεμβριοσ,1
ⲁⲑⲗⲓⲥⲓⲥ,αθλισισ,1
ⲣⲉⲵⲧⲟⲗⲟⲙⲁ,ρεⲵτολομα,1
ⲙⲛⲧⲁⲡⲟⲥⲧⲁⲇⲏⲥ,μνταποσταδησ,1
ⲹⲟⲗⲟⲅⲉⲓ,ⲹολογει,1
ⲭⲟⲥⲥⲟⲣⲟⲁⲥ,χοσσοροασ,1
ⲫⲁⲛⲉⲣⲱⲛ,φανερων,1
ⲣⲹⲟⲩⲟⲥⲩⲙⲁⲛⲉ,ρⲹουοσυμανε,1
...,...,1
ⲉⲻⲏⲕⲏⲥⲓⲥ,εⲻηκησισ,1
ⲻⲓⲇⲱⲣⲟⲛ,ⲻιδωρον,1
ⲙⲛⲧⲧⲟⲗⲙⲏⲣⲟⲥ,μνττολμηροσ,1
ⲣⲹⲉⲗⲗⲏⲛ,ρⲹελλην,1
ⲣⲭⲣⲓⲥⲧⲓⲁⲛⲟⲥ,ρχριστιανοσ,1
ⲣⲹⲟⲩⲉⲥⲩⲙⲁⲛⲉ,ρⲹουεσυμανε,1
ⲁⲕⲁⲛⲁⲅⲧⲉⲓ,ακαναγτει,1
ⲧⲉⲛⲟⲩ,τενου,1
ⲇⲓⲕⲁⲓⲟ,δικαιο,1
ⲅⲉⲛⲏⲥⲉⲛ,γενησεν,1
ⲕⲗⲓⲙⲁ,κλιμα,1
ⲡⲁⲣⲁ□□ⲃⲁ,παρα□□βα,1
ⲥⲣⲁⲅⲁⲑⲟⲥ,σραγαθοσ,1
ⲥⲓⲅⲏ,σιγη,1
ⲽⲗⲡⲕⲟⲥⲙⲟⲥ,ⲽλπκοσμοσ,1
ⲻⲓⲯⲩⲭⲏ,ⲻιψυχη,1
ⲕⲓⲛⲏⲥⲓⲥ,κινησισ,1
ⲕⲁⲛⲁⲛⲓⲧⲏⲥ,κανανιτησ,1
ⲙⲁⲑⲏⲧⲣⲓⲁ,μαθητρια,1
ⲓⲱⲧⲁ,ιωτα,1
ⲥⲧⲏⲣⲓⲍⲉ,στηριζε,1
ⲉⲝⲓⲗⲓ,εξιλι,1
ⲁⲉⲣⲓⲛⲟⲛ,αερινον,1
ⲁⲣⲭⲓⲇⲁⲓⲙⲟⲛⲓⲟⲛ,αρχιδαιμονιον,1
ⲡⲣⲟⲛⲟⲏⲧⲟⲥ,προνοητοσ,1
ⲉⲕⲁⲧⲏ,εκατη,1
ⲥⲕⲟⲣⲡⲓⲟⲥ,σκορπιοσ,1
ⲇⲟⲝⲟⲧⲏⲥ,δοξοτησ,1
ⲹⲩⲇⲣⲏⲭⲟⲟⲥ,ⲹυδρηχοοσ,1
ⲣⲯⲩⲭⲏ,ρψυχη,1
ⲣⲉⲵⲕⲁⲑⲁⲣⲓⲍⲉ,ρεⲵκαθαριζε,1
ⲧⲓⲙⲱⲣⲓ,τιμωρι,1
ⲃⲓⲁⲍⲉ,βιαζε,1
ⲛⲇⲓⲱⲕⲏⲧⲏⲥ,νδιωκητησ,1
ⲁⲛⲧⲓⲧⲩⲡⲟⲥ,αντιτυποσ,1
ⲁⲕⲣⲓⲃⲁⲍⲉ,ακριβαζε,1
ⲡⲁⲣⲁⲃⲁⲙⲛⲛⲥⲁ,παραβαμννσα,1
ⲱⲛⲏ,ωνη,1
ⲹⲩⲙⲛⲉⲩ,ⲹυμνευ,1
ⲡⲁⲣⲁⲃⲟⲗⲏⲙⲧⲱⲣ,παραβολημτωρ,1
ⲡⲁⲣⲁⲗⲁⲙⲃⲁⲛⲉ,παραλαμβανε,1
ⲹⲓⲙⲁⲧⲙⲉⲛⲏ,ⲹιματμενη,1
ⲁⲥⲧⲏⲣ,αστηρ,1
ⲫⲑⲟⲛⲓ,φθονι,1
ⲡⲁⲣⲁⲗⲏⲙⲧⲱⲣ,παραλημτωρ,1
ⲹⲩⲃⲣⲓⲥⲓⲥ,ⲹυβρισισ,1
ⲛⲥⲓⲛⲏⲥⲓⲥ,νσινησισ,1
ⲥⲓⲛⲱⲥⲓⲥ,σινωσισ,1
ⲥⲫⲣⲁⲍⲓⲍⲉ,σφραζιζε,1
ⲉⲻⲟⲩⲥⲓⲁ,εⲻουσια,1
ⲁⲡⲟⲣⲓ,απορι,1
ⲙⲁⲑⲏⲧⲉⲩⲉ,μαθητευε,1
ⲕⲟⲓⲛⲱⲛⲓ,κοινωνι,1
ⲛⲁⲻⲓⲙⲩⲥⲧⲏⲣⲓⲟⲛ,ναⲻιμυστηριον,1
ⲁⲧⲥⲩⲙⲃⲟⲗⲟⲛ,ατσυμβολον,1
ⲕⲉⲣⲁⲥⲙⲟⲥ,κερασμοσ,1
ⲭⲁⲣⲁⲅⲙⲏ,χαραγμη,1
ⲁⲣⲓⲑⲙⲏⲥⲓⲥ,αριθμησισ,1
ⲁⲥⲁⲗⲉⲩⲧⲟⲥ,ασαλευτοσ,1
ⲁⲉⲛⲛⲟⲏⲧⲟⲥ,αεννοητοσ,1
ⲁⲥⲏⲙⲁⲛⲧⲟⲥ,ασημαντοσ,1
ⲁⲙⲩⲛⲁⲛⲧⲟⲥ,αμυναντοσ,1
ⲁⲹⲣⲏⲧⲟⲥ,αⲹρητοσ,1
ⲡⲣⲟⲁⲭⲱⲣⲏⲧⲟⲥ,προαχωρητοσ,1
ⲡⲁⲛⲧⲉⲗⲓⲟⲥ,παντελιοσ,1
ⲙⲛⲧⲙⲁⲓⲕⲟⲥⲙⲟⲥ,μντμαικοσμοσ,1
ⲡⲁⲣⲁⲣⲛⲧⲱⲧⲛ,παραρντωτν,1
ⲕⲣⲩⲥⲧⲁⲗⲗⲟⲥ,κρυσταλλοσ,1
ⲥⲕⲁⲛⲇⲁⲗⲟⲥ,σκανδαλοσ,1
ⲕⲁⲧⲟⲓⲕⲓ,κατοικι,1
ⲁⲛⲟⲙⲉⲓ,ανομει,1
ⲇⲩⲛⲟⲥ,δυνοσ,1
ⲡⲁⲣⲁⲗⲏⲙⲧⲥ,παραλημτσ,1
ⲡⲁⲣⲁⲛⲟⲙⲟⲛ,παρανομον,1
ⲇⲏⲙⲓⲧⲣⲓⲟⲥ,δημιτριοσ,1
ⲡⲣⲟⲹⲟⲓⲙⲓⲟⲛ,προⲹοιμιον,1
ⲙⲛⲧⲣⲵⲳⲙⲳⲉⲉⲓⲇⲱⲗⲟⲛ,μντρⲵⲳμⲳεειδωλον,1
ⲹⲩⲡⲟⲯⲩⲁ,ⲹυποψυα,1
ⲭⲣⲓⲥⲿⲁⲛⲏ,χρισⲿανη,1
ⲫⲩⲗⲟⲡⲁⲧⲱⲣ,φυλοπατωρ,1
ⲉⲩⲧⲣⲱⲡⲓⲟⲥ,ευτρωπιοσ,1
ⲕⲁⲧⲁⲥⲇⲓⲗⲉ,κατασδιλε,1
ⲁⲣⲭⲏⲇⲓⲁⲕⲱⲛⲟⲥ,αρχηδιακωνοσ,1
ⲣⲏ,ρη,1
ⲭⲣⲓⲥⲧⲓⲁⲛⲏ,χριστιανη,1
ⲡⲣⲟⲧⲣⲉⲡⲉⲓⲕⲟⲛ,προτρεπεικον,1
ⲙⲛⲧⲁⲗⲟⲅⲟⲛ,μνταλογον,1
ⲁⲣⲭⲏⲥⲧⲣⲁⲧⲩⲅⲟⲥ,αρχηστρατυγοσ,1
ⲹⲓⲉⲣⲓⲭⲱ,ⲹιεριχω,1
ⲁⲛⲁⲧⲁⲥⲓⲥ,ανατασισ,1
ⲕⲁⲇⲟⲥ,καδοσ,1
ⲁⲗⲩⲑⲓⲛⲟⲛ,αλυθινον,1
ⲙⲟⲩⲛ,μουν,1
ⲛⲧⲟⲥ,ντοσ,1
ⲥⲡⲟⲧⲟⲩ,σποτου,1
ⲉⲡⲓⲑⲩⲙⲉⲓⲁ,επιθυμεια,1
ⲧⲁⲕⲧⲱⲥ,τακτωσ,1
ⲡⲁⲣⲁⲅⲅⲉ,παραγγε,1
ⲟⲩⲉⲹⲡⲣⲟⲥⲑⲩⲕⲏ,ουεⲹπροσθυκη,1
ⲣⲹⲟⲩⲉⲙⲁⲕⲁⲣⲓⲍⲉ,ρⲹουεμακαριζε,1
ⲗⲟⲩⲗⲁⲓ,λουλαι,1
ⲡⲁⲣⲣⲏⲥⲓⲁⲍⲉ,παρρησιαζε,1
ⲙⲛⲧⲥⲡⲟⲩⲇⲁⲓⲟⲥ,μντσπουδαιοσ,1
ⲁⲧⲡⲉⲓⲑⲉ,ατπειθε,1
ⲁⲙⲉⲗⲉⲓⲁⲧⲙⲉ,αμελειατμε,1
ⲁⲙⲉⲓⲛⲟⲛ,αμεινον,1
ⲳⲃⲣⲗⲓⲧⲟⲩⲣⲅⲟⲥ,ⲳβρλιτουργοσ,1
ⲇⲓⲥⲇⲁⲍⲉ,δισδαζε,1
ⲡⲁⲛⲧⲟⲕⲓⲟⲛ,παντοκιον,1
ⲡⲁⲛⲇⲟⲕⲉⲩⲥ,πανδοκευσ,1
ⲣⲡⲛⲉⲩⲙⲁ,ρπνευμα,1
ⲣⲉⲵⲕⲣⲓⲛⲉ,ρεⲵκρινε,1
ⲗⲓⲧⲟⲩⲣⲅⲟⲥ,λιτουργοσ,1
ⲣⲡⲁⲣⲁⲧⲏⲣⲉⲓ,ρπαρατηρει,1
ⲣⲕⲁⲧⲁⲕⲣⲓⲛⲉ,ρκατακρινε,1
ⲕⲁⲕⲟⲛ,κακον,1
ⲣⲡⲁⲣⲁⲇⲉⲭⲉ,ρπαραδεχε,1
ⲣⲇⲓⲁⲕⲟⲛⲉⲓ,ρδιακονει,1
ⲇⲓⲁⲧⲟⲩⲧⲟ,διατουτο,1
ⲉⲡⲓⲥⲧⲏⲙⲱⲛ,επιστημων,1
ⲧⲏⲣⲉⲓ,τηρει,1
ⲣⲙⲉⲧⲁⲛⲟⲉⲓ,ρμετανοει,1
ⲣⲑⲉⲣⲁⲡⲉⲩⲉ,ρθεραπευε,1
ⲣⲉⲡⲓⲑⲩⲙⲉⲓ,ρεπιθυμει,1
ⲫⲣⲟⲛⲓⲙⲟⲥ,φρονιμοσ,1
ⲣⲧⲓⲙⲁ,ρτιμα,1
ⲣⲹⲩⲃⲣⲓⲍⲉ,ρⲹυβριζε,1
ⲣⲱⲫⲉⲗⲉⲓ,ρωφελει,1
ⲥⲁⲙⲁⲣⲉⲓⲧⲏⲥ,σαμαρειτησ,1
ⲡⲗⲟⲩⲥⲓⲟⲥ,πλουσιοσ,1
ⲣⲭⲣⲱ,ρχρω,1
ⲉⲙⲡⲟⲣⲟⲥ,εμποροσ,1
ⲣⲁⲓⲧⲉⲓ,ραιτει,1
ⲹⲏⲙⲉⲣⲁ,ⲹημερα,1
ⲣⲇⲓⲡⲛⲟⲛ,ρδιπνον,1
ⲣⲇⲓⲡⲛⲉⲓ,ρδιπνει,1
ⲣⲇⲓⲱⲕⲉ,ρδιωκε,1
ⲧⲁⲗⲁⲓⲡⲱⲣⲟⲛ,ταλαιπωρον,1
ⲣⲛⲟⲉⲓ,ρνοει,1
ⲣⲡⲓⲥⲧⲉⲩⲉ,ρπιστευε,1
ⲹⲟⲧⲓ,ⲹοτι,1
ⲙⲛⲧⲡⲓⲥⲧⲓⲥ,μντπιστισ,1
ⲁⲡⲓⲥⲧⲓⲁ,απιστια,1
ⲣⲙⲉⲗⲟⲥ,ρμελοσ,1
ⲙⲛⲧⲙⲁⲓⲕⲟⲥⲙⲉⲓ,μντμαικοσμει,1
ⲹⲟⲣⲙⲁⲕⲏ,ⲹορμακη,1
ⲥⲧⲉⲣⲉⲩⲙⲁ,στερευμα,1
ⲭⲣⲩⲥⲓⲥ,χρυσισ,1
ⲇⲓⲕⲁⲓⲟⲙⲁ,δικαιομα,1
ⲇⲓⲁⲧⲁⲅⲏ,διαταγη,1
ⲣⲁⲥⲉⲃⲏⲥ,ρασεβησ,1
ⲕⲧⲟⲛⲓⲍⲉ,κτονιζε,1
ⲙⲁⲥⲧⲓⲝ,μαστιξ,1
ⲙⲛⲧⲥⲕⲗⲏⲣⲟⲥ,μντσκληροσ,1
ⲕⲁⲧⲏⲅⲱⲣⲓⲁ,κατηγωρια,1
ⲁⲣⲕⲉⲩⲑⲟⲥ,αρκευθοσ,1
ⲡⲩⲝⲓⲟⲛ,πυξιον,1
ⲡⲉⲣⲇⲓⲝ,περδιξ,1
ⲭⲁⲗⲓⲝ,χαλιξ,1
ⲏⲥⲓⲭⲓⲁ,ησιχια,1
ⲙⲉⲧⲧⲟⲗⲙⲏⲣⲟⲥ,μεττολμηροσ,1
ⲉⲣⲃⲟⲏⲑⲟⲥ,ερβοηθοσ,1
ⲕⲁⲧⲁⲣⲟ,καταρο,1
ⲭⲁⲗⲩⲝ,χαλυξ,1
ⲡⲁⲣⲁⲛⲟⲙⲥ,παρανομσ,1
ⲥⲩⲛⲁⲛⲧⲏⲙⲁ,συναντημα,1
ⲥⲡⲁⲗⲁⲝ,σπαλαξ,1
ⲕⲗⲏⲣⲟⲛⲟⲙⲓⲛ,κληρονομιν,1
ⲡⲣⲟⲫⲏⲧⲉⲩⲓⲛ,προφητευιν,1
ⲟⲩⲟⲛⲩⲝ,ουονυξ,1
ⲭⲁⲗⲃⲁⲛⲏ,χαλβανη,1
ⲉⲗⲓⲝ,ελιξ,1
ⲧⲟⲭⲟⲥ,τοχοσ,1
ⲥⲧⲩⲣⲁⲝ,στυραξ,1
ⲅⲣⲁⲙⲙⲁⲧⲓⲕⲟⲥ,γραμματικοσ,1
ⲥⲁⲉⲝ,σαεξ,1
ⲡⲁⲣⲁⲙⲃⲟⲗⲏ,παραμβολη,1
ⲣⲉⲵⲉⲣⲇⲟⲕⲓⲙⲁⲍⲓⲛ,ρεⲵερδοκιμαζιν,1
ⲥⲙⲓⲗⲁⲝ,σμιλαξ,1
ⲡⲁⲣⲁⲇⲓⲥⲟⲥⲛⲧⲉ,παραδισοσντε,1
ⲑⲟⲩⲝ,θουξ,1
ⲃⲉⲥⲉ,βεσε,1
ⲧⲟⲡⲁⲇⲓⲟⲛ,τοπαδιον,1
ⲥⲡⲟⲛⲇⲏ,σπονδη,1
ⲡⲓⲡⲉⲣⲥⲓⲥ,πιπερσισ,1
ⲙⲉⲧⲁⲗⲗⲟⲛ,μεταλλον,1
ⲡⲓⲝ,πιξ,1
ⲉⲣⲥⲁⲣⲝ,ερσαρξ,1
ⲙⲉⲧⲁⲩⲑⲁⲇⲏⲥ,μεταυθαδησ,1
ⲥⲭⲟⲓⲛⲟⲥ,σχοινοσ,1
ⲡⲁⲣⲁⲣⲩⲙⲁⲧⲁ,παραρυματα,1
ⲥⲩⲛⲑⲉⲥⲓⲥ,συνθεσισ,1
ⲕⲩⲡⲁⲣⲓⲥⲥⲟⲥ,κυπαρισσοσ,1
ⲙⲉⲧⲭⲓⲗⲓⲁⲣⲭⲟⲥ,μετχιλιαρχοσ,1
ⲹⲏⲅⲉⲙⲱⲛⲓⲕⲟⲛ,ⲹηγεμωνικον,1
ⲁⲗⲥⲟⲥ,αλσοσ,1
ⲧⲓⲗⲓ,τιλι,1
ⲥⲑⲣⲟⲩⲑⲟⲥ,σθρουθοσ,1
ⲡⲁⲣⲁⲗⲓⲥ,παραλισ,1
ⲥⲁⲡⲡⲓⲣⲟⲥ,σαππιροσ,1
ⲹⲁⲡⲗⲟⲩⲛ,ⲹαπλουν,1
ⲉⲣⲏⲑⲓⲍⲉ,ερηθιζε,1
ⲵⲓⲗⲟⲅⲟⲥ,ⲵιλογοσ,1
ⲻⲓⲡⲉⲓⲣⲁⲥⲙⲟⲥ,ⲻιπειρασμοσ,1
ⲙⲛⲧⲣⲉⲵⲕⲁⲧⲁⲗⲁⲗⲉⲓ,μντρεⲵκαταλαλει,1
ⲹⲩⲡⲟⲗⲩⲙⲯⲓⲥ,ⲹυπολυμψισ,1
ⲳⲃⲟⲏⲑⲉⲓ,ⲳβοηθει,1
ⲙⲛⲧⲣⲉⲵⲫⲑⲟⲛⲉⲓ,μντρεⲵφθονει,1
ⲉⲩⲇⲟⲕⲓⲙⲏ,ευδοκιμη,1
ⲁⲡⲟⲥⲧⲉⲣⲓ,αποστερι,1
ⲟⲩⲕⲉⲧⲓ,ουκετι,1
ⲽⲓⲛⲭⲟⲣⲉⲩⲉ,ⲽινχορευε,1
ⲙⲛⲧⲭⲏⲣⲁ,μντχηρα,1
ⲗⲟⲅⲓⲕⲏ,λογικη,1
ⲕⲏⲣⲩⲝ,κηρυξ,1
ⲉⲩⲧⲁⲝⲓⲁ,ευταξια,1
ⲁⲧⲁⲕⲧⲉⲓ,ατακτει,1
ⲁⲓⲑⲏⲥⲓⲥ,αιθησισ,1
ⲳⲹⲩⲡⲟⲙⲓⲛⲉ,ⲳⲹυπομινε,1
ⲫⲓⲗⲟⲥⲟⲫⲓ,φιλοσοφι,1
ⲕⲁⲣⲟⲓⲁ,καροια,1
ⲕⲁⲧⲁⲡⲁⲧⲓ,καταπατι,1
ⲡⲁⲝ,παξ,1
ⲹⲟⲙⲱⲥ,ⲹομωσ,1
ⲁⲧⲁⲕⲧⲱⲥ,ατακτωσ,1
ⲣⲁⲙⲉⲗⲏⲥ,ραμελησ,1
ⲡⲟⲛⲧⲟⲥ,ποντοσ,1
ⲓⲃⲏⲣⲓⲁ,ιβηρια,1
ⲕⲁⲡⲡⲁⲇⲟⲕⲓⲁ,καππαδοκια,1
ⲁⲣⲅⲁⲓⲟⲥ,αργαιοσ,1
ⲡⲟⲑⲟⲥ,ποθοσ,1
ⲥⲩⲛⲟⲇⲟⲥ,συνοδοσ,1
ⲅⲣⲁⲣⲏ,γραρη,1
ⲉⲡⲓⲑⲩⲓⲁ,επιθυια,1
ⲿⲕⲟⲗⲗⲁⲣⲓⲟⲛ,ⲿκολλαριον,1
ⲡⲉⲇⲏⲥ,πεδησ,1
ⲉⲧⲓⲁ,ετια,1
ⲇⲓⲙⲱⲣⲓⲁ,διμωρια,1
ⲉⲣⲉⲛⲕⲁⲕⲓⲛ,ερενκακιν,1
ⲉⲣⲡⲟⲗⲓⲧⲉⲩⲉⲥⲑⲉ,ερπολιτευεσθε,1
ⲅⲣⲁⲫⲉⲩⲥ,γραφευσ,1
ⲧⲁⲥⲕⲩⲥⲓⲥ,τασκυσισ,1
ⲁⲕⲣⲓⲃⲏⲥ,ακριβησ,1
ⲧⲁⲩⲣⲉⲁ,ταυρεα,1
ⲡⲓⲣⲁⲥⲙⲟⲥ,πιρασμοσ,1
ⲿⲹⲓⲣⲏⲛⲏ,ⲿⲹιρηνη,1
ⲇⲁⲓⲙⲱⲛ ,δαιμων ,1
ⲉⲣⲅⲩⲙⲛⲁⲍⲓⲛ,εργυμναζιν,1
ⲅⲉⲛⲉⲧⲟⲥ,γενετοσ,1
ⲁⲅⲉⲛⲉⲧⲟⲥ,αγενετοσ,1
ⲉⲣⲁⲅⲓⲁⲍⲓⲛ,εραγιαζιν,1
ⲉⲣⲁⲙⲫⲓⲃⲁⲗⲓⲛ,εραμφιβαλιν,1
ⲙⲟⲛⲁⲥ,μονασ,1
ⲛⲟⲙⲟⲟⲩⲥⲓⲟⲥ,νομοουσιοσ,1
ⲙⲏⲥⲧⲏⲣⲓⲟⲛ,μηστηριον,1
ⲁⲛⲧⲱⲛⲓ,αντωνι,1
ⲁⲗⲏⲑⲏⲛⲟⲥ,αληθηνοσ,1
ⲉⲣⲁⲥⲕⲓⲛ,ερασκιν,1
ⲁⲡⲁⲛⲧⲁⲛ,απανταν,1
ⲁⲣⲕⲏⲛⲧⲁⲣⲁ,αρκηνταρα,1
ⲥⲱⲙⲁⲧⲓⲕⲱⲥ,σωματικωσ,1
ⲻⲉⲙⲡⲁⲣⲣⲏⲥⲓⲁ,ⲻεμπαρρησια,1
ⲙⲉⲧⲟⲓⲕⲟⲛⲟⲟⲥ,μετοικονοοσ,1
ⲉⲣⲉⲛⲭⲣⲓⲁ,ερενχρια,1
ⲃⲁⲣⲃⲁⲣⲓⲕⲟⲛ,βαρβαρικον,1
ⲝⲉⲛⲱⲛ,ξενων,1
ⲁⲥⲕⲩⲧⲏⲥ,ασκυτησ,1
ⲭⲁⲓⲣⲉⲧⲉ,χαιρετε,1
ⲉⲩⲉⲣⲅⲉⲧⲏⲥ,ευεργετησ,1
ⲁⲛⲁⲑⲉⲙⲁⲧⲓⲍⲉ,αναθεματιζε,1
ⲧⲟⲅⲙⲁ,τογμα,1
ⲣⲡⲟⲗⲉⲙⲉⲓ,ρπολεμει,1
ⲣⲉⲵⲥⲙⲛⲛⲟⲙⲟⲥ,ρεⲵσμννομοσ,1
ⲕⲿⲥⲓⲥ,κⲿσισ,1
ⲹⲩⲡⲟⲅⲣⲁⲫⲏ,ⲹυπογραφη,1
ⲇⲓⲕⲁⲓⲟⲱⲙⲁ,δικαιοωμα,1
ⲉⲥⲧⲱⲛ,εστων,1
ⲹⲓⲉⲣⲟⲥ,ⲹιεροσ,1
ⲁⲑⲗⲱⲛ,αθλων,1
ⲥⲩⲅⲛⲱⲙⲏ,συγνωμη,1
ⲁⲧⲟⲡⲧⲁⲥⲓⲁ,ατοπτασια,1
ⲉⲩⲧⲉⲗⲉⲓⲁ,ευτελεια,1
ⲕⲣⲓⲙⲙⲁ,κριμμα,1
ⲡⲁⲣⲁⲛⲏⲧⲟⲥ,παρανητοσ,1
ⲡⲁⲣⲁⲛⲉⲧⲟⲥ,παρανετοσ,1
ⲕⲩⲛⲏ,κυνη,1
ⲫⲓⲗⲟⲥⲟⲫⲓⲁ,φιλοσοφια,1
ⲹⲓⲉⲣⲟⲛⲓⲕⲟⲥ,ⲹιερονικοσ,1
ⲗⲟⲩⲅⲓⲟⲥ,λουγιοσ,1
ⲡⲁⲓⲇⲁⲅⲱⲅⲉⲓ,παιδαγωγει,1
ⲁⲕⲟⲗⲟⲑⲓⲁ,ακολοθια,1
ⲉⲥⲩⲭⲟⲥ,εσυχοσ,1
ⲗⲟⲩⲕⲓⲟⲥ,λουκιοσ,1
ⲡⲣⲟⲹⲓⲥⲧⲁ,προⲹιστα,1
ⲉⲍⲩⲭⲁⲍⲉ,εζυχαζε,1
ⲇⲓⲁⲥⲧⲣⲟⲫⲏ,διαστροφη,1
ⲉⲩⲕⲧⲏⲣⲓⲟⲛ,ευκτηριον,1
ⲕⲟⲓⲙⲏⲧⲏⲣⲓⲟⲛ,κοιμητηριον,1
ⲿⲁⲥⲡⲁⲣⲁⲥⲥⲉ,ⲿασπαρασσε,1
ⲹⲓⲉⲣⲟⲯⲁⲗⲧⲏⲥ,ⲹιεροψαλτησ,1
ⲉⲛⲟⲭⲗⲉⲓ,ενοχλει,1
ⲣⲙⲕⲟⲣⲓⲛⲑⲟⲥ,ρμκορινθοσ,1
ⲯⲁⲗⲙⲱⲇⲓⲁ,ψαλμωδια,1
ⲫⲟⲣⲟⲥ,φοροσ,1
ⲁⲣⲭⲓⲥⲩⲛⲁⲅⲱⲅⲏ,αρχισυναγωγη,1
ⲯⲩⲭⲓⲕⲏ,ψυχικη,1
ⲉⲕⲧⲏ,εκτη,1
ⲕⲣⲏⲧⲏⲥ,κρητησ,1
ⲁⲣⲭⲓⲡⲡⲟⲥ,αρχιπποσ,1
ⲭⲝ,χξ,1
ⲥⲧⲟⲓⲭⲟⲥ,στοιχοσ,1
ⲗⲁⲗⲓⲁ,λαλια,1
ⲙⲉⲧⲹⲓⲕⲁⲛⲟⲥ,μετⲹικανοσ,1
ⲣⲉⲵⲉⲣⲹⲓⲣⲏⲛⲏ,ρεⲵερⲹιρηνη,1
ⲡⲁⲛⲧⲟⲭⲓⲟⲛ,παντοχιον,1
ⲇⲏⲛⲁⲣⲓⲟⲛ,δηναριον,1
ⲣⲉⲵⲉⲣⲕⲉⲣⲙⲁ,ρεⲵερκερμα,1
ⲣⲉⲵⲉⲣⲇⲓⲁⲕⲣⲓⲛⲓⲛ,ρεⲵερδιακρινιν,1
ⲇⲟⲕⲓⲙⲟⲥ,δοκιμοσ,1
ⲙⲉⲗⲉⲧⲁⲛ,μελεταν,1
ⲙⲉⲧⲡⲁⲛⲟⲩⲣⲅⲟⲥ,μετπανουργοσ,1
ⲙⲉⲧⲁⲩⲑⲁⲧⲏⲥ,μεταυθατησ,1
ⲥⲕⲏⲛⲟⲡⲏⲅⲓⲁ,σκηνοπηγια,1
ⲙⲉⲧⲙⲁⲣⲧⲩⲣⲟⲥ,μετμαρτυροσ,1
ⲕⲉⲣⲉⲁ,κερεα,1
ⲉⲛⲛⲁⲧⲏ,εννατη,1
ⲃⲓⲱⲧⲓⲕⲟⲛ,βιωτικον,1
ⲿⲹⲉⲣⲉⲥⲓⲥ,ⲿⲹερεσισ,1
ⲥⲧⲓⲅⲙⲏ,στιγμη,1
ⲡⲁⲣⲁⲕⲗⲏⲧⲟⲛ,παρακλητον,1
ⲛⲍⲏⲇⲏⲥⲓⲥ,νζηδησισ,1
ⲧⲕⲩⲗⲓⲕⲓⲁ,τκυλικια,1
ⲥⲕⲩⲑⲟⲥ,σκυθοσ,1
ⲡⲁⲣⲁⲗⲓⲟⲥ,παραλιοσ,1
ⲁⲡⲟⲅⲣⲁⲫⲏ,απογραφη,1
ⲗⲓⲃⲉⲣⲧⲓⲛⲟⲥ,λιβερτινοσ,1
ⲡⲁⲣⲁⲧⲓⲥⲑⲉ,παρατισθε,1
ⲫⲣⲁⲅⲉⲗⲗⲓⲟⲛ,φραγελλιον,1
ⲕⲉⲣⲙⲁ,κερμα,1
ⲛⲟⲙⲓⲕⲟⲛ,νομικον,1
ⲡⲁⲣⲁⲭⲓⲙⲁⲍⲓⲛ,παραχιμαζιν,1
ⲉⲝⲉⲛⲓⲁ,εξενια,1
ⲥⲱⲧⲉⲣ,σωτερ,1
ⲑⲉⲗⲏⲙⲁ,θελημα,1
ⲧⲁⲥⲁⲝ,τασαξ,1
ⲭⲣⲁⲥⲑⲉ,χρασθε,1
ⲡⲣⲟⲃⲁⲧⲓⲕⲏ,προβατικη,1
ⲧⲩⲭⲟⲥ,τυχοσ,1
ⲙⲉⲧⲙⲁⲕⲁⲣⲓⲟⲥ,μετμακαριοσ,1
ⲙⲁⲗⲭⲟⲥ,μαλχοσ,1
ⲉⲡⲉⲛⲇⲩⲧⲏⲥ,επενδυτησ,1
ⲭⲱⲣⲓⲛ,χωριν,1
ⲡⲁⲣⲑⲟⲥ,παρθοσ,1
ⲉⲥⲑⲉⲥⲓⲥ,εσθεσισ,1
ⲡⲁⲣⲁⲃⲁⲧⲏ,παραβατη,1
ⲡⲁⲣⲁⲭ,παραχ,1
ⲡⲁⲣⲁⲃⲟⲗⲉⲩⲉⲥⲑⲉ,παραβολευεσθε,1
ⲗⲁⲕⲁⲛⲏ,λακανη,1
ⲥⲁⲣⲕⲓⲕⲏ,σαρκικη,1
ⲥⲧⲁⲩⲗⲟⲛ,σταυλον,1
ⲑⲩⲗⲓⲕⲓⲁ,θυλικια,1
ⲽⲛⲁⲛⲁⲡⲁⲩⲥⲓⲥ,ⲽναναπαυσισ,1
ⲉⲗⲉⲩⲑⲉⲣⲁ,ελευθερα,1
ⲣⲉⲵⲿⲁⲅⲁⲡⲏ,ρεⲵⲿαγαπη,1
ⲫⲁⲕⲓⲁⲣⲓⲟⲛ,φακιαριον,1
ⲣⲉⲵⲿⲙⲉⲧⲁⲛⲟⲓⲁ,ρεⲵⲿμετανοια,1
ⲟⲣⲑⲟⲛ,ορθον,1
ⲡⲱⲛⲩⲭⲟⲥ,πωνυχοσ,1
ⲛⲟⲛⲟⲭⲟⲥ,νονοχοσ,1
ⲕⲟⲓⲛⲟⲛⲓⲁ,κοινονια,1
ⲁⲇⲓⲕⲱⲥ,αδικωσ,1
ⲃⲁⲣⲉⲓ,βαρει,1
ⲹⲁⲯⲓⲥ,ⲹαψισ,1
ⲉⲩⲫⲩⲏⲥ,ευφυησ,1
ⲡⲗⲁⲧⲁⲛⲟⲥ,πλατανοσ,1
ⲹⲓⲉⲣⲟⲫⲁⲛⲧⲏⲥ,ⲹιεροφαντησ,1
ⲹⲓⲉⲣⲟⲹⲩⲙⲛⲟⲥ,ⲹιεροⲹυμνοσ,1
ⲁⲓⲱⲛⲓⲟⲛ,αιωνιον,1
ⲉⲝⲉⲛⲓⲕⲟⲥ,εξενικοσ,1
ⲡⲉⲧⲣⲱⲛⲓⲟⲥ,πετρωνιοσ,1
ⲹⲱⲣⲥⲓⲉⲥⲓⲟⲥ,ⲹωρσιεσιοσ,1
ⲇⲓⲏⲅⲏⲙⲁ,διηγημα,1
ⲁⲡⲟⲕⲣⲏⲥⲓⲥ,αποκρησισ,1
ⲡⲣⲱⲧⲟⲛ,πρωτον,1
ⲙⲱⲛⲁⲭⲟⲥ,μωναχοσ,1
ⲕⲩⲣⲓⲍⲉ,κυριζε,1
ⲁⲣⲭⲩⲉⲣⲟⲥⲩⲛⲏ,αρχυεροσυνη,1
ⲣⲡⲟⲗⲁⲓⲙⲟⲥ,ρπολαιμοσ,1
ⲉⲥⲑⲁⲛⲉ,εσθανε,1
ⲉⲡⲁⲓⲇⲏ,επαιδη,1
ⲑⲁⲣⲣⲉⲓ,θαρρει,1
ⲭⲗⲁⲙⲉⲩⲥ,χλαμευσ,1
ⲙⲁⲥⲧⲏⲝ,μαστηξ,1
ⲁⲅⲁⲑⲁⲣⲥⲓ,αγαθαρσι,1
ⲹⲁⲹⲧⲛ,ⲹαⲹτν,1
ⲛⲁ,να,1
ⲛⲟⲩⲧⲉ,νουτε,1
ⲉⲗⲁⲻⲓⲥⲧⲟⲛ,ελαⲻιστον,1
ⲧⲁⲣⲓⲭⲓⲟⲛ,ταριχιον,1
ⲁⲡⲟⲥⲧⲏⲑⲟⲩⲥ,αποστηθουσ,1
ⲁⲡⲟⲕⲣⲩⲫⲟⲛ,αποκρυφον,1
ⲕⲁⲑⲏⲅⲏⲥⲓⲥ,καθηγησισ,1
ⲁⲡⲟⲧⲟⲥⲥⲉ,αποτοσσε,1
ⲯⲉⲗⲓⲟⲛ,ψελιον,1
ⲥⲫⲁⲅⲓⲁ,σφαγια,1
ⲿⲁⲏⲥ,ⲿαησ,1
ⲣⲉⲵⲉⲡⲉⲓⲑⲩⲙⲉⲓ,ρεⲵεπειθυμει,1
ⲛⲉⲻⲇⲁⲓⲙⲱⲛⲓⲟⲛ,νεⲻδαιμωνιον,1
ⲑⲗⲓⲑⲗⲓⲯⲓⲥ,θλιθλιψισ,1
ⲧⲁⲙⲓⲟⲛ,ταμιον,1
ⲁⲛⲇⲓⲗⲟⲅⲓⲁ,ανδιλογια,1
ⲣⲙⲁⲣⲧⲏⲣⲟⲥ,ρμαρτηροσ,1
ⲳⲃⲏⲣⲡⲣⲉⲥⲃⲩⲧⲉⲣⲟⲥ,ⲳβηρπρεσβυτεροσ,1
ⲁⲗⲁⲗⲉⲓⲁ,αλαλεια,1
ⲥⲫⲁⲗⲙⲁ,σφαλμα,1
ⲙⲛⲧⲣⲉⲵⲁⲣⲉⲥⲕⲉ,μντρεⲵαρεσκε,1
ⲣⲭⲟⲗⲏ,ρχολη,1
ⲉⲛⲉⲣⲅⲉ,ενεργε,1
ⲥⲩⲙⲃⲟⲩⲗⲓⲁ,συμβουλια,1
ⲣⲑⲏⲣⲓⲟⲛ,ρθηριον,1
ⲭⲉⲓⲙⲁⲣⲣⲟⲥ,χειμαρροσ,1
ⲙⲛⲧⲁⲧⲕⲣⲓⲛⲉ,μντατκρινε,1
ⲏⲇⲏⲥⲓⲥ,ηδησισ,1
ⲣⲉⲵⲣⲉⲓⲣⲏⲛⲏ,ρεⲵρειρηνη,1
ⲡⲱⲛⲏ,πωνη,1
ⲡⲁⲣⲁⲙⲉⲧⲣⲟⲛ,παραμετρον,1
ⲁⲣⲭⲏⲡⲣⲉⲥⲃⲩⲧⲉⲣⲟⲥ,αρχηπρεσβυτεροσ,1
ⲡⲗⲩⲑⲟⲥ,πλυθοσ,1
ⲿⲁⲛⲁⲡⲁⲩⲥⲓⲥ,ⲿαναπαυσισ,1
ⲽⲓⲛⲥⲏⲙⲁⲛⲉ,ⲽινσημανε,1
