coptic,greek
ⲁⲃⲁⲥⲓⲗⲉⲩⲧⲟⲥ,αβασιλευτος
ⲁⲃⲃⲁ,αββας
ⲁⲃⲉⲗⲧⲓⲟⲛ,αβερτιον
ⲁⲃⲉⲥⲧⲟⲛ,ασβεστος
ⲁⲅⲁⲑⲟⲛ,αγαθος
ⲁⲅⲁⲑⲟⲥ,αγαθος
ⲁⲅⲁⲗⲗⲓⲱⲛ,αγαλλιαω
ⲁⲅⲁⲛⲁⲕⲧⲉⲓ,αγανακτεω
ⲁⲅⲁⲡⲁ,αγαπαω
ⲁⲅⲁⲡⲁⲛ,αγαπαω
ⲁⲅⲁⲡⲏ,αγαπη
ⲁⲅⲁⲡⲏⲧⲓⲕⲟⲥ,αγαπητικος
ⲁⲅⲁⲡⲏⲧⲟⲥ,αγαπητος
ⲁⲅⲁⲣⲓⲛⲛⲉⲟⲥ,αγαρινναιος
ⲁⲅⲅⲉⲗⲓ,αγγελλω
ⲁⲅⲅⲉⲗⲓⲕⲏ,αγγελικος
ⲁⲅⲅⲉⲗⲓⲕⲟⲛ,αγγελικος
ⲁⲅⲅⲉⲗⲓⲕⲟⲥ,αγγελικος
ⲁⲅⲅⲉⲗⲟⲡⲣⲟⲥⲱⲡⲟⲛ,αγγελοπροσωπον
ⲁⲅⲅⲉⲗⲟⲥ,αγγελος
ⲁⲅⲅⲉⲗⲟⲩ,αγγελος
ⲁⲅⲅⲓⲟⲛ,αγγειον
ⲁⲅⲉ,αγω
ⲁⲅⲉⲗⲏ,αγελη
ⲁⲅⲉⲛⲛⲏⲧⲟⲛ,αγεννητος
ⲁⲅⲉⲛⲛⲏⲧⲟⲥ,αγεννητος
ⲁⲅⲓⲁ,αγιος
ⲁⲅⲓⲟⲥ,αγιος
ⲁⲅⲛⲓⲁ,αγνεια
ⲁⲅⲛⲱⲙⲏⲥⲩⲛⲏ,αγνωμοσυνη
ⲁⲅⲛⲱⲙⲟⲛ,αγνωμων
ⲁⲅⲛⲱⲥⲧⲟⲥ,αγνωστος
ⲁⲅⲟⲣⲁ,αγορα
ⲁⲅⲟⲣⲁⲓⲟⲥ,αγοραιος
ⲁⲅⲟⲣⲁⲥⲓⲁ,αγορασια
ⲁⲅⲣⲓⲟⲛ,αγριος
ⲁⲅⲣⲓⲟⲥ,αγριος
ⲁⲅⲱⲅⲏ,αγωγη
ⲁⲅⲱⲛⲓⲁ,αγωνια
ⲁⲅⲱⲛⲓⲍⲉ,αγωνιζομαι
ⲁⲅⲱⲛⲓⲍⲉⲥⲑⲉ,αγωνιζομαι
ⲁⲅⲱⲛⲓⲥⲧⲏⲥ,αγωνιστης
ⲁⲅⲱⲛⲟⲑⲉⲧⲏⲥ,αγωνοθετης
ⲁⲇⲁⲙⲁⲛⲧⲓⲛⲏ,αδαμαντινος
ⲁⲇⲁⲙⲁⲛⲧⲟⲥ,αδαμαντος
ⲁⲇⲏⲗⲟⲥ,αδηλος
ⲁⲇⲓⲁⲕⲣⲓⲧⲟⲥ,αδιακριτος
ⲁⲇⲓⲁⲕⲱⲗⲩⲧⲱⲥ,αδιακωλυτως
ⲁⲇⲓⲕⲁⲓⲟⲥ,αδικαιος
ⲁⲇⲓⲕⲓⲁ,αδικια
ⲁⲇⲓⲕⲟⲛ,αδικος
ⲁⲇⲓⲕⲟⲥ,αδικος
ⲁⲇⲓⲕⲱⲥ,αδικως
ⲁⲇⲓⲽⲓ,αδικεω
ⲁⲇⲩⲛⲁⲧⲟⲥ,αδυνατος
ⲁⲉⲓ,αει
ⲁⲉⲣⲟⲇⲓⲟⲥ,αεροδιος
ⲁⲉⲧⲟⲥ,αετος
ⲁⲏⲣ,αηρ
ⲁⲑⲁⲛⲁⲥⲓⲁ,αθανασια
ⲁⲑⲁⲛⲁⲧⲟⲛ,αθανατος
ⲁⲑⲁⲛⲁⲧⲟⲥ,αθανατος
ⲁⲑⲉⲧⲉⲓ,αθετεω
ⲁⲑⲉⲧⲓⲛ,αθετεω
ⲁⲑⲏⲛⲁⲓⲟⲥ,αθηναιος
ⲁⲑⲗⲏⲥⲓⲥ,αθλησις
ⲁⲑⲗⲏⲧⲏⲥ,αθλητης
ⲁⲑⲗⲟⲛ,αθλον
ⲁⲑⲗⲟⲫⲟⲣⲟⲥ,αθλοφορος
ⲁⲑⲩⲗⲓⲕⲟⲥ,υλικος
ⲁⲑⲩⲛⲁ,αθηνη
ⲁⲑⲩⲣⲁⲥ,αθηρα
ⲁⲓⲅⲩⲡⲧⲓⲁⲕⲟⲛ,αιγυπτιακος
ⲁⲓⲇⲓⲟⲥ,αιδιος
ⲁⲓⲇⲟⲓⲟⲛ,αιδοιον
ⲁⲓⲑⲣⲓⲟⲛ,αιθριον
ⲁⲓⲛⲓⲅⲙⲁ,αινιγμα
ⲁⲓⲡⲉⲛⲟⲥ,επαινος
ⲁⲓⲥⲑⲁⲛⲉ,αισθανομαι
ⲁⲓⲥⲑⲏⲥⲓⲥ,αισθησις
ⲁⲓⲥⲑⲏⲧⲏⲣⲓⲟⲛ,αισθητηριον
ⲁⲓⲥⲑⲏⲧⲏⲥ,αισθητης
ⲁⲓⲥⲑⲏⲧⲟⲛ,αισθητος
ⲁⲓⲥⲑⲏⲧⲟⲥ,αισθητος
ⲁⲓⲧⲉⲓ,αιτεω
ⲁⲓⲧⲏⲙⲁ,αιτημα
ⲁⲓⲧⲓⲁ,αιτια
ⲁⲓⲧⲓⲟⲛ,αιτιον
ⲁⲓⲧⲓⲟⲥ,αιτιος
ⲁⲓⲭⲙⲁⲗⲱⲥⲓⲁ,αιχμαλωσια
ⲁⲓⲭⲙⲁⲗⲱⲧⲉⲩⲉ,αιχμαλωτευω
ⲁⲓⲭⲙⲁⲗⲱⲧⲓⲍⲉ,αιχμαλωτιζω
ⲁⲓⲭⲙⲁⲗⲱⲧⲟⲥ,αιχμαλωτος
ⲁⲓⲱⲛ,αιων
ⲁⲓⲱⲛⲓⲟⲛ,αιωνιος
ⲁⲓⲱⲛⲓⲟⲥ,αιωνιος
ⲁⲕⲁⲑⲁⲣⲥⲓⲁ,ακαθαρσια
ⲁⲕⲁⲑⲁⲣⲧⲟⲛ,ακαθαρτος
ⲁⲕⲁⲑⲁⲣⲧⲟⲥ,ακαθαρτος
ⲁⲕⲁⲓⲣⲱⲥ,ακαιρος
ⲁⲕⲁⲕⲓⲁ,ακακια
ⲁⲕⲁⲕⲓⲁⲥ,ακακια
ⲁⲕⲁⲕⲟⲥ,ακακος
ⲁⲕⲁⲛⲁⲅⲧⲏⲥⲓⲥ,αγανακτησις
ⲁⲕⲁⲣⲡⲟⲥ,ακαρπος
ⲁⲕⲁⲧⲁⲅⲛⲱⲥⲧⲟⲥ,ακαταγνωστος
ⲁⲕⲉⲣⲁⲓⲟⲛ,ακεραιος
ⲁⲕⲉⲣⲁⲓⲟⲥ,ακεραιος
ⲁⲕⲗⲏⲧⲟⲛ,ακλητος
ⲁⲕⲙⲏ,ακμη
ⲁⲕⲙⲏⲛ,ακμην
ⲁⲕⲟⲗⲗⲟⲩⲑⲓⲁ,ακολουθια
ⲁⲕⲟⲗⲟⲩⲑⲏⲥⲓⲥ,ακολουθησις
ⲁⲕⲟⲗⲟⲩⲑⲓⲁ,ακολουθια
ⲁⲕⲣⲁⲧⲟⲛ,ακρατος
ⲁⲕⲣⲓⲃⲁⲍⲉ,ακριβαζω
ⲁⲕⲣⲓⲃⲏⲥ,ακριβης
ⲁⲕⲣⲓⲃⲓⲁ,ακριβεια
ⲁⲕⲣⲓⲃⲱⲥ,ακριβως
ⲁⲕⲣⲓⲥ,ακρις
ⲁⲕⲣⲟⲁⲧⲏⲥ,ακροατης
ⲁⲕⲣⲟⲃⲩⲥⲧⲓⲁ,ακροβυστια
ⲁⲕⲧⲓⲛ,ακτιν
ⲁⲕⲩⲣⲟⲩ,ακυροω
ⲁⲕⲱⲗⲩⲧⲱⲥ,ακωλυτως
ⲁⲕⲱⲛⲉ,ακονη
ⲁⲗⲁⲃⲁⲥⲧⲣⲟⲛ,αλαβαστρον
ⲁⲗⲉⲕⲧⲟⲥ,αλεκτος
ⲁⲗⲉⲕⲧⲱⲣ,αλεκτωρ
ⲁⲗⲏⲑⲉⲓⲁ,αληθεια
ⲁⲗⲏⲑⲓⲛⲏ,αληθινος
ⲁⲗⲏⲑⲓⲛⲟⲛ,αληθινος
ⲁⲗⲏⲑⲓⲛⲟⲥ,αληθινος
ⲁⲗⲏⲑⲱⲥ,αληθες
ⲁⲗⲗⲁ,αλλα
ⲁⲗⲗⲁ,αλλος
ⲁⲗⲗⲁⲅⲏ,αλλαγη
ⲁⲗⲗⲁⲥⲥⲉ,αλλασσω
ⲁⲗⲗⲟ,αλλος
ⲁⲗⲗⲟⲅⲉⲛⲏⲥ,αλλογενης
ⲁⲗⲗⲟⲅⲉⲛⲓⲟⲥ,αλλογενιος
ⲁⲗⲗⲟⲥ,αλλος
ⲁⲗⲗⲟⲧⲣⲓⲟⲛ,αλλοτριος
ⲁⲗⲗⲟⲧⲣⲓⲟⲥ,αλλοτριος
ⲁⲗⲗⲟⲫⲩⲗⲟⲥ,αλλοφυλος
ⲁⲗⲗⲱⲏ,αλοη
ⲁⲗⲟⲅⲟⲛ,αλογος
ⲁⲗⲟⲅⲟⲥ,αλογος
ⲁⲗⲟⲥ,αλς
ⲁⲗⲥⲟⲥ,αλσος
ⲁⲗⲫⲁ,αλφα
ⲁⲗⲫⲁⲃⲁⲧⲱⲛ,αλφαβητον
ⲁⲗⲱⲏⲥ,αλοη
ⲁⲙⲁⲗⲉ,αμυλον
ⲁⲙⲁⲣⲁⲛⲧⲟⲥ,αμαραντος
ⲁⲙⲉⲗⲉⲓ,αμελεω
ⲁⲙⲉⲗⲉⲓⲁ,αμελεια
ⲁⲙⲉⲗⲏⲥ,αμελης
ⲁⲙⲉⲣⲓ,ομηριται
ⲁⲙⲉⲣⲓⲙⲛⲉⲓⲁ,αμεριμνια
ⲁⲙⲉⲣⲓⲙⲛⲟⲥ,αμεριμνος
ⲁⲙⲉⲧⲣⲏⲧⲟⲛ,αμετρητος
ⲁⲙⲏⲗⲗⲟⲛ,αμυλον
ⲁⲙⲏⲗⲟⲩ,αμυλον
ⲁⲙⲏⲣⲁⲥ,αμυλον
ⲁⲙⲏⲧⲣⲓⲧⲟⲥ,αμετρητος
ⲁⲙⲓⲁⲛⲧⲟⲥ,αμιαντος
ⲁⲙⲓⲛⲉⲟⲛ,αμιναιος
ⲁⲙⲓⲣⲁ,αμιρας
ⲁⲙⲙⲟⲣⲁⲓⲟⲥ,αμορραιος
ⲁⲙⲙⲱⲛⲓⲧⲏⲥ,αμμωνιτης
ⲁⲙⲟⲣⲫⲟⲥ,αμορφος
ⲁⲙⲡⲟⲩⲗⲉ,αμπυλλη
ⲁⲙⲩⲅⲇⲁⲗⲟⲛ,αμυγδαλον
ⲁⲙⲫⲓⲃⲁⲗⲉ,αμφιβαλλω
ⲁⲙⲫⲓⲃⲟⲗⲓⲁ,αμφιβολια
ⲁⲙⲫⲓⲃⲟⲗⲟⲛ,αμφιβολον
ⲁⲙⲫⲓⲧⲁⲡⲟⲥ,αμφιταπος
ⲁⲙⲱⲙⲟⲙ,αμωμον
ⲁⲙⲱⲙⲟⲛ,αμωμος
ⲁⲙⲱⲛⲓⲁⲕⲟⲩ,αμμωνιακος
ⲁⲛⲁ,ανα
ⲁⲛⲁⲃⲁⲑⲙⲟⲥ,αναβαθμος
ⲁⲛⲁⲃⲁⲥⲓⲥ,αναβασις
ⲁⲛⲁⲅⲕⲁⲍⲉ,αναγκαζω
ⲁⲛⲁⲅⲕⲁⲓⲟⲛ,αναγκαιος
ⲁⲛⲁⲅⲕⲁⲓⲟⲥ,αναγκαιος
ⲁⲛⲁⲅⲕⲁⲓⲱⲥ,αναγκαιως
ⲁⲛⲁⲅⲕⲏ,αναγκη
ⲁⲛⲁⲅⲛⲱⲥⲓⲥ,αναγνωσις
ⲁⲛⲁⲅⲛⲱⲥⲧⲏⲥ,αναγνωστης
ⲁⲛⲁⲇⲓⲇⲟⲩ,αναδιδοω
ⲁⲛⲁⲑⲉⲙⲁ,αναθεμα
ⲁⲛⲁⲑⲉⲙⲁⲧⲓⲍⲉ,αναθεματιζω
ⲁⲛⲁⲓⲥⲑⲏⲥⲓⲁ,αναισθησια
ⲁⲛⲁⲓⲥⲑⲏⲧⲟⲛ,αναισθητος
ⲁⲛⲁⲓⲥⲑⲏⲧⲟⲥ,αναισθητος
ⲁⲛⲁⲓⲧⲓⲟⲥ,αναιτιος
ⲁⲛⲁⲕⲁⲗⲉⲓ,ανακαλεω
ⲁⲛⲁⲕⲟⲡⲏ,ανακοπη
ⲁⲛⲁⲕⲣⲓⲛⲉ,ανακρινω
ⲁⲛⲁⲗⲁⲙⲃⲁⲛⲉ,αναλαμβανω
ⲁⲛⲁⲗⲏⲙⲯⲓⲥ,αναληψις
ⲁⲛⲁⲗⲏⲯⲓⲥ,αναληψις
ⲁⲛⲁⲗⲟⲅⲓⲁ,αναλογια
ⲁⲛⲁⲗⲟⲅⲓⲟⲛ,αναλογειον
ⲁⲛⲁⲗⲩ,αναλυω
ⲁⲛⲁⲗⲩⲧⲣⲱⲥⲉ,αναλυτροω
ⲁⲛⲁⲡⲁⲩⲉ,αναπαυω
ⲁⲛⲁⲡⲁⲩⲥⲓⲥ,αναπαυσις
ⲁⲛⲁⲡⲗⲁⲥⲓⲥ,αναπλασις
ⲁⲛⲁⲡⲗⲁⲥⲥⲉ,αναπλασσω
ⲁⲛⲁⲡⲛⲟⲏ,αναπνοη
ⲁⲛⲁⲣⲭⲟⲥ,αναρχος
ⲁⲛⲁⲥⲕⲉⲡⲧⲉⲥⲑⲁⲓ,ανασκεπτομαι
ⲁⲛⲁⲥⲧⲁⲥⲓ,αναστασις
ⲁⲛⲁⲥⲧⲁⲥⲓⲙⲱⲛ,αναστασιμος
ⲁⲛⲁⲥⲧⲁⲥⲓⲥ,αναστασις
ⲁⲛⲁⲥⲧⲉⲙⲁ,αναστημα
ⲁⲛⲁⲥⲧⲣⲉⲫⲉⲥⲑⲁⲓ,αναστρεφω
ⲁⲛⲁⲥⲧⲣⲟⲫⲏ,αναστροφη
ⲁⲛⲁⲧⲟⲗⲏ,ανατολη
ⲁⲛⲁⲧⲣⲉⲡⲉ,ανατρεπω
ⲁⲛⲁⲫⲟⲣⲁ,αναφορα
ⲁⲛⲁⲭⲱ,αναχωρεω
ⲁⲛⲁⲭⲱⲣⲉⲓ,αναχωρεω
ⲁⲛⲁⲭⲱⲣⲓⲛ,αναχωρεω
ⲁⲛⲁⲭⲱⲣⲓⲧⲏⲥ,αναχωρητης
ⲁⲛⲅⲱⲛ,ανωγειον
ⲁⲛⲇⲣⲉⲁⲥ,ανδριας
ⲁⲛⲇⲣⲉⲓⲁⲥ,ανδριας
ⲁⲛⲉⲙⲡⲟⲇⲓⲥⲧⲱⲥ,ανεμποδιστως
ⲁⲛⲉⲭⲉ,ανεχω
ⲁⲛⲉⲭⲉⲥⲑⲉ,ανεχω
ⲁⲛⲍⲱⲛⲏ,ζωνη
ⲁⲛⲏⲑⲟⲩ,ανηθον
ⲁⲛⲑⲉⲙⲓⲟⲛ,ανθεμιον
ⲁⲛⲑⲉⲱⲛⲟⲥ,ανθεωνος
ⲁⲛⲑⲣⲁⲝ,ανθραξ
ⲁⲛⲑⲣⲱⲡⲓⲛⲟⲛ,ανθρωπινος
ⲁⲛⲑⲩⲡⲁⲧⲟⲥ,ανθυπατος
ⲁⲛⲛⲱⲛⲛⲁ,αννωνα
ⲁⲛⲟⲏⲧⲟⲛ,ανοητος
ⲁⲛⲟⲏⲧⲟⲥ,ανοητος
ⲁⲛⲟⲙⲉⲓ,ανομεω
ⲁⲛⲟⲙⲓⲁ,ανομια
ⲁⲛⲟⲙⲟⲛ,ανομος
ⲁⲛⲟⲙⲟⲥ,ανομος
ⲁⲛⲟⲩⲥⲓⲟⲥ,ανουσιος
ⲁⲛⲟⲭⲏ,ανοχη
ⲁⲛⲧⲓ,αντι
ⲁⲛⲧⲓⲅⲣⲁⲫⲉ,αντιγραφω
ⲁⲛⲧⲓⲅⲣⲁⲫⲟⲛ,αντιγραφον
ⲁⲛⲧⲓⲇⲓⲕⲟⲥ,αντιδικος
ⲁⲛⲧⲓⲕⲉⲓⲙⲉⲛⲏ,αντικειμενος
ⲁⲛⲧⲓⲕⲉⲓⲙⲉⲛⲟⲛ,αντικειμενος
ⲁⲛⲧⲓⲕⲉⲓⲙⲉⲛⲟⲥ,αντικειμενος
ⲁⲛⲧⲓⲗⲉⲅⲉ,αντιλεγω
ⲁⲛⲧⲓⲗⲟⲅⲓⲁ,αντιλογια
ⲁⲛⲧⲓⲙⲓⲙⲟⲛ,αντιμιμος
ⲁⲛⲧⲓⲟⲭⲉⲟⲥ,αντιοχειος
ⲁⲛⲧⲓⲧⲩⲡⲟⲛ,αντιτυπος
ⲁⲛⲧⲓⲧⲩⲡⲟⲥ,αντιτυπος
ⲁⲛⲧⲓⲭⲣⲓⲥⲧⲟⲥ,αντιχριστος
ⲁⲛⲧⲟⲡⲟⲥ,αντωπος
ⲁⲛⲳⲉⲩⲗⲉ,εγχελυς
ⲁⲛⲹⲁⲗⲓⲥⲕⲉ,αναλισκω
ⲁⲛⲹⲁⲗⲱⲙⲁ,αναλωμα
ⲁⲛⲹⲉⲥⲓⲥ,ανεσις
ⲁⲛⲹⲏⲕⲉⲓ,ανηκω
ⲁⲛⲹⲏⲕⲉⲓⲥⲑⲁⲓ,ανηκω
ⲁⲛⲹⲟⲙⲟⲓⲟⲛ,ανομοιος
ⲁⲛⲹⲟⲥⲓⲟⲥ,ανοσιος
ⲁⲛⲹⲱⲙⲁⲗⲓⲁ,ανωμαλια
ⲁⲝⲉⲓⲛⲏ,αξινη
ⲁⲝⲓⲟⲗⲟⲅⲟⲥ,αξιολογος
ⲁⲝⲓⲟⲛ,αξιος
ⲁⲝⲓⲟⲡⲓⲥⲧⲟⲥ,αξιοπιστος
ⲁⲝⲓⲟⲥ,αξιος
ⲁⲝⲓⲟⲩ,αξιοω
ⲁⲝⲓⲱⲙⲁ,αξιωμα
ⲁⲝⲓⲱⲙⲁⲧⲓⲕⲟⲥ,αξιωματικος
ⲁⲡⲁ,αββας
ⲁⲡⲁⲅⲅⲉⲓⲗⲉ,απαγγελλω
ⲁⲡⲁⲑⲏⲥ,απαθης
ⲁⲡⲁⲓⲧⲉⲓ,απαιτεω
ⲁⲡⲁⲛⲑⲣⲟⲡⲓⲁ,απανθρωπια
ⲁⲡⲁⲛⲧⲁ,απανταω
ⲁⲡⲁⲛⲧⲁⲛ,απανταω
ⲁⲡⲁⲛⲧⲏ,απαντη
ⲁⲡⲁⲛⲧⲩⲙⲁ,απαντημα
ⲁⲡⲁⲣⲁⲃⲁⲧⲱⲛ,απαραβατος
ⲁⲡⲁⲣⲛⲁ,απαρνεομαι
ⲁⲡⲁⲣⲭⲏ,απαρχη
ⲁⲡⲁⲧⲁ,απαταω
ⲁⲡⲁⲧⲁⲛ,απαταω
ⲁⲡⲁⲧⲏ,απατη
ⲁⲡⲁⲧⲱⲣ,απατωρ
ⲁⲡⲁⲩⲥⲧⲱⲥ,απαυστως
ⲁⲡⲉⲇⲉⲩⲧⲟⲥ,απαιδευτος
ⲁⲡⲉⲓⲗⲉ,απειλεω
ⲁⲡⲉⲓⲗⲏ,απειλη
ⲁⲡⲉⲣⲁⲛⲧⲟⲛ,απεραντος
ⲁⲡⲉⲣⲁⲛⲧⲟⲥ,απεραντος
ⲁⲡⲉⲣⲓⲛⲟⲏⲧⲟⲥ,απερινοητος
ⲁⲡⲓⲣⲟⲛ,απειρος
ⲁⲡⲓⲣⲟⲥ,απειρος
ⲁⲡⲓⲥⲧⲉⲓ,απιστεω
ⲁⲡⲓⲥⲧⲓⲁ,απιστια
ⲁⲡⲓⲥⲧⲟⲛ,απιστος
ⲁⲡⲓⲥⲧⲟⲥ,απιστος
ⲁⲡⲟⲃⲁⲣⲥⲓⲙⲟⲛ,οποβαλσαμον
ⲁⲡⲟⲅⲣⲁⲫⲏ,απογραφη
ⲁⲡⲟⲇⲉⲓⲝⲓⲥ,αποδειξις
ⲁⲡⲟⲇⲏⲙⲉⲓ,αποδημεω
ⲁⲡⲟⲇⲏⲙⲓⲁ,αποδημια
ⲁⲡⲟⲇⲓⲇⲟⲩ,αποδιδοω
ⲁⲡⲟⲇⲓⲕⲛⲉⲩⲉ,αποδεικνευω
ⲁⲡⲟⲇⲓⲝⲓⲥ,αποδειξις
ⲁⲡⲟⲑⲉⲓⲱⲧⲏⲥ,αποθεωτης
ⲁⲡⲟⲑⲏⲕⲏ,αποθηκη
ⲁⲡⲟⲕⲁⲑⲓⲥⲧⲁ,αποκαθισταω
ⲁⲡⲟⲕⲁⲗⲁⲙⲟⳇ,οποκαλαμος
ⲁⲡⲟⲕⲁⲗⲁⲙⲱⲛ,οποκαλαμος
ⲁⲡⲟⲕⲁⲗⲩⲯⲓⲥ,αποκαλυψις
ⲁⲡⲟⲕⲁⲧⲁⲥⲧⲁⲥⲓⲥ,αποκαταστασις
ⲁⲡⲟⲕⲣⲓⲥⲓⲥ,αποκρισις
ⲁⲡⲟⲕⲣⲓⲧⲏⲥ,αποκριτης
ⲁⲡⲟⲕⲣⲩⲫⲟⲛ,αποκρυφος
ⲁⲡⲟⲗⲁⲩⲉ,απολαυω
ⲁⲡⲟⲗⲁⲩⲉⲥⲑⲁⲓ,απολαυω
ⲁⲡⲟⲗⲁⲩⲥⲓⲥ,απολαυσις
ⲁⲡⲟⲗⲗⲱⲛ,απολλων
ⲁⲡⲟⲗⲟⲅⲓⲁ,απολογια
ⲁⲡⲟⲗⲟⲅⲓⲍⲉ,απολογιζομαι
ⲁⲡⲟⲗⲩ,απολυω
ⲁⲡⲟⲛⲟⲓⲁ,απονοια
ⲁⲡⲟⲡⲁⲛⲁⲕⲟⲥ,οποπαναξ
ⲁⲡⲟⲣⲉⲓ,απορεω
ⲁⲡⲟⲣⲓ,απορεω
ⲁⲡⲟⲣⲓⲛ,απορεω
ⲁⲡⲟⲣⲣⲟⲓⲁ,απορροια
ⲁⲡⲟⲥⲕⲉⲩⲏ,αποσκευη
ⲁⲡⲟⲥⲧⲁⲗⲙⲉⲛⲟⲥ,αποσταλμενος
ⲁⲡⲟⲥⲧⲁⲥⲓⲁ,αποστασια
ⲁⲡⲟⲥⲧⲁⲧⲉⲓ,αποστατεω
ⲁⲡⲟⲥⲧⲁⲧⲏⲥ,αποστατης
ⲁⲡⲟⲥⲧⲉⲣⲓ,αποστερεω
ⲁⲡⲟⲥⲧⲏⲑⲓⲍⲉ,αποστηθιζω
ⲁⲡⲟⲥⲧⲟⲗⲏ,αποστολη
ⲁⲡⲟⲥⲧⲟⲗⲓⲕⲏ,αποστολικος
ⲁⲡⲟⲥⲧⲟⲗⲓⲕⲟⲛ,αποστολικος
ⲁⲡⲟⲥⲧⲟⲗⲓⲕⲟⲥ,αποστολικος
ⲁⲡⲟⲥⲧⲟⲗⲟⲥ,αποστολος
ⲁⲡⲟⲥⲱⲃⲉ,αποσοβεω
ⲁⲡⲟⲧⲁⲅⲏ,αποταγη
ⲁⲡⲟⲧⲁⲍⲉⲥⲑⲉ,αποτασσω
ⲁⲡⲟⲧⲁⲝⲓⲥ,αποταξις
ⲁⲡⲟⲧⲁⲥⲥⲉ,αποτασσω
ⲁⲡⲟⲧⲉⲗⲉⲥⲙⲁ,αποτελεσμα
ⲁⲡⲟⲧⲉⲗⲉⲥⲧⲓⲕⲟⲛ,αποτελεστικος
ⲁⲡⲟⲩ,απο
ⲁⲡⲟⲩⲕⲁⳇ,οποκαλαμος
ⲁⲡⲟⲫⲁⲛⲉ,αποφαινω
ⲁⲡⲟⲫⲁⲥⲓⲥ,αποφασις
ⲁⲡⲟⲭⲁⲣⲓⲍⲉ,αποχαριζομαι
ⲁⲡⲟⲭⲏ,αποχη
ⲁⲡⲟⲭⲱⲣⲓⲍⲉ,αποχωριζω
ⲁⲡⲟⲹⲣⲏⲧⲟⲥ,απορρητος
ⲁⲡⲣⲁⲕⲧⲟⲥ,απρακτος
ⲁⲡⲱⲫⲁⲛⲓⲁ,αποφανεια
ⲁⲣⲁ,αρα
ⲁⲣⲁⲃⲓⲕⲟⲛ,αραβικος
ⲁⲣⲁⲃⲟⲥ,αραβος
ⲁⲣⲁⲥⲑⲉ,αραομαι
ⲁⲣⲅⲟⲛ,αργος
ⲁⲣⲅⲟⲥ,αργος
ⲁⲣⲉⲓⲁ,αρειων
ⲁⲣⲉⲥⲕⲉ,αρεσκω
ⲁⲣⲉⲧⲏ,αρετη
ⲁⲣⲓⲑⲙⲓⲁ,αριθμιος
ⲁⲣⲓⲑⲙⲓⲟⲛ,αριθμιος
ⲁⲣⲓⲑⲙⲟⲥ,αριθμος
ⲁⲣⲓⲥⲧⲁ,αρισταω
ⲁⲣⲓⲥⲧⲟⲛ,αριστον
ⲁⲣⲓⲥⲧⲟⲣⲟⲭⲓⲁⲥ,αριστολοχεια
ⲁⲣⲕⲉⲓ,αρκεω
ⲁⲣⲕⲉⲩⲑⲓⲥ,αρκευθις
ⲁⲣⲕⲉⲩⲑⲟⲥ,αρκευθος
ⲁⲣⲕⲟⲥ,αρκος
ⲁⲣⲕⲧⲟⲥ,αρκτος
ⲁⲣⲙⲁⲣⲁ,αρμαλα
ⲁⲣⲙⲉⲛⲓⲟⲩ,αρμενιον
ⲁⲣⲛⲁ,αρνεομαι
ⲁⲣⲛⲏⲥⲓⲥ,αρνησις
ⲁⲣⲛⲓⲥⲑⲉ,αρνεομαι
ⲁⲣⲝ,αρξ
ⲁⲣⲣⲏⲧⲟⲛ,αρρητος
ⲁⲣⲣⲏⲧⲟⲥ,αρρητος
ⲁⲣⲥⲉⲛⲓⲕⲏ,αρσενικος
ⲁⲣⲥⲉⲛⲟⲅⲉⲛⲓⲁ,αρσενογενια
ⲁⲣⲥⲓⲛⲓⲕⲟⲛ,αρσενικον
ⲁⲣⲧⲉⲙⲉⲥⲓⲁⲥ,αρτεμισια
ⲁⲣⲧⲏⲙⲉⲥⲓⲁ,αρτεμισια
ⲁⲣⲧⲏⲣⲓⲁ,αρτηρια
ⲁⲣⲧⲓⲙⲉⲥⲓⲥ,αρτεμισια
ⲁⲣⲧⲟⲥ,αρτος
ⲁⲣⲧⲩⲙⲓⲥ,αρτεμις
ⲁⲣⲭⲁⲅⲅⲉⲗⲓⲕⲏ,αρχαγγελικος
ⲁⲣⲭⲁⲅⲅⲉⲗⲟⲥ,αρχαγγελος
ⲁⲣⲭⲁⲓⲟⲛ,αρχαιον
ⲁⲣⲭⲁⲓⲟⲥ,αρχαιος
ⲁⲣⲭⲉⲓ,αρχω
ⲁⲣⲭⲉⲥⲑⲁⲓ,αρχω
ⲁⲣⲭⲏ,αρχη
ⲁⲣⲭⲏⲁⲧⲣⲟⲥ,αρχιατρος
ⲁⲣⲭⲏⲅⲟⲥ,αρχηγος
ⲁⲣⲭⲏⲇⲓⲁⲕⲟⲛⲟⲥ,αρχιδιακονος
ⲁⲣⲭⲏⲇⲓⲁⲕⲱⲛ,αρχιδιακων
ⲁⲣⲭⲏⲇⲓⲁⲕⳇ,αρχιδιακονος
ⲁⲣⲭⲏⲉⲡⲓⲥⲕⲟⲡⲟⲥ,αρχιεπισκοπος
ⲁⲣⲭⲏⲑⲗⲓⲧⲏⲥ,αρχιαθλητης
ⲁⲣⲭⲏⲕⲣⲓⲧⲏⲥ,αρχικριτης
ⲁⲣⲭⲏⲗⲏⲥⲧⲏⲥ,αρχιληστης
ⲁⲣⲭⲏⲟⲗⲟⲅⲓⲁ,αρχαιολογια
ⲁⲣⲭⲏⲡⲗⲁⲥⲙⲁ,αρχιπλασμα
ⲁⲣⲭⲏⲡⲣⲉⲥⲃⲩⲧⲉⲣⲟⲥ,αρχιπρεσβυτερος
ⲁⲣⲭⲏⲡⲣⲟⲫⲏⲧⲏⲥ,αρχιπροφητης
ⲁⲣⲭⲏⲥⲧⲣⲁⲧⲩⲗⲁⲧⲏⲥ,αρχιστρατηλατης
ⲁⲣⲭⲓⲅⲉⲛⲉⲧⲱⲣ,αρχιγεννητωρ
ⲁⲣⲭⲓⲅⲉⲛⲛⲏⲧⲱⲣ,αρχιγεννητωρ
ⲁⲣⲭⲓⲉⲣⲉⲩⲥ,αρχιερευς
ⲁⲣⲭⲓⲙⲁⲅⲉⲣⲟⲥ,αρχιμαγειρος
ⲁⲣⲭⲓⲙⲁⲛⲇⲣⲓⲧⲏⲥ,αρχιμανδριτης
ⲁⲣⲭⲓⲛ,αρχω
ⲁⲣⲭⲓⲥⲧⲣⲁⲧⲉⲩⲙⲁ,αρχιστρατευμα
ⲁⲣⲭⲓⲥⲧⲣⲁⲧⲏⲅⲟⲥ,αρχιστρατηγος
ⲁⲣⲭⲓⲥⲩⲛⲁⲅⲱⲅⲟⲥ,αρχισυναγωγος
ⲁⲣⲭⲟⲛⲧⲓⲕⲏ,αρχοντικος
ⲁⲣⲭⲟⲛⲧⲓⲕⲟⲛ,αρχοντικος
ⲁⲣⲭⲱⲛ,αρχων
ⲁⲣⲱⲙⲁⲧⲁ,αρωμα
ⲁⲥⲁⲗⲉⲩⲧⲟⲥ,ασαλευτος
ⲁⲥⲉⲃⲏⲥ,ασεβης
ⲁⲥⲉⲗⲉⲩⲧⲱⲛ,ασαλευτος
ⲁⲥⲏⲙⲁⲛⲧⲟⲥ,ασημαντος
ⲁⲥⲏⲙⲓⲟⲥ,ασημιον
ⲁⲥⲑⲉⲛⲉⲓⲁ,ασθενεια
ⲁⲥⲑⲉⲛⲏⲥ,ασθενης
ⲁⲥⲕⲉⲓ,ασκεω
ⲁⲥⲕⲏⲥⲓⲥ,ασκησις
ⲁⲥⲕⲏⲧⲏⲥ,ασκητης
ⲁⲥⲕⲟⲡⲟⲥ,ασκοπος
ⲁⲥⲕⲟⲡⲱⲥ,ασκοπως
ⲁⲥⲕⲟⲥ,ασκος
ⲁⲥⲟⲫⲟⲛ,ασοφος
ⲁⲥⲡⲁⲍⲉ,ασπαζομαι
ⲁⲥⲡⲁⲍⲉⲥⲑⲉ,ασπαζομαι
ⲁⲥⲡⲁⲗⲁⲑⲟⲥ,ασπαλαθος
ⲁⲥⲡⲁⲥⲙⲟⲥ,ασπασμος
ⲁⲥⲥⲁⲣⲓⲟⲛ,ασσαριον
ⲁⲥⲥⲩⲣⲓⲟⲥ,ασσυριος
ⲁⲥⲧⲏⲣ,αστηρ
ⲁⲥⲧⲓⲟⲥ,αστειος
ⲁⲥⲧⲣⲟⲛⲟⲙⲓⲁ,αστρονομια
ⲁⲥⲩⲛⲑⲉⲧⲟⲛ,ασυνθετος
ⲁⲥⲩⲥⲧⲁⲧⲟⲥ,ασυστατος
ⲁⲥⲫⲁⲗⲁⲕⲟⲛ,ασφαραγος
ⲁⲥⲫⲁⲗⲉⲥⲧⲏⲣⲟⲛ,ασφαλεστερον
ⲁⲥⲫⲁⲗⲏⲥ,ασφαλης
ⲁⲥⲫⲁⲗⲓⲁ,ασφαλεια
ⲁⲥⲫⲁⲗⲓⲍⲉ,ασφαλιζω
ⲁⲥⲫⲁⲗⲧⲟⲛ,ασφαλτος
ⲁⲥⲫⲁⲗⲧⲟⲥ,ασφαλτος
ⲁⲥⲫⲁⲗⲱⲥ,ασφαλως
ⲁⲥⲭⲁⲣⲁ,εσχαρα
ⲁⲥⲭⲏⲙⲟⲛⲉⲓ,ασχημονεω
ⲁⲥⲭⲏⲙⲟⲥⲩⲛⲏ,ασχημοσυνη
ⲁⲥⲱⲙⲁⲧⲟⲛ,ασωματος
ⲁⲥⲱⲙⲁⲧⲟⲥ,ασωματος
ⲁⲧⲁⲕⲧⲟⲥ,ατακτος
ⲁⲧⲁⲕⲧⲱⲥ,ατακτως
ⲁⲧⲁⲙⲁⲛⲇⲓⲛⲟⲛ,αδαμαντινος
ⲁⲧⲁⲝⲓⲁ,αταξια
ⲁⲧⲉⲗⲏⲥ,ατελης
ⲁⲧⲓⲙⲓⲁ,ατιμια
ⲁⲧⲣⲉⲡⲧⲟⲥ,ατρεπτος
ⲁⲩⲑⲁⲇⲏⲥ,αυθαδης
ⲁⲩⲑⲉⲛⲧⲉⲓⲁ,αυθεντια
ⲁⲩⲑⲉⲛⲧⲏⲥ,αυθεντης
ⲁⲩⲑⲉⲛⲧⲓⲕⲏ,αυθεντικος
ⲁⲩⲗⲏ,αυλη
ⲁⲩⲝⲁⲛⲉ,αυξανω
ⲁⲩⲝⲓⲥⲓⲥ,αυξησις
ⲁⲩⲧⲟⲅⲉⲛⲉⲧⲱⲣ,αυτογενετωρm
ⲁⲩⲧⲟⲅⲉⲛⲏⲥ,αυτογενης
ⲁⲩⲧⲟⲅⲉⲛⲏⲧⲟⲥ,αυτογεννητος
ⲁⲩⲧⲟⲅⲉⲛⲓⲟⲛ,αυτογενιος
ⲁⲩⲧⲟⲅⲉⲛⲓⲟⲥ,αυτογενιος
ⲁⲩⲧⲟⲅⲉⲛⲛⲓⲟⲥ,αυτογενιος
ⲁⲩⲧⲟⲇⲟⲝⲁⲥⲧⲟⲥ,αυτοδοξαστος
ⲁⲩⲧⲟⲉⲝⲟⲩⲥⲓⲟⲛ,αυτεξουσιος
ⲁⲩⲧⲟⲑⲉⲗⲏⲧⲟⲥ,αυτοθελητος
ⲁⲩⲧⲟⲕⲣⲁⲧⲱⲣ,αυτοκρατωρ
ⲁⲩⲧⲟⲕⲧⲓⲥⲧⲟⲥ,αυτοκτιστος
ⲁⲩⲧⲟⲡⲁⲧⲱⲣ,αυτοπατωρ
ⲁⲩⲧⲟⲧⲉⲗⲏⲥ,αυτοτελης
ⲁⲩⲧⲟⲫⲩⲏⲥ,αυτοφυης
ⲁⲫⲉⲇⲣⲱⲛ,αφεδρων
ⲁⲫⲉⲗⲡⲓⲍⲉ,απελπιζω
ⲁⲫⲑⲁⲣⲥⲓⲁ,αφθαρσια
ⲁⲫⲑⲁⲣⲧⲟⲛ,αφθαρτος
ⲁⲫⲑⲁⲣⲧⲟⲥ,αφθαρτος
ⲁⲫⲑⲟⲣⲟⲥ,αφθορος
ⲁⲫⲟⲣⲓⲥⲙⲟⲥ,αφορισμος
ⲁⲫⲟⲣⲙⲏ,αφορμη
ⲁⲫⲣⲏⲇⲱⲛⲓⲁ,αφρηδωνια
ⲁⲫⲣⲟⲛⲓⲧⲣⲟⲛ,αφρονιτρον
ⲁⲫⲩⲏⲥ,αφυης
ⲁⲫⲱⲣⲓⲥⲉ,αφοριζω
ⲁⲭⲁⲣⲓⲥⲧⲓⲁ,αχαριστια
ⲁⲭⲁⲧⲏⲥ,αχατης
ⲁⲭⲓⲗⲗⲓⲟⲛ,αχιλ(λ)ηον
ⲁⲭⲣⲓⲥⲧⲟⲛ,αχρηστος
ⲁⲭⲱⲣⲏⲧⲟⲥ,αχωρητος
ⲁⲯⲓⲙⲁⲭⲓⲁ,αψιμαχια
ⲁⲯⲩⲭⲟⲛ,αψυχος
ⲁⲹⲟⲣⲁⲧⲟⲛ,αορατος
ⲁⲹⲟⲣⲁⲧⲟⲥ,αορατος
ⲃⲁⲑⲙⲟⲥ,βαθμος
ⲃⲁⲑⲟⲛ,βαθον
ⲃⲁⲑⲟⲥ,βαθος
ⲃⲁⲕⲧⲏⲣⲓⲁ,βακτηρια
ⲃⲁⲗⲁⲛⲟⲥ,βαλανος
ⲃⲁⲗⲁⲧ,μηλωτη
ⲃⲁⲡⲧⲓⲍⲉ,βαπτιζω
ⲃⲁⲡⲧⲓⲥⲙⲁ,βαπτισμα
ⲃⲁⲡⲧⲓⲥⲙⲟⲥ,βαπτισμος
ⲃⲁⲡⲧⲓⲥⲧⲏⲥ,βαπτιστης
ⲃⲁⲣⲃⲁⲣⲟⲥ,βαρβαρος
ⲃⲁⲣⲉⲓ,βαρεω
ⲃⲁⲣⲉⲓⲥⲑⲁⲓ,βαρεω
ⲃⲁⲣⲟⲥ,βαρος
ⲃⲁⲥⲁⲛⲓⲍⲉ,βασανιζω
ⲃⲁⲥⲁⲛⲓⲍⲓⲛ,βασανιζω
ⲃⲁⲥⲁⲛⲓⲥⲧⲏⲣⲓⲟⲛ,βασανιστηριον
ⲃⲁⲥⲁⲛⲓⲥⲧⲏⲥ,βασανιστης
ⲃⲁⲥⲁⲛⲟⲥ,βασανος
ⲃⲁⲥⲓⲗⲓⲁ,βασιλεια
ⲃⲁⲥⲓⲗⲓⲕⲟⲛ,βασιλικος
ⲃⲁⲥⲓⲗⲓⲕⲟⲥ,βασιλικος
ⲃⲁⲥⲓⲥ,βασις
ⲃⲁⲥⲕⲁⲛⲉ,βασκαινω
ⲃⲁⲥⲕⲁⲛⲟⲥ,βασκανος
ⲃⲁⲥⲧⲉⲣⲛⲁ,βαστερνα
ⲃⲁⲧⲁⲛⲉ,βατανη
ⲃⲁⲧⲟⲥ,βατος
ⲃⲁⲧⲧⲁⲗⲟⲅⲓ,βατταλογεω
ⲃⲁⲧⲧⲟⲗⲟⲅⲓⲁ,βαττολογια
ⲃⲇⲉⲗⲗⲏ,βδελλα
ⲃⲉⲃⲁⲓⲟⲩ,βεβαιοω
ⲃⲉⲣⲉⲧⲁⲣⲓⲟⲥ,βερεδαριος
ⲃⲏⲙⲁ,βημα
ⲃⲓⲁ,βια
ⲃⲓⲁⲍⲉ,βιαζω
ⲃⲓⲃⲗⲓⲟⲑⲩⲕⲏ,βιβλιοθηκη
ⲃⲓⲃⲗⲟⲥ,βιβλος
ⲃⲓⲕⲁⲣⲓⲟⲥ,βικαριος
ⲃⲓⲟⲥ,βιος
ⲃⲓⲱⲧⲓⲕⲟⲛ,βιωτικος
ⲃⲓⲱⲧⲓⲕⲟⲥ,βιωτικος
ⲃⲗⲁⲃⲏ,βλαβη
ⲃⲗⲁⲡⲧⲉⲓ,βλαπτω
ⲃⲗⲁⲡⲧⲉⲥⲑⲁⲓ,βλαπτω
ⲃⲗⲁⲡⲧⲓⲛ,βλαπτω
ⲃⲗⲁⲥⲫⲏⲙⲓ,βλασφημεω
ⲃⲗⲁⲥⲫⲏⲙⲓⲁ,βλασφημια
ⲃⲗⲃⲁⲧⲥ,βολβιτον
ⲃⲗⲏⲥⲓⲥ,βλησις
ⲃⲟⲏⲑⲉⲓ,βοηθεω
ⲃⲟⲏⲑⲉⲓⲁ,βοηθεια
ⲃⲟⲏⲑⲓⲛ,βοηθεω
ⲃⲟⲏⲑⲟⲥ,βοηθος
ⲃⲟⲣⲃⲟⲣⲟⲛ,βορβορος
ⲃⲟⲣⲃⲟⲣⲟⲥ,βορβορος
ⲃⲟⲧⲁⲛⲏ,βοτανη
ⲃⲟⲩⲗⲉⲩⲧⲏⲣⲓⲟⲛ,βουλευτηριον
ⲃⲟⲩⲗⲏⲙⲁ,βουλημα
ⲃⲟⲩⲗⲏⲥⲓⲥ,βουλησις
ⲃⲟⲩⲗⲩⲉⲧⲏⲥ,βουλευτης
ⲃⲟⲩⲛⲉⲩⲣⲟⲛ,βουνευρον
ⲃⲟⲩⲛⲟⲥ,βουνος
ⲃⲣⲁⲃⲓⲟⲛ,βραβειον
ⲃⲣⲁⲭⲙⲁⲛⲏⲥ,βραχμανες
ⲃⲣⲁⲭⲩ,βραχυς
ⲃⲣⲓⲟⲛ,βρυον
ⲃⲣⲟⲛⲧⲏ,βροντη
ⲃⲣⲟⲩⲭⲟⲥ,βρουχος
ⲃⲩⲃⲓⲟⲛ,βεβαιος
ⲃⲩⲣⲣⲩⲗⲗⲟⲥ,βηρυλλος
ⲃⲱⲗⲟⲥ,βωλος
ⲃⲱⲙⲟⲥ,βωμος
ⲅⲁⲍⲁ,γαζα
ⲅⲁⲍⲟⲫⲩⲗⲁⲕⲓⲟⲛ,γαζοφυλακιον
ⲅⲁⲗⲁⲕⲧⲓⲧⲏⲥ,γαλακτιτης
ⲅⲁⲗⲓⲗⲁⲓⲟⲥ,γαλιλαιος
ⲅⲁⲗⲗⲓⲕⲟⲥ,γαλλικος
ⲅⲁⲙⲟⲥ,γαμος
ⲅⲁⲡⲁⲣⲓ,καππαρις
ⲅⲁⲣ,γαρ
ⲅⲉⲑⲑⲁⲓⲟⲥ,γεθθαιος
ⲅⲉⲛⲉⲁ,γενεα
ⲅⲉⲛⲉⲁⲗⲟⲅⲓⲁ,γενεαλογια
ⲅⲉⲛⲉⲥⲓⲥ,γενεσις
ⲅⲉⲛⲉⲧⲉⲓⲣⲁ,γενετειρα
ⲅⲉⲛⲉⲧⲱⲣ,γενετωρ
ⲅⲉⲛⲏⲙⲁ,γενημα
ⲅⲉⲛⲏⲧⲟⲛ,γεννητος
ⲅⲉⲛⲏⲧⲟⲥ,γεννητος
ⲅⲉⲛⲛⲉⲁ,γενναιος
ⲅⲉⲛⲛⲉⲟⲥ,γενναιος
ⲅⲉⲛⲟⲓⲧⲟ,γιγνομαι
ⲅⲉⲛⲟⲥ,γενος
ⲅⲉⲣⲁⲍⲏⲛⲟⲥ,γερασηνος
ⲅⲉⲣⲅⲉⲥⲁⲓⲟⲥ,γεργεσαιος
ⲅⲉⲣⲧⲱⲛ,κερδαινω
ⲅⲉⲱⲙⲓⲧⲣⲏⲥ,γεωμετρης
ⲅⲉⲱⲣⲅⲟⲥ,γεωργος
ⲅⲉⲹⲉⲛⲛⲁ,γεεννα
ⲅⲓⲅⲁⲥ,γιγας
ⲅⲓⲙⲉⲛ,κυμαινω
ⲅⲗⲩⲡⲧⲟⲛ,γλυπτος
ⲅⲗⲱⲥⲥⲟⲕⲟⲙⲟⲛ,γλωσσοκομον
ⲅⲛⲏⲥⲓⲟⲥ,γνησιος
ⲅⲛⲟⲫⲟⲥ,γνοφος
ⲅⲛⲱⲙⲏ,γνωμη
ⲅⲛⲱⲥⲓⲥ,γνωσις
ⲅⲣⲁⲙⲙⲁ,γραμμα
ⲅⲣⲁⲙⲙⲁⲧⲉⲩⲥ,γραμματευς
ⲅⲣⲁⲙⲙⲁⲧⲏⲫⲟⲣⲟⲥ,γραμματηφορος
ⲅⲣⲁⲙⲙⲁⲧⲓⲕⲟⲥ,γραμματικος
ⲅⲣⲁⲙⲙⲁⲧⲓⲟⲛ,γραμματειον
ⲅⲣⲁⲙⲡⲉ,κραμβη
ⲅⲣⲁⲫⲉⲓ,γραφω
ⲅⲣⲁⲫⲉⲩⲥ,γραφευς
ⲅⲣⲁⲫⲏ,γραφη
ⲅⲣⲁⲫⲟⲟⲩⲉ,γραφη
ⲅⲣⲩⲡⲁⲍⲉ,καρπιζω
ⲅⲩⲙⲛⲁⲍⲉ,γυμναζω
ⲅⲩⲙⲛⲁⲥⲓⲁ,γυμνασια
ⲇⲁⲓⲙⲟⲛⲓⲍⲉ,δαιμονιζομαι
ⲇⲁⲓⲙⲟⲛⲓⲟⲛ,δαιμονιον
ⲇⲁⲓⲙⲱⲛ,δαιμων
ⲇⲁⲙⲁⲍⲉ,δαμαζω
ⲇⲁⲛⲁⲓⲥ,δαναοι
ⲇⲁⲛⲓⲥⲧⲏⲥ,δανειστης
ⲇⲁⲡⲁⲛⲏ,δαπανη
ⲇⲁⲥⲩ,δασυς
ⲇⲁⲵⲛⲏⲥ,δαφνη
ⲇⲉ,δε
ⲇⲉⲓⲛⲁ,δεινα
ⲇⲉⲓⲝⲟⲛ,δεικνευω
ⲇⲉⲓⲡⲛⲟⲛ,δειπνον
ⲇⲉⲕⲁⲛⲟⲥ,δεκανος
ⲇⲉⲕⲁⲥ,δεκας
ⲇⲉⲙⲓⲟⲩⲣⲅⲓⲕⲏ,δημιουργικος
ⲇⲉⲥⲡⲟⲧⲉⲓⲁ,δεσποτεια
ⲇⲉⲥⲡⲟⲧⲏⲥ,δεσποτης
ⲇⲉⲥⲡⲟⳇ,δεσποτης
ⲇⲉⲥⲡⲱⲧⲁ,δεσποτα
ⲇⲉⲩⲧⲉⲣⲁ,δευτερος
ⲇⲉⲩⲧⲉⲣⲟⲛ,δευτερον
ⲇⲏⲗⲟⲩ,δηλοω
ⲇⲏⲙⲉⲩⲉ,δημευω
ⲇⲏⲙⲓⲟⲥ,δημιος
ⲇⲏⲙⲓⲟⲩⲣⲅⲓ,δημιουργεω
ⲇⲏⲙⲓⲟⲩⲣⲅⲟⲥ,δημιουργος
ⲇⲏⲙⲟⲥⲓⲁ,δημοσιος
ⲇⲏⲙⲟⲥⲓⲟⲛ,δημοσιος
ⲇⲏⲛⲁⲣⲓⲟⲛ,δηναριον
ⲇⲏⲫⲉⲛⲧⲉⲩⲉ,δηφεντευω
ⲇⲓⲁⲃⲁⲗⲗⲉ,διαβαλλω
ⲇⲓⲁⲃⲟⲗⲏ,διαβολη
ⲇⲓⲁⲃⲟⲗⲓⲕⲟⲛ,διαβολικος
ⲇⲓⲁⲃⲟⲗⲟⲥ,διαβολος
ⲇⲓⲁⲅⲣⲁⲫⲟⲛ,διαγραφον
ⲇⲓⲁⲅⲱⲅⲏ,διαγωγη
ⲇⲓⲁⲇⲟⲭⲏ,διαδοχη
ⲇⲓⲁⲑⲉⲥⲓⲥ,διαθεσις
ⲇⲓⲁⲑⲏⲕⲏ,διαθηκη
ⲇⲓⲁⲓⲣⲉⲥⲓⲥ,διαιρεσις
ⲇⲓⲁⲕⲟⲛⲉⲓ,διακονεω
ⲇⲓⲁⲕⲟⲛⲓⲁ,διακονια
ⲇⲓⲁⲕⲟⲛⲓⲛ,διακονεω
ⲇⲓⲁⲕⲟⲛⲟⲥ,διακονος
ⲇⲓⲁⲕⲣⲓⲛⲉ,διακρινω
ⲇⲓⲁⲕⲣⲓⲥⲓⲥ,διακρισις
ⲇⲓⲁⲕⲱⲛ,διακων
ⲇⲓⲁⲕⳇ,διακονος
ⲇⲓⲁⲗⲉⲅⲓⲥⲑⲉ,διαλεγω
ⲇⲓⲁⲗⲩⲉ,διαλυω
ⲇⲓⲁⲗⲩⲥⲓⲥ,διαλυσις
ⲇⲓⲁⲙⲟⲛⲏ,διαμονη
ⲇⲓⲁⲛⲟⲓⲁ,διανοια
ⲇⲓⲁⲛⲟⲓⲥⲓⲥ,διανοησις
ⲇⲓⲁⲛⲟⲙⲏ,διανομη
ⲇⲓⲁⲡⲉⲣⲁ,διαπεραω
ⲇⲓⲁⲥⲡⲟⲣⲁ,διασπορα
ⲇⲓⲁⲥⲧⲁⲗⲉ,διαστελλω
ⲇⲓⲁⲥⲧⲁⲗⲙⲟⲥ,διασταλμος
ⲇⲓⲁⲥⲧⲏⲙⲁ,διαστημα
ⲇⲓⲁⲥⲧⲣⲟⲫⲏ,διαστροφη
ⲇⲓⲁⲥⲱⲥⲟⲩ,διασωζω
ⲇⲓⲁⲧⲁⲅⲏ,διαταγη
ⲇⲓⲁⲧⲁⲅⲙⲁ,διαταγμα
ⲇⲓⲁⲧⲁⲝⲓⲥ,διαταξις
ⲇⲓⲁⲧⲁⲥⲥⲉ,διατασσω
ⲇⲓⲁⲧⲓⲑⲉⲥⲑⲁⲓ,διατιθεμαι
ⲇⲓⲁⲧⲟⲭⲟⲥ,διαδοχος
ⲇⲓⲁⲧⲣⲓⲃⲉ,διατριβω
ⲇⲓⲁⲫⲉⲣⲓⲥⲑⲁⲓ,διαφερομαι
ⲇⲓⲁⲫⲟⲣⲁ,διαφορα
ⲇⲓⲁⲯⲁⲗⲙⲁ,διαψαλμα
ⲇⲓⲁⲹⲣⲟⲿⲟⲛ,διαρροδος
ⲇⲓⲇⲁⲥⲕⲁⲗⲓⲁ,διδασκαλια
ⲇⲓⲇⲓⲡⲗⲁ,διπλη
ⲇⲓⲇⲣⲁⲭⲙⲟⲛ,διδραχμον
ⲇⲓⲏⲅⲏⲙⲁ,διηγημα
ⲇⲓⲏⲕⲩⲥⲓⲥ,διηγησις
ⲇⲓⲕⲁⲍⲉ,δικαζω
ⲇⲓⲕⲁⲓⲟⲅⲣⲁⲙⲙⲁ,δικαιογραμμα
ⲇⲓⲕⲁⲓⲟⲗⲟⲅⲉⲓ,δικαιολογεομαι
ⲇⲓⲕⲁⲓⲟⲗⲟⲅⲓⲁ,δικαιολογια
ⲇⲓⲕⲁⲓⲟⲛ,δικαιον
ⲇⲓⲕⲁⲓⲟⲥ,δικαιος
ⲇⲓⲕⲁⲓⲟⲥⲩⲛⲏ,δικαιοσυνη
ⲇⲓⲕⲁⲓⲱⲙⲁ,δικαιωμα
ⲇⲓⲕⲁⲓⲱⲥ,δικαιως
ⲇⲓⲕⲁⲥⲧⲏⲣⲓⲟⲛ,δικαστηριον
ⲇⲓⲕⲁⲥⲧⲏⲥ,δικαστης
ⲇⲓⲕⲏ,δικη
ⲇⲓⲕⲛⲉⲩⲉ,δεικνευω
ⲇⲓⲙⲓⲟⲥ,τιμιος
ⲇⲓⲙⲓⲟⲩⲣⲅⲓⲁ,δημιουργια
ⲇⲓⲙⲟⲓⲣⲓⲁ,διμοιρια
ⲇⲓⲙⲟⲓⲣⲟⲛ,διμοιρος
ⲇⲓⲙⲱⲣⲓⲧⲏⲥ,τιμωρητης
ⲇⲓⲟⲓⲕⲉⲓ,διοικεω
ⲇⲓⲟⲓⲕⲏ,διοικεω
ⲇⲓⲟⲓⲕⲏⲥⲓⲥ,διοικησις
ⲇⲓⲟⲓⲕⲏⲧⲏⲥ,διοικητης
ⲇⲓⲟⲥⲙⲏ,διοςμη
ⲇⲓⲡⲗⲁ,διπλη
ⲇⲓⲡⲗⲟⲩⲛ,διπλους
ⲇⲓⲡⲛⲉⲓ,δειπνευω
ⲇⲓⲣⲕⲏ,διρκη
ⲇⲓⲥⲙⲟⲥ,δεσμος
ⲇⲓⲥⲧⲁⲍⲉ,δισταζω
ⲇⲓⲥⲧⲓⲭⲟⲛ,διστιχον
ⲇⲓⲧⲁⲥⲅⲁⲗⲟⲥ,διδασκαλος
ⲇⲓⲫⲣⲩⲅⲟⲥ,διφρυγης
ⲇⲓⲱⲅⲙⲟⲥ,διωγμος
ⲇⲓⲱⲕⲉ,διωκω
ⲇⲓⲱⲕⲧⲏⲥ,διωκτης
ⲇⲟⲅⲙⲁ,δογμα
ⲇⲟⲅⲙⲁⲧⲓⲍⲉ,δογματιζω
ⲇⲟⲕⲉⲓ,δοκεω
ⲇⲟⲕⲓⲙⲁⲍⲉ,δοκιμαζω
ⲇⲟⲕⲓⲙⲏ,δοκιμη
ⲇⲟⲕⲓⲙⲟⲛ,δοκιμος
ⲇⲟⲕⲓⲙⲟⲥ,δοκιμος
ⲇⲟⲗⲟⲥ,δολος
ⲇⲟⲝⲟⲅⲉⲛⲏⲥ,δοξογενης
ⲇⲟⲝⲟⲅⲉⲛⲓⲁ,δοξογενια
ⲇⲟⲝⲟⲕⲣⲁⲧⲓⲁ,δοξοκρατια
ⲇⲟⲝⲟⲕⲣⲁⲧⲱⲣ,δοξοκρατωρ
ⲇⲟⲝⲟⲗⲟⲅⲓⲁ,δοξολογια
ⲇⲟⲝⲟⲛ,δοξον
ⲇⲟⲝⲟⲫⲁⲛⲏⲥ,δοξοφανης
ⲇⲟⲝⲟⲫⲁⲛⲓⲁ,δοξοφανια
ⲇⲟⲣⲕⲁⲥ,δορκας
ⲇⲟⲩⲝ,δουξ
ⲇⲟⲽⲓ,δοκεω
ⲇⲟⲽⲓⲙⲁⲥⲧⲏⲥ,δοκιμαστης
ⲇⲣⲁⲕⲱⲛ,δρακων
ⲇⲣⲓⲙⲙⲁ,τριμμα
ⲇⲣⲟⲙⲉⲩⲥ,δρομευς
ⲇⲣⲟⲙⲟⲥ,δρομος
ⲇⲣⲩⲙⲟⲥ,δρυμος
ⲇⲩⲁⲥ,δυας
ⲇⲩⲕⲁⲛⲟⲥ,δεκανος
ⲇⲩⲙⲟⲥⲓⲟⲩ,δημοσιοω
ⲇⲩⲙⲟⲧⲏⲥ,δημοτης
ⲇⲩⲛⲁⲙⲓⲥ,δυναμις
ⲇⲩⲛⲁⲥⲧⲏⲥ,δυναστης
ⲇⲩⲛⲁⲧⲟⲛ,δυνατος
ⲇⲩⲛⲁⲧⲟⲥ,δυνατος
ⲇⲩⲣⲁⲛⲛⲉⲩⲉ,τυραννευω
ⲇⲩⲥⲕⲟⲗⲟⲛ,δυσκολος
ⲇⲱⲇⲉⲕⲁⲥ,δωδεκας
ⲇⲱⲣⲉⲁ,δωρεα
ⲇⲱⲣⲉⲁⲥⲧⲓⲕⲏ,δωρεαστικος
ⲇⲱⲣⲉⲁⲥⲧⲓⲕⲟⲛ,δωρεαστικος
ⲇⲱⲣⲓⲍⲉ,δωριζω
ⲇⲱⲣⲟⲛ,δωρον
ⲉⲁⲣ,εαρ
ⲉⲃⲇⲟⲙⲏⲥ,εβδομος
ⲉⲅⲅⲕⲗⲩⲙⲁⲥ,εγκλημα
ⲉⲅⲅⲣⲁⲫⲟⲛ,εγγραφον
ⲉⲅⲅⲣⲁⲫⲱⲥ,εγγραφος
ⲉⲅⲅⲩⲁ,εγγυη
ⲉⲅⲉⲧⲉ,αγω
ⲉⲅⲕⲁⲕⲉⲓ,εγκακεω
ⲉⲅⲕⲁⲗⲉⲓ,εγκαλεω
ⲉⲅⲕⲉⲫⲁⲗⲟⲥ,εγκεφαλος
ⲉⲅⲕⲗⲏⲙⲁ,εγκλημα
ⲉⲅⲕⲗⲏⲥⲧⲱⲥ,εγκλειστος
ⲉⲅⲕⲣⲁⲧⲉⲓⲁ,εγκρατεια
ⲉⲅⲕⲣⲁⲧⲉⲩⲉ,εγκρατευομαι
ⲉⲅⲕⲣⲁⲧⲏⲥ,εγκρατης
ⲉⲅⲕⲣⲩⲫⲓⲟⲛ,εγκρυφιον
ⲉⲅⲕⲱⲙⲓⲁⲍⲉ,εγκωμιαζω
ⲉⲅⲕⲱⲙⲓⲟⲛ,εγκωμιον
ⲉⲅⲗⲁⲃⲉ,εκλαμβανω
ⲉⲑⲁⲛⲓⲟⲛ,αθηναιος
ⲉⲑⲏⲣ,αιθηρ
ⲉⲑⲟⲥ,εθος
ⲉⲓ,ει
ⲉⲓⲇⲉⲁ,ιδεα
ⲉⲓⲇⲟⲥ,ειδος
ⲉⲓⲇⲱⲗⲟⲛ,ειδωλον
ⲉⲓⲕⲏ,εικη
ⲉⲓⲙⲏ,ει μη
ⲉⲓⲙⲏⲧⲓ,ει μη τι
ⲉⲓⲛⲁⲓ,ειμι
ⲉⲓⲣⲉⲱⲥ,ιρις
ⲉⲓⲣⲏⲛⲏ,ειρηνη
ⲉⲓⲣⲏⲛⲓⲕⲏ,ειρηνικος
ⲉⲓⲣⲏⲛⲓⲕⲟⲛ,ειρηνικος
ⲉⲓⲣⲏⲛⲓⲕⲟⲥ,ειρηνικος
ⲉⲓⲥⲿⲕⲟⲥ,οιστικος
ⲉⲓⲧⲁ,ειτα
ⲉⲓⲧⲉ,ειτε
ⲉⲕⲇⲓⲕⲟⲥ,εκδικος
ⲉⲕⲕⲗⲏⲥⲓⲁ,εκκλησια
ⲉⲕⲕⲗⲏⲥⲓⲁⲥⲧⲏⲥ,εκκλησιαστης
ⲉⲕⲕⲗⲏⲥⲓⲁⲥⲧⲓⲕⲟⲛ,εκκλησιαστικος
ⲉⲕⲗⲉⲕⲧⲏ,εκλεκτος
ⲉⲕⲗⲉⲕⲧⲟⲥ,εκλεκτος
ⲉⲕⲗⲟⲅⲏ,εκλογη
ⲉⲕⲟⲇⲟⲙⲏ,οικοδομη
ⲉⲕⲡⲗⲏⲝⲓⲥ,εκπληξις
ⲉⲕⲥⲁⲕⲧⲱⲣ,εξακτωρ
ⲉⲕⲥⲧⲁⲥⲓⲥ,εκστασις
ⲉⲕⲧⲏⲥ,εκτος
ⲉⲕⲧⲓⲕⲉⲓ,εκδικια
ⲉⲕⲧⲓⲥ,εκτισις
ⲉⲕⲭⲱⲣⲏⲥⲓⲥ,εκχωρησις
ⲉⲗⲁⲙⲓⲧⲏⲥ,ελαμειτης
ⲉⲗⲁⲥⲥⲟⲙⲁ,ελασσωμα
ⲉⲗⲁⲭⲓⲥⲧⲟⲛ,ελαχιστος
ⲉⲗⲁⲭⲓⲥⲧⲟⲥ,ελαχιστος
ⲉⲗⲁⲭⳇ,ελαχιστος
ⲉⲗⲉⲅⲭⲉ,ελεγχω
ⲉⲗⲉⲏⲙⲟⲥⲩⲛⲏ,ελεημοσυνη
ⲉⲗⲉⲟⲛ,ελαιον
ⲉⲗⲉⲟⲩ,ελαιον
ⲉⲗⲉⲩⲑⲉⲣⲁ,ελευθερος
ⲉⲗⲉⲩⲑⲉⲣⲓⲁ,ελευθερια
ⲉⲗⲉⲩⲑⲉⲣⲟⲥ,ελευθερος
ⲉⲗⲉⲩⲑⲉⲣⲟⲩ,ελευθεροω
ⲉⲗⲉⲫⲁⲛⲧⲓⲛⲟⲛ,ελεφαντινος
ⲉⲗⲉⲫⲁⲥ,ελεφας
ⲉⲗⲕⲓⲥⲙⲁⲧⲟⲥ,ελκυσμα
ⲉⲗⲗⲉⲃⲟⲣⲟⲛ,ελλεβορον
ⲉⲙⲡⲉⲣⲟⲥ,εμπειρος
ⲉⲙⲡⲟⲇⲁⲍⲓⲛ,εμποδαζω
ⲉⲙⲡⲟⲇⲓⲟⲛ,εμποδιον
ⲉⲙⲡⲟⲣⲟⲥ,εμπορος
ⲉⲙⲫⲁⲛⲓⲍⲉ,εμφανιζω
ⲉⲙⲫⲁⲛⲓⲥⲑⲁⲓ,εμφανιζω
ⲉⲙⲯⲩⲭⲟⲛ,εμψυχος
ⲉⲙⲯⲩⲭⲟⲥ,εμψυχος
ⲉⲛⲁⲅⲉ,εναγω
ⲉⲛⲁⲛⲧⲓⲟⲛ,εναντιος
ⲉⲛⲇ,ενδοξοτης
ⲉⲛⲇⲟⲝⲟⲧⲁⲧⲟⲥ,ενδοξοτατος
ⲉⲛⲇⲩⲙⲁ,ενδυμα
ⲉⲛⲇⲱⲝⲟⲛ,ενδοξος
ⲉⲛⲉⲣⲅⲉⲓ,ενεργεω
ⲉⲛⲉⲣⲅⲉⲓⲁ,ενεργεια
ⲉⲛⲉⲭⲉⲣⲟⲛ,ενεχυρον
ⲉⲛⲑⲩⲙⲏⲥⲓⲥ,ενθυμησις
ⲉⲛⲕⲁⲕⲓⲛ,εγκακεω
ⲉⲛⲛⲁⲥ,εννεας
ⲉⲛⲛⲁⲧⲏ,ενατος / εννατος
ⲉⲛⲛⲟⲓⲁ,εννοια
ⲉⲛⲟⲭⲗⲉⲓ,ενοχλεω
ⲉⲛⲧⲁⲅⲓⲟⲛ,ενταγιον
ⲉⲛⲧⲉⲩⲑⲉⲛ,εντευθεν
ⲉⲛⲧⲓⲛⲁⲥⲥⲉ,εντινασσω
ⲉⲛⲧⲟⲗⲉⲩⲥ,εντολευς
ⲉⲛⲧⲟⲗⲏ,εντολη
ⲉⲛⲧⲟⲗⲓⲕⲟⲛ,εντολικον
ⲉⲛⲧⲟⲗⲟⲟⲩⲉ,εντολη
ⲉⲛⲱⲭⲗⲏⲥⲓⲥ,ενοχλησις
ⲉⲝⲁⲅⲉ,εξαγω
ⲉⲝⲁⲕⲩⲛⲇⲓⲛⲟⲥ,εξακινδυνος
ⲉⲝⲁⲡⲁⲧⲁ,εξαπαταω
ⲉⲝⲁⲡⲓⲛⲁ,εξαπινα
ⲉⲝⲁⲥ,εξας
ⲉⲝⲉⲇⲣⲁ,εξεδρα
ⲉⲝⲉⲗⲉⲓ,εξαιρεω
ⲉⲝⲉⲥⲧⲓ,εξεστι
ⲉⲝⲉⲧⲁⲍⲉ,εξεταζω
ⲉⲝⲉⲧⲁⲥⲓⲥ,εξετασις
ⲉⲝⲏⲅⲉⲓⲥⲓⲥ,εξηγησις
ⲉⲝⲏⲅⲏⲧⲏⲥ,εξηγητης
ⲉⲝⲏⲕⲏⲥⲓⲥ,εξηγησις
ⲉⲝⲟⲇⲟⲥ,εξοδος
ⲉⲝⲟⲙⲟⲗⲟⲅⲉⲓ,εξομολογεω
ⲉⲝⲟⲣⲅⲓⲥⲧⲏⲥ,εξορκιστης
ⲉⲝⲟⲩⲑⲉⲛⲓ,εξουθενεω
ⲉⲝⲟⲩⲥⲓⲁ,εξουσια
ⲉⲝⲟⲩⲥⲓⲁⲍⲓⲛ,εξουσιαζω
ⲉⲝⲟⲩⲥⲓⲁⲥⲧⲏⲥ,εξουσιαστης
ⲉⲝⲱⲇⲓⲕⲟⲥ,εξωτικος
ⲉⲝⲱⲣⲉⲓⲥⲧⲓⲁ,εξοριστια
ⲉⲝⲱⲣⲓⲍⲓⲛ,εξοριζω
ⲉⲝⲹⲟⲙⲟⲗⲟⲅⲏⲥⲓⲥ,εξομολογησις
ⲉⲡⲁⲓⲛⲟⲩ,επαινεω
ⲉⲡⲁⲛ,επαν
ⲉⲡⲁⲣⲭⲓⲁ,επαρχια
ⲉⲡⲁⲣⲭⲟⲥ,επαρχος
ⲉⲡⲉⲓ,επει
ⲉⲡⲉⲓⲇⲏ,επειδη
ⲉⲡⲉⲓⲧⲁ,επειτα
ⲉⲡⲉⲛⲇⲩⲧⲏⲥ,επενδυτης
ⲉⲡⲉⲛⲉⲅⲕⲉ,επιφερω
ⲉⲡⲉⲣⲉⲓⲇⲉⲥⲑⲁⲓ,επερειδω
ⲉⲡⲉⲭⲏⲣⲓ,επιχειρεω
ⲉⲡⲏⲣⲉⲁⲍⲉ,επηρεαζω
ⲉⲡⲏⲣⲓⲁ,επηρεια
ⲉⲡⲓ,επι
ⲉⲡⲓⲃⲟⲗⲏ,επιβολη
ⲉⲡⲓⲃⲟⲗⲟⲥ,επιβουλος
ⲉⲡⲓⲃⲟⲩⲗⲉⲩⲉ,επιβουλευω
ⲉⲡⲓⲃⲟⲩⲗⲏ,επιβουλη
ⲉⲡⲓⲃⲟⲩⲗⲟⲥ,επιβουλος
ⲉⲡⲓⲅⲉⲁⲉⲓ,επειγω
ⲉⲡⲓⲅⲉⲛⲛⲓⲟⲥ,επιγεννιος
ⲉⲡⲓⲅⲣⲁⲫⲏ,επιγραφη
ⲉⲡⲓⲇⲓⲇⲟⲩ,επιδιδοω
ⲉⲡⲓⲉⲓⲕⲏⲥ,επιεικης
ⲉⲡⲓⲑⲩⲙⲉⲓ,επιθυμεω
ⲉⲡⲓⲑⲩⲙⲓⲁ,επιθυμια
ⲉⲡⲓⲕⲁⲗⲉⲓ,επικαλεω
ⲉⲡⲓⲕⲗⲏⲥⲓⲥ,επικλησις
ⲉⲡⲓⲕⲗⲏⲧⲟⲥ,επικλητος
ⲉⲡⲓⲛⲟⲓⲁ,επινοια
ⲉⲡⲓⲛⲟⲓⲛ,επινοεω
ⲉⲡⲓⲝⲓⲥ,επειξις
ⲉⲡⲓⲥⲏⲙⲟⲥ,επισημος
ⲉⲡⲓⲥⲕⲟⲡⲏ,επισκοπη
ⲉⲡⲓⲥⲕⲟⲡⲓⲟⲛ,επισκοπειον
ⲉⲡⲓⲥⲕⲟⲡⲟⲥ,επισκοπος
ⲉⲡⲓⲥⲧⲏⲙⲏ,επιστημη
ⲉⲡⲓⲥⲧⲏⲙⲱⲛ,επιστημων
ⲉⲡⲓⲥⲧⲟⲗⲏ,επιστολη
ⲉⲡⲓⲧⲁⲕⲏ,επιταγη
ⲉⲡⲓⲧⲁⲥⲥⲉ,επιτασσω
ⲉⲡⲓⲧⲉⲗⲓⲛ,επιτελεω
ⲉⲡⲓⲧⲏⲇⲉⲩⲉ,επιτηδευω
ⲉⲡⲓⲧⲓⲙⲁ,επιτιμαω
ⲉⲡⲓⲧⲓⲙⲓⲁ,επιτιμια
ⲉⲡⲓⲧⲣⲉⲡⲉ,επιτρεπω
ⲉⲡⲓⲧⲣⲟⲡⲏ,επιτροπη
ⲉⲡⲓⲧⲣⲟⲡⲟⲥ,επιτροπος
ⲉⲡⲓⲫⲉⲣⲉ,επιφερω
ⲉⲡⲓⲭⲉⲓⲣⲏⲙⲁ,επιχειρημα
ⲉⲡⲟⲓⲕⲓⲟⲛ,εποικιον
ⲉⲡⲟⲩⲣⲁⲛⲓⲟⲛ,επουρανιος
ⲉⲣⲁⲥⲙⲟⲥ,ερισμος
ⲉⲣⲅⲁⲥⲓⲁ,εργασια
ⲉⲣⲅⲁⲥⲧⲏⲣⲓⲟⲛ,εργαστηριον
ⲉⲣⲅⲁⲧⲏⲥ,εργατης
ⲉⲣⲅⲓⲥ,εργις
ⲉⲣⲅⲟⲇⲓⲱⲕⲧⲏⲥ,εργοδιωκτης
ⲉⲣⲅⲟⲗⲁⲃⲓⲁ,εργολαβια
ⲉⲣⲅⲟⲛ,εργον
ⲉⲣⲅⲱⲭⲉⲓⲣⲱⲛ,εργοχειρον
ⲉⲣⲏⲙⲓⲁ,ερημια
ⲉⲣⲏⲙⲟⲥ,ερημος
ⲉⲣⲓⲍⲉ,εριζω
ⲉⲣⲓⲕⲏⲥ,ερεικη
ⲉⲣⲕⲉⲥⲧⲁⲧⲟⲛ,ενεργος
ⲉⲣⲙⲏⲧⲁⲣⲓⲟⲛ,ερμηταριον
ⲉⲣⲱⲥ,ερως
ⲉⲥⲉⲭⲁⲍⲉ,ησυχαζω
ⲉⲥⲑⲁⲛⲉⲥⲑⲉ,αισθανομαι
ⲉⲥⲑⲏⲥ,εσθης
ⲉⲥⲑⲏⲥⲓⲥ,αισθησις
ⲉⲥⲧⲱ,εστω
ⲉⲥⲩⲭⲁⲍⲉ,ησυχαζω
ⲉⲥⲭⲁⲣⲁ,εσχαρα
ⲉⲧⲓ,ετι
ⲉⲩⲁⲅⲅⲉⲗⲓⲍⲉ,ευαγγελιζομαι
ⲉⲩⲁⲅⲅⲉⲗⲓⲟⲛ,ευαγγελιον
ⲉⲩⲁⲅⲅⲉⲗⲓⲥⲧⲏⲥ,ευαγγελιστης
ⲉⲩⲅⲉ,ευγε / ευ γε
ⲉⲩⲅⲉⲛⲉⲓⲁ,ευγενια
ⲉⲩⲅⲉⲛⲏⲥ,ευγενης
ⲉⲩⲇⲁⲓⲙⲟⲛⲓⲁ,ευδαιμονια
ⲉⲩⲇⲁⲝⲓⲁ,ευταξια
ⲉⲩⲇⲟⲕⲉⲓ,ευδοκεω
ⲉⲩⲇⲟⲕⲓⲁ,ευδοκια
ⲉⲩⲇⲟⲕⲓⲙⲱⲧⳇ,ευδοκιμωτατος
ⲉⲩⲉⲕⲧⲏⲣⲓⲟⲛ,ευκτηριον
ⲉⲩⲉⲣⲅⲉⲥⲓⲁ,ευεργεσια
ⲉⲩⲉⲣⲅⲉⲧⲏⲥ,ευεργετης
ⲉⲩⲑⲉⲱⲥ,ευθεως
ⲉⲩⲑⲩⲥ,ευθυς
ⲉⲩⲕⲉⲣⲓ,ευκαιρεω
ⲉⲩⲕⲉⲣⲓⲁ,ευκαιρια
ⲉⲩⲕⲗⲉⲉⲥⲧⲁⲧⲟⲥ,ευκλεεστατος
ⲉⲩⲕⲟⲡⲟⲛ,ευκοπος
ⲉⲩⲕⲣⲁⲥⲓⲁ,ευκρασια
ⲉⲩⲕⲣⲁⲧⲣ,ευκρατωρ
ⲉⲩⲗⲁⲃⲉⲥⲧⲁⲧⲟⲥ,ευλαβεστατος
ⲉⲩⲗⲟⲅⲉⲓ,ευλογεω
ⲉⲩⲗⲟⲅⲓⲁ,ευλογια
ⲉⲩⲗⲟⲅⲟⲛ,ευλογον
ⲉⲩⲗⲟⲅⲱⲥ,ευλογως
ⲉⲩⲛⲟⲓⲁ,ευνοια
ⲉⲩⲡⲟⲣⲉⲓ,ευπορεω
ⲉⲩⲡⲟⲣⲓ,ευπορεω
ⲉⲩⲡⲟⲣⲓⲁ,ευπορια
ⲉⲩⲡⲟⲣⲟⲥ,ευπορος
ⲉⲩⲥⲉⲃⲉⲓⲁ,ευσεβεια
ⲉⲩⲥⲉⲃⲏⲥ,ευσεβης
ⲉⲩⲥⲡⲗⲁⲅⲭⲛⲓⲁ,ευσπλαγχνια
ⲉⲩⲥⲧⲁⲑⲓⲟⲥ,ευσταθμος
ⲉⲩⲥⲭⲏⲙⲱⲛ,ευσχημων
ⲉⲩⲧⲉⲗⲏⲥ,ευτελης
ⲉⲩⲫⲟⲣⲃⲓⲟⲩ,ευφορβιον
ⲉⲩⲫⲣⲁⲛⲉ,ευφραινω
ⲉⲩⲫⲣⲟⲥⲩⲛⲏ,ευφροσυνη
ⲉⲩⲫⲩⲏⲥ,ευφυης
ⲉⲩⲭⲁⲣⲓⲥⲧⲉⲓ,ευχαριστεω
ⲉⲩⲭⲁⲣⲓⲥⲧⲓⲁ,ευχαριστια
ⲉⲩⲭⲏ,ευχη
ⲉⲩⲹⲁⲓⲟⲥ,ευαιος
ⲉⲫⲟⲇⲓⲟⲛ,εφοδιον
ⲉⲫⲟⲣⲁⲥⲓⲁ,εφορασια
ⲉⲫⲟⲩⲇ,εφουδ
ⲉⲱⲛ,αιων
ⲍⲉⲩⲥ,ζευς
ⲍⲏⲙⲓⲁ,ζημια
ⲍⲏⲧⲏⲙⲁ,ζητημα
ⲍⲏⲧⲏⲥⲓⲥ,ζητησις
ⲍⲓⲍⲁⲛⲓⲟⲛ,ζιζανιον
ⲍⲩⲅⲓⲥⲕⲟⲛ,ζυγισκον
ⲍⲱⲅⲣⲁⲫⲉⲓ,ζωγραφεω
ⲍⲱⲅⲣⲁⲫⲉⲓⲁ,ζωγραφια
ⲍⲱⲇⲓⲟⲛ,ζωδιον
ⲍⲱⲏ,ζωη
ⲍⲱⲛⲏ,ζωνη
ⲍⲱⲟⲛ,ζωον
ⲍⲱⲣⲁⲓⲟⲥ,σωρυ
ⲏⲅⲟⲩⲛ,ηγουν
ⲏⲇⲏ,ηδη
ⲏⲑⲟⲥ,ηθος
ⲏⲗⲓⲁⲕⲟⲛ,ηλιακον
ⲏⲛⲓⲟⲭⲟⲥ,ηνιοχος
ⲏⲝⲧⲁⲥⲓⲥ,εκστασις
ⲏⲡⲓⲛⲟⲉⲓ,επινοεω
ⲏⲣⲉⲙⲓⲟⲥ,ηρεμιος
ⲏⲣⲉⲙⲟⲥ,ηρεμος
ⲑⲁⲗⲁⲥⲥⲁ,θαλασσα
ⲑⲁⲗⲗⲓⲥ,θαλλις
ⲑⲁⲗⲡⲉⲓ,θαλπω
ⲑⲁⲣⲣⲉⲓ,θαρρεω
ⲑⲁⲩⲙⲁ,θαυμα
ⲑⲁⲩⲙⲁⲍⲉ,θαυμαζω
ⲑⲁⲩⲙⲁⲥⲓⲱⲧⲁⲧⲟⲥ,θαυμασιωτατος
ⲑⲁⲩⲙⲁⲥⲧⲟⲛ,θαυμαστος
ⲑⲁⲫⲏ,αφη
ⲑⲉⲁⲧⲣⲟⲛ,θεατρον
ⲑⲉⲃⲇⲟⲙⲁⲥ,εβδομας
ⲑⲉⲃⲟⲃⲟⲗⲏ,υποβολη
ⲑⲉⲉⲧⲓⲕⲱⲛ,θεⲓκος
ⲑⲉⲓⲟⲛ,θειος
ⲑⲉⲓⲟⲥ,θειος
ⲑⲉⲗⲏⲙⲁ,θελημα
ⲑⲉⲗⲏⲥⲓⲥ,θελησις
ⲑⲉⲙⲁ,θεμα
ⲑⲉⲙⲓⲥⲥⲁ,θεμισσα
ⲑⲉⲟⲇⲟⲕⲟⲥ,θεοτοκος
ⲑⲉⲟⲗⲟⲅⲓⲁ,θεολογια
ⲑⲉⲟⲗⲟⲅⲟⲥ,θεολογος
ⲑⲉⲟⲥⲉⲃⲉⲥⲧⲁⲧⲟⲥ,θεοσεβεστατος
ⲑⲉⲟⲥⲥⲉⲃⲏⲥ,θεοσεβης
ⲑⲉⲟⲩ,θεος
ⲑⲉⲟⲫⲓⲗⲉⲥⲧⲁⲧⲟⲥ,θεοφιλεστατος
ⲑⲉⲟⲫⲟⲃⲟⲥ,θεοφοβος
ⲑⲉⲟⲫⲟⲣⲟⲥ,θεοφορος
ⲑⲉⲟⲫⲩⲗⲁⲕⲧⲟⲥ,θεοφυλακτος
ⲑⲉⲣⲁⲡⲉⲩⲉ,θεραπευω
ⲑⲉⲣⲁⲡⲓⲁ,θεραπεια
ⲑⲉⲣⲙⲟⲛ,θερμος
ⲑⲉⲣⲙⲟⲥ,θερμος
ⲑⲉⲣⲙⲟⲩⲑⲓⲥ,θερμουθις
ⲑⲉⲣⲙⲟⲫⲩⲗⲁⲕⲉ,θερμοφυλακιον
ⲑⲉⲥⲃⲓⲧⲏⲥ,θεσβιτης
ⲑⲉⲥⲓⲥ,θεσις
ⲑⲉⲥⲙⲟⲥ,θεσμος
ⲑⲉⲱⲣⲉⲓ,θεωρεω
ⲑⲉⲱⲣⲓⲁ,θεωρια
ⲑⲉⲱⲣⲓⲛ,θεωρεω
ⲑⲉⲱⲧⲓⲙⲏⲧⲁⲧⲟⲥ,θεοτιμητατος
ⲑⲏⲕⲉ,θηκη
ⲑⲏⲗⲩⲕⲟⲛ,θηλυκος
ⲑⲏⲛ,θειον
ⲑⲏⲣⲓⲟⲛ,θηριον
ⲑⲏⲥⲁⲩⲣⲟⲥ,θησαυρος
ⲑⲏⲥⲅⲉ,θυσκη
ⲑⲏⲥⲓⲁⲥ,θυσια
ⲑⲓⲥⲧⲟⲣⲓⲟⲛ,ιστοριον
ⲑⲗⲓⲃⲉ,θλιβω
ⲑⲗⲓⲯⲓⲥ,θλιψις
ⲑⲛⲏⲧⲟⲛ,θνητος
ⲑⲟⲗⲟⲥ,θολος
ⲑⲟⲩⲙⲟⲥ,θυμος
ⲑⲟⲩⲣⲁⲕⲓⲟⲛ,θωρακειον
ⲑⲣⲓⲥⲕⲓⲁ,θρησκεια
ⲑⲣⲟⲛⲟⲥ,θρονος
ⲑⲩⲕⲏ,θηκη
ⲑⲩⲗⲓⲕⲓⲁ,ηλικια
ⲑⲩⲙⲓⲁⲧⲏⲣⲓⲟⲛ,θυμιατηριον
ⲑⲩⲙⲟⲥ,θυμος
ⲑⲩⲡⲁⲿⲁ,υπατεια
ⲑⲩⲡⲟⲯⲓⲁ,υποψια
ⲑⲩⲣⲟⲣⲟⲥ,θυρωρος
ⲑⲩⲥⲓⲁ,θυσια
ⲑⲩⲥⲓⲁⲍⲉ,θυσιαζω
ⲑⲩⲥⲓⲁⲥⲧⲏⲣⲓⲟⲛ,θυσιαστηριον
ⲓⲁⲥⲡⲓⲥ,ιασπις
ⲓⲃⲉⲣⲟⲥ,ιβηρος
ⲓⲇⲟⲩⲙⲁⲓⲟⲥ,ιδουμαιος
ⲓⲉⲃⲟⲩⲥⲁⲓⲟⲥ,ιεβουσαιιος
ⲓⲉⲣⲁⲿⲕⲟⲛ,ιερατικος
ⲓⲉⲣⲟⲯⲁⲗⲧⲏⲥ,ιεροψαλτης
ⲓⲕⲧⲉⲣⲟⲥ,ικτερος
ⲓⲗⲗⲟⲩⲥⲧⲣⳇ,ιλλουστριος
ⲓⲛⲇⲟⲥ,ινδος
ⲓⲟⲥ,ιος
ⲓⲟⲩ,ιος
ⲓⲟⲩⲇⲁⲓ,ιουδαιος
ⲓⲟⲩⲇⲁⲓⲟⲥ,ιουδαιος
ⲓⲥⲕⲁⲣⲓⲱⲧⲏⲥ,ισκαριωτης
ⲓⲥⲙⲁⲏⲗⲓⲧⲏⲥ,ισμαηλιτης
ⲓⲥⲟⲧⲩⲡⲟⲛ,ισοτυπος
ⲓⲥⲟⲯⲩⲭⲟⲛ,ισοψυχος
ⲓⲥⲣⲁⲏⲗⲓⲧⲏⲥ,ισραηλιτης
ⲓⲥⲧⲟⲣⲓⲁ,ιστορια
ⲓⲭⲛⲟⲥ,ιχνος
ⲓⲱⲧⲁ,ιωτα
ⲕⲁⲃⲓⲧⲁⲣⲉ,καβιδαριος
ⲕⲁⲇⲁⲝⲓⲁⲣⲭⲏⲥ,καταξιαρχης
ⲕⲁⲇⲙⲓⲁ,καδμεια
ⲕⲁⲇⲙⲓⲁⲥ,καδμεια
ⲕⲁⲑⲁⲓⲣⲉⲥⲓⲥ,καθαιρεσις
ⲕⲁⲑⲁⲓⲣⲟⲩ,καθαιρεω
ⲕⲁⲑⲁⲣⲓ,καθαιρω
ⲕⲁⲑⲁⲣⲓⲍⲉ,καθαριζω
ⲕⲁⲑⲁⲣⲓⲥⲙⲟⲥ,καθαρισμος
ⲕⲁⲑⲁⲣⲓⲱⲧⲏⲥ,καθαριοτης
ⲕⲁⲑⲁⲣⲟⲛ,καθαρος
ⲕⲁⲑⲁⲣⲟⲡⲟⲓⲏⲥⲓⲥ,καθαροποιησις
ⲕⲁⲑⲁⲣⲟⲥ,καθαρος
ⲕⲁⲑⲁⲣⲧⲓⲕⲟⲛ,καθαρτικος
ⲕⲁⲑⲉⲅⲟⲩⲙⲉⲛⲟⲥ,καθηγουμενος
ⲕⲁⲑⲉⲇⲣⲁ,καθεδρα
ⲕⲁⲑⲉⲇⲣⲟⲥ,καθεδρος
ⲕⲁⲑⲏⲅⲓ,καθηγεομαι
ⲕⲁⲑⲏⲕⲏⲥⲓⲥ,καθηγησις
ⲕⲁⲑⲏⲕⲟⲩⲙⲉⲛⲓⲧⲏⲥ,κατηχουμενιτης
ⲕⲁⲑⲏⲕⲟⲩⲙⲉⲛⲟⲥ,κατηχουμενος
ⲕⲁⲑⲓⲕⲱⲛ,εικων
ⲕⲁⲑⲓⲥⲙⲁ,καθισμα
ⲕⲁⲑⲓⲥⲧⲁ,καθιστανω
ⲕⲁⲑⲟⲗⲓⲕⲏ,καθολικος
ⲕⲁⲑⲟⲗⲓⲕⲟⲛ,καθολικος
ⲕⲁⲓ,και
ⲕⲁⲓⲅⲁⲣ,και γαρ
ⲕⲁⲓⲕⲟⲛ,χοⲓκος
ⲕⲁⲓⲡⲉⲣ,καιπερ
ⲕⲁⲓⲣⲟⲥ,καιρος
ⲕⲁⲓⲥⲁⲣ,καισαρ
ⲕⲁⲓⲧⲟⲓ,καιτοι
ⲕⲁⲕⲓⲁ,κακια
ⲕⲁⲕⲟⲅⲏⲣⲟⲥ,κακογηρος
ⲕⲁⲕⲟⲇⲁⲫⲛⲏ,κοκκοδαφνον
ⲕⲁⲕⲟⲇⲟⲝⲓⲁ,κακοδοξια
ⲕⲁⲕⲟⲏⲑⲉⲓⲁ,κακοηθεια
ⲕⲁⲕⲟⲛ,κακος
ⲕⲁⲕⲟⲛⲟⲓⲁ,κακονοια
ⲕⲁⲕⲟⲥ,κακος
ⲕⲁⲕⲟⲩ,κακοω
ⲕⲁⲕⲟⲩⲣⲅⲓⲁ,κακουργια
ⲕⲁⲕⲟⲩⲣⲅⲟⲥ,κακουργος
ⲕⲁⲕⲱⲥ,κακως
ⲕⲁⲕⲱⲥⲓⲥ,κακωσις
ⲕⲁⲗⲁⲉⲓⲛⲟⲥ,καλλαⲓνος
ⲕⲁⲗⲁⲕⲁⲛⲑⲏⲥ,χαλκανθον
ⲕⲁⲗⲁⲙⲁⲣⲓⲟⲛ,καλαμαριον
ⲕⲁⲗⲉⲁⲣⲓⲟⲥ,γαλ(λ)ιαριος
ⲕⲁⲗⲉⲓ,καλεω
ⲕⲁⲗⲓⲃⲗⲉⲫⲁⲗⲟⲛ,καλλιβλεφαρος
ⲕⲁⲗⲗⲁⲉⲓⲛⲏ,καλλαⲓνος
ⲕⲁⲗⲗⲓⲅⲣⲁⲫⲟⲥ,καλλιγραφος
ⲕⲁⲗⲗⲓⲛⲓⲕⲟⲥ,καλλινικος
ⲕⲁⲗⲗⲟⲥ,καλλος
ⲕⲁⲗⲩⲙⲙⲁ,καλυμμα
ⲕⲁⲗⲩⲡⲧⲟⲥ,καλυπτος
ⲕⲁⲗⲱⲥ,καλως
ⲕⲁⲙⲁⲇⲓⲟⲛ,καμαδιον
ⲕⲁⲙⲁⲣⲁ,καμαρα
ⲕⲁⲙⲁⲣⲉ,καμαρα
ⲕⲁⲙⲁⲧⲱⲛ,καματος
ⲕⲁⲙⲃⲏ,καμπη
ⲕⲁⲙⲓⲛⲟⲥ,καμινος
ⲕⲁⲙⲓⲥⲓⲟⲛ,καμισιον
ⲕⲁⲙⲡⲟⲩⲣⲁⲥ,καμφορα
ⲕⲁⲛ,καν
ⲕⲁⲛⲁⲕⲁⲣⲓⲡⲡⲟⲥ,καγκαριππος
ⲕⲁⲛⲁⲛⲁⲓⲟⲥ,καναναιος
ⲕⲁⲛⲁⲛⲓⲧⲏⲥ,κανανιτης
ⲕⲁⲛⲇⲁⲕⲏⲥ,κανδακη
ⲕⲁⲛⲑⲁⲣⲓⲥ,κανθαρις
ⲕⲁⲛⲱⲛ,κανων
ⲕⲁⲛⲱⲛⲓⲍⲉ,κανονιζω
ⲕⲁⲡⲛⲓⲍⲉ,καπνιζω
ⲕⲁⲡⲛⲟⲥ,καπνος
ⲕⲁⲡⲣⲥ,καπρος
ⲕⲁⲣⲁⲉⲓⲉ,κεραια
ⲕⲁⲣⲃⲱⲛⲉ,καρβων
ⲕⲁⲣⲟⲓⲁ,καρυα
ⲕⲁⲣⲟⲓⲟⲫⲩⲗⲗⲟⲩ,καρυοφυλλον
ⲕⲁⲣⲡⲟⲥ,καρπος
ⲕⲁⲣⲡⲟⲫⲟⲣⲓⲁ,καρποφορια
ⲕⲁⲣⲧⲁⲙⲱⲛ,καρδαμον
ⲕⲁⲥⲇⲁⲗⲁⲛⲑⲟⲛ,κασδαλανθος
ⲕⲁⲥⲇⲁⲗⲁⲛⲑⲟⲥ,κασδαλανθος
ⲕⲁⲥⲓⲁ,κασια
ⲕⲁⲥⲓⲙⲟⲛ,κασαμον
ⲕⲁⲥⲓⲥ,κασις
ⲕⲁⲥⲓⲧⲏⲣⲉ,κασσιτερος
ⲕⲁⲥⲧⲣⲟⲛ,καστρον
ⲕⲁⲥⲧⲣⲟⲩ,καστρον
ⲕⲁⲥⲧⲱⲣ,καστορειον
ⲕⲁⲧⲁ,κατα
ⲕⲁⲧⲁⲃⲁⲥⲓⲥ,καταβασις
ⲕⲁⲧⲁⲃⲉⲧⲟⲥ,καταβατος
ⲕⲁⲧⲁⲃⲟⲗⲏ,καταβολη
ⲕⲁⲧⲁⲅⲅⲓⲍⲉ,καταγγιζω
ⲕⲁⲧⲁⲅⲓⲛⲱⲥⲕⲉ,καταγινωσκω
ⲕⲁⲧⲁⲅⲛⲱⲥⲓⲥ,καταγνωσις
ⲕⲁⲧⲁⲇⲓⲕⲁⲍⲉ,καταδικαζω
ⲕⲁⲧⲁⲇⲓⲕⲏ,καταδικη
ⲕⲁⲧⲁⲇⲓⲕⲱⲥ,καταδικος
ⲕⲁⲧⲁⲕⲉⲛⲉ,κατακενοω
ⲕⲁⲧⲁⲕⲓⲟⲛ,καταγειον
ⲕⲁⲧⲁⲕⲗⲏⲧⲓⲕⲟⲛ,κατακλητικος
ⲕⲁⲧⲁⲕⲗⲩⲥⲙⲟⲥ,κατακλυσμος
ⲕⲁⲧⲁⲕⲣⲓⲙⲁ,κατακριμα
ⲕⲁⲧⲁⲕⲣⲓⲛⲉ,κατακρινω
ⲕⲁⲧⲁⲕⲣⲓⲥⲓⲥ,κατακρισις
ⲕⲁⲧⲁⲗⲁⲗⲉⲓ,καταλαλεω
ⲕⲁⲧⲁⲗⲁⲗⲓⲁ,καταλαλια
ⲕⲁⲧⲁⲗⲁⲙⲃⲁⲛⲉ,καταλαμβανω
ⲕⲁⲧⲁⲗⲁⲥⲉ,καταλλασσω
ⲕⲁⲧⲁⲗⲩⲉ,καταλυω
ⲕⲁⲧⲁⲛⲉⲩⲉ,κατανευω
ⲕⲁⲧⲁⲛⲟⲏⲥⲓⲥ,κατανοησις
ⲕⲁⲧⲁⲛⲟⲓ,κατανοεω
ⲕⲁⲧⲁⲛⲧⲁ,κατανταω
ⲕⲁⲧⲁⲝⲓⲟⲩ,καταξιοω
ⲕⲁⲧⲁⲡⲁⲧⲓ,καταπατεω
ⲕⲁⲧⲁⲡⲉⲧⲁⲥⲙⲁ,καταπετασμα
ⲕⲁⲧⲁⲡⲗⲁⲥⲙⲁ,καταπλασμα
ⲕⲁⲧⲁⲡⲗⲁⲥⲥⲉ,καταπλασσω
ⲕⲁⲧⲁⲣⲁ,καταρα
ⲕⲁⲧⲁⲣⲅⲉⲓ,καταργεω
ⲕⲁⲧⲁⲣⲭⲏ,καταρχη
ⲕⲁⲧⲁⲥⲕⲉⲩⲏ,κατασκευη
ⲕⲁⲧⲁⲥⲕⲟⲡⲟⲥ,κατασκοπος
ⲕⲁⲧⲁⲥⲡⲟⲣⲁ,κατασπορα
ⲕⲁⲧⲁⲥⲧⲁⲥⲓⲥ,καταστασις
ⲕⲁⲧⲁⲧⲁⲝⲓⲥ,καταταξις
ⲕⲁⲧⲁⲫⲣⲟⲛⲉⲓ,καταφρονεω
ⲕⲁⲧⲁⲫⲣⲟⲛⲏⲥⲓⲥ,καταφρονησις
ⲕⲁⲧⲁⲫⲣⲟⲛⲏⲧⲏⲥ,καταφρονητης
ⲕⲁⲧⲁⲹⲣⲁⲕⲧⲏⲥ,καταρακτης
ⲕⲁⲧⲉⲭⲉ,κατεχω
ⲕⲁⲧⲏⲅⲟⲣⲉⲓ,κατηγορεω
ⲕⲁⲧⲏⲅⲟⲣⲓⲁ,κατηγορια
ⲕⲁⲧⲏⲅⲟⲣⲓⲛ,κατηγορεω
ⲕⲁⲧⲏⲅⲟⲣⲟⲥ,κατηγορος
ⲕⲁⲧⲏⲛⲏ,κατηνα
ⲕⲁⲧⲏⲭⲏ,κατεχω
ⲕⲁⲧⲓⲗⲁ,κοτυλη
ⲕⲁⲧⲟⲣⲑⲟⲩ,κατορθοω
ⲕⲁⲧⲟⲣⲑⲱⲙⲁ,κατορθωμα
ⲕⲁⲧⲟⲥ,καδος
ⲕⲁⲧⲟⲭⲏ,κατοχη
ⲕⲁⲧⲟⲭⲟⲥ,κατοχος
ⲕⲁⲩⲙⲁ,καυμα
ⲕⲁⲩⲥⲱⲛ,καυσων
ⲕⲁⲩⲧⲏⲣⲓⲍⲉ,καυτηριζω
ⲕⲁⲫⲱⲣⲁ,καφουρα
ⲕⲁⲯⲁ,καψα
ⲕⲉⲃⲉⲣⲛⲓⲧⲏⲥ,κυβερνητης
ⲕⲉⲃⲓⲱⲛ,καβιον
ⲕⲉⲇⲟⲛⲓⲁ,γειτνια
ⲕⲉⲇⲣⲟⲥ,κεδρος
ⲕⲉⲕⲗⲉⲩⲧⲏⲥ,κυκλευτης
ⲕⲉⲗⲉⲩⲉ,κελευω
ⲕⲉⲗⲉⲩⲉⲥⲑⲁⲓ,κελευω
ⲕⲉⲗⲉⲩⲓⲛ,κελευω
ⲕⲉⲗⲉⲩⲙⲁ,κελευμα
ⲕⲉⲗⲉⲩⲥⲓⲥ,κελευσις
ⲕⲉⲗⲓⲥⲧⲣⲁ,κυλιστρα
ⲕⲉⲛⲉⲅⲓⲟⲥ,κυνηγος
ⲕⲉⲛⲛⲁⲃⲉⲣⲉⲟⲥ,κινναβρι
ⲕⲉⲛⲟⲇⲟⲝⲟⲥ,κενοδοξος
ⲕⲉⲛⲟⲕⲉⲫⲁⲗⲟⲛ,κυνοκεφαλος
ⲕⲉⲛⲧⲉⲣⲓⲟⲛ,κεντυριων
ⲕⲉⲛⲧⲏⲛⲁⲣⲓⲟⲛ,κεντηναριον
ⲕⲉⲡⲉⲗⲉⲟⲥ,καππαρις
ⲕⲉⲣⲁ,κεραννυμι
ⲕⲉⲣⲁⲍⲉ,κεραννυμι
ⲕⲉⲣⲁⲓⲁ,κειρια
ⲕⲉⲣⲁⲙⲉⲩⲥ,κεραμευς
ⲕⲉⲣⲁⲡⲧⲉⲥ,κηριαπτης
ⲕⲉⲣⲁⲥⲙⲁ,κερασμα
ⲕⲉⲣⲁⲧⲥⲉ,κερατιον
ⲕⲉⲣⲃⲟⲩ,κερβερος
ⲕⲉⲣⲉⲁ,κειρια
ⲕⲉⲣⲉⲓⲁ,κειρια
ⲕⲉⲣⲙⲁ,κερμα
ⲕⲉⲣⲱⲛ,κηριων
ⲕⲉⲥⲧⲱⲛⲁⲣⲓⲟⲥ,κυαιστιωναριος
ⲕⲉⲧⲱⲛ,κοιτων (ii)
ⲕⲉⲫⲁⲗⲁⲓⲟⲛ,κεφαλαιον
ⲕⲉⲫⲁⲗⲁⲓⲱⲧⲏⲥ,κεφαλαιωτης
ⲕⲉⲫⲁⲗⲓⲥ,κεφαλις
ⲕⲏⲙⲉⲣⲓⲁⲣⲭⲏⲥ,κειμηλιαρχης
ⲕⲏⲙⲏⲧⲉⲣⲓⲟⲛ,κοιμητηριον
ⲕⲏⲛⲥⲟⲥ,κηνσος
ⲕⲏⲛⲱⲧⲏⲥ,κοινοτης
ⲕⲏⲡⲟⲥ,κηπος
ⲕⲏⲡⲟⲩⲣⲟⲥ,κηπουρος
ⲕⲏⲣⲟⲩ,κηρος
ⲕⲏⲣⲩⲅⲙⲁ,κηρυγμα
ⲕⲏⲣⲩⲝ,κηρυξ
ⲕⲏⲣⲩⲥⲥⲉ,κηρυσσω
ⲕⲏⲧⲟⲥ,κητος
ⲕⲏⲫⲉⲟⲥ,κυφι
ⲕⲑⲉⲛⲟⲥ,κτεις
ⲕⲓⲃⲱⲧⲟⲥ,κιβωτος
ⲕⲓⲇⲁⲣⲓⲥ,κιδαρις
ⲕⲓⲇⲣⲓⲟⲛ,κιτριον
ⲕⲓⲑⲁⲣⲁ,κιθαρα
ⲕⲓⲑⲁⲣⲱⲧⲟⲥ,κιθαρωδος
ⲕⲓⲕⲓⲥ,κικι
ⲕⲓⲙⲓⲛⲟⲩ,κυμινον
ⲕⲓⲛⲁⲙⲟⲛ,κινναμον
ⲕⲓⲛⲇⲩⲛⲉⲩⲉ,κινδυνευω
ⲕⲓⲛⲇⲩⲛⲟⲥ,κινδυνος
ⲕⲓⲛⲏⲥⲁⲓ,κινεω
ⲕⲓⲛⲏⲥⲓⲥ,κινησις
ⲕⲓⲛⲛⲁⲙⲱⲙⲟⲛ,κινναμωμον
ⲕⲓⲟⲛ,κιων
ⲕⲓⲥⲓⲣⲉⲟⲥ,κισηρις
ⲕⲓⲥⲥⲟⲥ,κισσος
ⲕⲓⲧⲣⲁ,κιτρεα
ⲕⲗⲁⲃⲉⲕⲟⲗⲗⲁⲣⲓⲟⲥ,κλαβικουλαριος
ⲕⲗⲁⲇⲟⲥ,κλαδος
ⲕⲗⲁⲥⲙⲁ,κλασμα
ⲕⲗⲁⲥⲙⲁⲧⲓⲍⲉ,κλασματιξω
ⲕⲗⲁⲩⲕⲓⲟⲩ,γλαυκιον
ⲕⲗⲏⲙⲁ,κλημα
ⲕⲗⲏⲣⲓⲕⲟⲥ,κληρικος
ⲕⲗⲏⲣⲟⲛⲟⲙⲉⲓ,κληρονομεω
ⲕⲗⲏⲣⲟⲛⲟⲙⲓⲁ,κληρονομια
ⲕⲗⲏⲣⲟⲛⲟⲙⲓⲛ,κληρονομεω
ⲕⲗⲏⲣⲟⲛⲟⲙⲟⲥ,κληρονομος
ⲕⲗⲏⲣⲟⲥ,κληρος
ⲕⲗⲏⲣⲟⲩ,κληροω
ⲕⲗⲏⲩⲭⲱⲛ,γλευκος
ⲕⲗⲓⲙⲁ,κλιμα
ⲕⲗⲟⲡⲏ,κλοπη
ⲕⲟⲇⲣⲁⲛⲧⲏⲥ,κοδραντης
ⲕⲟⲓⲗⲁⲥ,κοιλας
ⲕⲟⲓⲗⲓⲁ,κοιλια
ⲕⲟⲓⲛⲟⲃⲓⲟⲥ,κοινοβιος
ⲕⲟⲓⲛⲟⲛ,κοινον
ⲕⲟⲓⲛⲟⲥ,κοινος
ⲕⲟⲓⲛⲱⲛⲉⲓ,κοινωνεω
ⲕⲟⲓⲛⲱⲛⲓ,κοινωνεω
ⲕⲟⲓⲛⲱⲛⲓⲁ,κοινωνια
ⲕⲟⲓⲛⲱⲛⲟⲥ,κοινωνος
ⲕⲟⲓⲧⲱⲛ,κοιτων (i)
ⲕⲟⲕⲕⲓⲛⲟⲥ,κοκκινος
ⲕⲟⲕⲕⲟⲥ,κοκκος
ⲕⲟⲗ’ⲗⲩⲃⲓⲥⲧⲏⲥ,κολλυβιστης
ⲕⲟⲗⲁⲍⲉ,κολαζω
ⲕⲟⲗⲁⲕⲉⲩⲉ,κολακευω
ⲕⲟⲗⲁⲕⲓⲁ,κολακεια
ⲕⲟⲗⲁⲥⲉⲥⲑⲁⲓ,κολαζω
ⲕⲟⲗⲁⲥⲓⲥ,κολασις
ⲕⲟⲗⲁⲥⲧⲏⲣⲓⲟⲛ,κολαστηριον
ⲕⲟⲗⲏⲣⲓⲟⲛ,κολλυριον
ⲕⲟⲗⲗⲁ,κολλαω
ⲕⲟⲗⲗⲁⲑⲉ,κολλαθον
ⲕⲟⲗⲗⲁⲣⲓⲟⲛ,κολλαριον
ⲕⲟⲗⲗⲏⲕⲟⲛ,κολληγιον
ⲕⲟⲗⲗⲓⲟⲛ,κολλυριον
ⲕⲟⲗⲗⲟⲧⲓⲕⲏ,κολλητικος
ⲕⲟⲗⲟⲃⲟⲥ,κολοβος
ⲕⲟⲗⲟⲫⲱⲛⲓⲁⲥ,κολοφωνια
ⲕⲟⲗⲡⲟⲥ,κολπος
ⲕⲟⲗⲩⲙⲃⲏⲑⲣⲁ,κολυμβηθρα
ⲕⲟⲙⲁⲣⲓⲟⲛ,κωμαριον
ⲕⲟⲙⲁⲣⲓⲧⲏⲥ,κωμαριτης
ⲕⲟⲙⲉⲥ,κομης
ⲕⲟⲙⲏⲛⲧⲁⲣⲓⲥⲓⲟⲥ,κομμενταρησιος
ⲕⲟⲙⲏⲧⲁⲧⲟⲛ,κομιτατoν
ⲕⲟⲙⲙⲉ,κομμι
ⲕⲟⲙⲡⲗⲉⲩⲥⲓⲥ,κομπλευσις
ⲕⲟⲛⲇⲣⲁⲛⲧⲏⲥ,κονδραντης
ⲕⲟⲛⲓⲁ,κονια
ⲕⲟⲛⲧⲁⲣⲓⲟⲛ,κονταριον
ⲕⲟⲡⲣⲓⲁ,κοπρια
ⲕⲟⲡⲣⲟⲥ,κοπρος
ⲕⲟⲣⲃⲁⲛ,κορβαν
ⲕⲟⲣⲏ,κορη
ⲕⲟⲣⲓⲛⲑⲓⲟⲥ,κορινθιος
ⲕⲟⲣⲓⲛⲑⲟⲥ,κορινθος
ⲕⲟⲣⲝ,κοραξ
ⲕⲟⲥⲙⲉⲓ,κοσμεω
ⲕⲟⲥⲙⲉⲓⲥⲑⲁⲓ,κοσμεω
ⲕⲟⲥⲙⲏⲥⲓⲥ,κοσμησις
ⲕⲟⲥⲙⲓⲁ,κοσμιος
ⲕⲟⲥⲙⲓⲕⲟⲛ,κοσμικος
ⲕⲟⲥⲙⲓⲕⲟⲥ,κοσμικος
ⲕⲟⲥⲙⲟⲕⲣⲁⲧⲱⲣ,κοσμοκρατωρ
ⲕⲟⲥⲙⲟⲡⲟⲓⲟⲥ,κοσμοποιος
ⲕⲟⲥⲙⲟⲥ,κοσμος
ⲕⲟⲩⲕⲗⲓⲟⲛ,κουκλιον
ⲕⲟⲩⲗⲁⲑⲉ,κολλαθον
ⲕⲟⲩⲙⲫⲟⲥ,κουφος (i)
ⲕⲟⲩⲝ,κοⲓξ
ⲕⲟⲩⲣⲓⲥ,καρις
ⲕⲟⲩⲣⲕⲟⲃⲓⲛ,κουκουρβιτα
ⲕⲟⲩⲣⲥⲟⲛ,κουρσωρ
ⲕⲟⲩⲫⲓⲍⲉ,κουφιζω
ⲕⲟⲩⲫⲟⲛ,κουφον
ⲕⲟⲩⲫⲟⲥ,κουφος (ii)
ⲕⲟⲩⲫⲱⲛ,κουφος (ii)
ⲕⲟⲩⲳ,κοστος
ⲕⲟⲭⲗⲓⲁⲣⲓⲛ,κοχλιαριον
ⲕⲣⲁⲛⲓⲟⲛ,κρανιον
ⲕⲣⲁⲥⲓⲥ,κρασις
ⲕⲣⲁⲧⲏⲣ,κρατηρ
ⲕⲣⲁⲧⲟⲥ,κρατος
ⲕⲣⲁⲩⲅⲏ,κραυγη
ⲕⲣⲏⲕⲧⲏⲣⲓⲟⲛ,κρατηριον
ⲕⲣⲏⲧⲉⲥ,κρης
ⲕⲣⲓⲙⲁ,κριμα
ⲕⲣⲓⲛⲉ,κρινω
ⲕⲣⲓⲛⲓⲛ,κρινω
ⲕⲣⲓⲛⲟⲛ,κρινον
ⲕⲣⲓⲥ,χειρις
ⲕⲣⲓⲥⲓⲥ,κρισις
ⲕⲣⲓⲧⲏⲣⲓⲟⲛ,κριτηριον
ⲕⲣⲓⲧⲏⲥ,κριτης
ⲕⲣⲟⲕⲟⲥ,κροκος
ⲕⲣⲟⲕⲟⲩ,κροκος
ⲕⲣⲟⲕⲟⲩⲙⲁⲅⲙⲁⲧⲟⲥ,κροκομαγμα
ⲕⲣⲩⲥⲑⲁⲗⲟⲓⲥ,κρυσταλλος
ⲕⲣⲩⲥⲧⲁⲗⲗⲟⲛ,κρυσταλλος
ⲕⲣⲩⲥⲧⲁⲗⲗⲟⲥ,κρυσταλλος
ⲕⲧⲁⲥⲑⲁⲓ,κταομαι
ⲕⲧⲏⲙⲁ,κτημα
ⲕⲧⲓⲥⲓⲥ,κτισις
ⲕⲧⲓⲥⲙⲁ,κτισμα
ⲕⲩ,κυριος
ⲕⲩⲁⲙⲟⲩ,κυαμος
ⲕⲩⲇⲁⲣⲓⲧⲏⲥ,κιδαριτης
ⲕⲩⲕⲗⲟⲥ,κυκλος
ⲕⲩⲗⲓⲥⲓⲥ,κυλισις
ⲕⲩⲗⲗⲟⲥ,κυλλος
ⲕⲩⲙⲃⲁⲗⲟⲛ,κυμβαλον
ⲕⲩⲙⲏⲗⲓⲟⲛ,κειμηλιον
ⲕⲩⲛⲟⲕⲉⲫⲁⲗⲟⲛ,κυνοκεφαλον
ⲕⲩⲡⲁⲣⲓⲥⲥⲟⲥ,κυπαρισσος
ⲕⲩⲡⲏ,κυπη
ⲕⲩⲡⲣⲓⲟⲥ,κυπριος
ⲕⲩⲡⲣⲟⲥ,κυπρος
ⲕⲩⲣⲏⲛⲁⲓⲟⲥ,κυρηναιος
ⲕⲩⲣⲓⲁⲕⲏ,κυριακη
ⲕⲩⲣⲓⲉⲩⲉ,κυριευω
ⲕⲩⲣⲓⲉⲩⲉⲥⲑⲁⲓ,κυριευω
ⲕⲩⲣⲓⲱⲥ,κυριως
ⲕⲩⲣⲟⲥ,κυρος
ⲕⲩⲣⲟⲩ,κυροω
ⲕⲱⲗⲩⲉ,κωλυω
ⲕⲱⲙⲉⲱⲥ,κομμι
ⲕⲱⲙⲏ,κωμη
ⲕⲱⲡⲓⲥ,κοπις
ⲕⲱⲣⲉⲝ,κοραξ
ⲕⲱⲥⲧⲱⲿⲁ,κουστωδια
ⲕⲱⲧⲱⲛ,κωθων
ⲕⲱⲫⲟⲛ,κωφος
ⲕⲱⲫⲟⲥ,κωφος
ⲗⲁⲓⲕⲟⲥ,λαⲓκος
ⲗⲁⲕⲁⲛⲏ,λαγηνα
ⲗⲁⲕⲕⲟⲥ,λακκος
ⲗⲁⲕⲟⲛ,λακον
ⲗⲁⲕⲧⲓⲍⲉ,λακτιζω
ⲗⲁⲗⲓⲁ,λαλια
ⲗⲁⲙⲡⲁⲥ,λαμπας
ⲗⲁⲙⲡⲉⲩⲉ,λαμπευω
ⲗⲁⲙⲡⲏⲇⲱⲛ,λαμπηδων
ⲗⲁⲙⲡⲣⲟⲛ,λαμπρος
ⲗⲁⲙⲡⲣⲟⲧⲁⲧⲟⲥ,λαμπροτατος
ⲗⲁⲙⲡⲣⲟⲧⲏⲥ,λαμπροτης
ⲗⲁⲙⲯⲁⲛⲉ,λαμψανη
ⲗⲁⲛⲑⲁⲛⲉ,λανθανω
ⲗⲁⲟⲥ,λαος
ⲗⲁⲡⲯⲁⲛ,λαψανη
ⲗⲁⲩⲣⲁ,λαυρα
ⲗⲉⲃⲏⲥ,λεβης
ⲗⲉⲅⲅⲉⲓⲣⲓⲟⲛ,λυγγουριον
ⲗⲉⲅⲉⲱⲛ,λεγεων
ⲗⲉⲓⲧⲟⲩⲣⲅⲓⲁ,λειτουργια
ⲗⲉⲓⲧⲟⲩⲣⲅⲟⲥ,λειτουργος
ⲗⲉⲕⲧⲟⲩⲙⲉⲛⲟⲥ,λακεδαιμονιος
ⲗⲉⲛⲧⲓⲟⲛ,λεντιον
ⲗⲉⲝ,λεξις
ⲗⲉⲝⲓⲥ,λεξις
ⲗⲉⲟⲡⲁⲣⲇⲁⲗⲓⲥ,λεοπαρδαλις
ⲗⲉⲡⲓⲇⲟⲥ,λεπις
ⲗⲉⲡⲧⲟⲛ,λεπτον
ⲗⲉⲥⲭⲏ,λεσχη
ⲗⲉⲩⲓⲧⲏⲥ,λευιτης
ⲗⲉⲩⲕⲏ,λευκη
ⲗⲉⲩⲕⲏ,λευκοω
ⲗⲉⲩⲕⲟⲛ,λευκος
ⲗⲉⲩⲕⲟⲩ,λευκος
ⲗⲉⲩⲕⲱⲙⲁ,λευκωμα
ⲗⲏⲅⲓⲟⲛ,λυκιον
ⲗⲏⲕⲟⲥ,λυκος
ⲗⲏⲙⲙⲁ,λημμα
ⲗⲏⲥⲧⲏⲣⲓⲟⲛ,ληστηριον
ⲗⲏⲥⲧⲏⲥ,ληστης
ⲗⲏⲭⲏ,λειχην
ⲗⲓⲃⲁⲛⲟⲥ,λιβανος
ⲗⲓⲃⲁⲛⲟⲩ,λιβανος
ⲗⲓⲃⲉⲣⲧⲓⲛⲟⲥ,λιβερτινος
ⲗⲓⲑⲁⲣⲕⲉⲣⲟⲛ,λιθαργυρος
ⲗⲓⲑⲁⲣⲕⲩⲣⲟⲩ,λιθαργυρος
ⲗⲓⲑⲟⲩ,λιθος
ⲗⲓⲕⲛⲟⲛ,λικνον
ⲗⲓⲙⲏⲛ,λιμην (ii)
ⲗⲓⲙⲛⲏ,λιμνη
ⲗⲓⲧⲟⲩⲣⲅⲉⲓ,λειτουργεω
ⲗⲓⲧⲟⲩⲣⲅⲓⲁ,λειτουργια
ⲗⲓⲧⲟⲩⲣⲅⲓⲕⲟⲛ,λειτουργικος
ⲗⲓⲧⲣⲁ,λιτρα
ⲗⲓⲭⲛⲟⲥ,λυχνος
ⲗⲓⲯⲁⲛⲟⲛ,λειψανον
ⲗⲟⲅⲏ,λογη
ⲗⲟⲅⲓⲍⲉ,λογιζομαι
ⲗⲟⲅⲓⲕⲏ,λογικος
ⲗⲟⲅⲓⲕⲟⲛ,λογικος
ⲗⲟⲅⲓⲕⲟⲥ,λογικος
ⲗⲟⲅⲓⲥⲙⲟⲥ,λογισμος
ⲗⲟⲅⲟⲅⲉⲛⲏⲥ,λογογενης
ⲗⲟⲅⲟⲅⲣⲁⲫⲟⲥ,λογογραφος
ⲗⲟⲅⲟⲥ,λογος
ⲗⲟⲅⲣⲫⲏ,λογογραφεω
ⲗⲟⲅⲭⲏ,λογχη
ⲗⲟⲅⲭⲓⲍⲉ,λογχιζω
ⲗⲟⲓⲙⲟⲥ,λοιμος
ⲗⲟⲓⲡⲁⲥ,λοιπας
ⲗⲟⲓⲡⲟⲛ,λοιπον
ⲗⲟⲕⲟⲻⲓ,ολοκοττινος
ⲗⲟⲣⲟⲥ,λωρος
ⲗⲟⲩⲡⲁⲥ,λοπας
ⲗⲟⲩⲥⲓⲙⲟⲛ,λυσιμον
ⲗⲟⲩⲧⲏⲣ,λουτηρ
ⲗⲟⲩⲧⲏⲣⲓⲟⲛ,λουτηριον
ⲗⲩⲕⲁⲟⲛⲓⲥⲧⲓ,λυκαονιστι
ⲗⲩⲙⲏⲛ,λιμην (i)
ⲗⲩⲡⲉⲓ,λυπεω
ⲗⲩⲡⲉⲓⲥⲑⲁⲓ,λυπεω
ⲗⲩⲡⲏ,λυπη
ⲗⲩⲭⲛⲓⲁ,λυχνια
ⲗⲩⲭⲛⲓⲕⲟⲛ,λυχνικον
ⲗⲱⲧⲓⲝ,λωδιξ
ⲙⲁⲅⲁⲛⲟⲛ,μαγγανον
ⲙⲁⲅⲇⲁⲗⲏⲛⲏ,μαγδαληνη
ⲙⲁⲅⲉⲓⲁ,μαγεια
ⲙⲁⲅⲉⲩⲉ,μαγευω
ⲙⲁⲅⲓⲣⲟⲥ,μαγειρος
ⲙⲁⲅⲟⲥ,μαγος
ⲙⲁⲅⲟⲩⲥⲁⲓⲟⲥ,μαγουσαιος
ⲙⲁⲑⲏⲙⲁⲧⲁ,μαθημα
ⲙⲁⲑⲏⲧⲉⲩⲉ,μαθητευω
ⲙⲁⲑⲏⲧⲏⲥ,μαθητης
ⲙⲁⲑⲏⲧⲣⲓⲁ,μαθητρια
ⲙⲁⲕⲁⲓⲣⲟⲥ,μαγειρος
ⲙⲁⲕⲁⲣⲓⲁ,μακαριος
ⲙⲁⲕⲁⲣⲓⲍⲉ,μακαριζω
ⲙⲁⲕⲁⲣⲓⲟⲛ,μακαριος
ⲙⲁⲕⲁⲣⲓⲟⲥ,μακαριος
ⲙⲁⲕⲁⲣⲓⲟⲧⲏⲥ,μακαριοτης
ⲙⲁⲕⲁⲣⲓⲥⲙⲟⲥ,μακαρισμος
ⲙⲁⲕⲁⲣⲓⲱⲧⲁⲧⲟⲥ,μακαριωτατος
ⲙⲁⲕⲓⲥ,μαγις
ⲙⲁⲗⲁⲃⲁⲑⲣⲟⲛ,μαλαβαθρον
ⲙⲁⲗⲁⲕⲟⲥ,μαλακος
ⲙⲁⲗⲁⲕⲧⲱⲛ,μαλακτων
ⲙⲁⲗⲁⲥⲥⲉ,μαλασσω
ⲙⲁⲗⲓⲥⲧⲁ,μαλιστα
ⲙⲁⲗⲗⲟⲛ,μαλλον
ⲙⲁⲙⲱⲛⲁⲥ,μαμωνας
ⲙⲁⲛⲅⲁⲛⲟⲛ,μαγγανον
ⲙⲁⲛⲓⲁ,μανια
ⲙⲁⲛⲛⲁ,μαννα (i)
ⲙⲁⲛⲧⲁⲕⲏ,μανδακης
ⲙⲁⲛⲧⲓⲟⲛ,μαντειον
ⲙⲁⲡⲡⲁ,μαππα
ⲙⲁⲣⲅⲁⲣⲓⲧⲏⲥ,μαργαριτης
ⲙⲁⲣⲧⲩⲣⲉⲥⲑⲁⲓ,μαρτυρεω
ⲙⲁⲣⲧⲩⲣⲓⲁ,μαρτυρια
ⲙⲁⲣⲧⲩⲣⲓⲍⲉ,μαρτυριζω
ⲙⲁⲣⲧⲩⲣⲓⲕⲟⲛ,μαρτυρικος
ⲙⲁⲣⲧⲩⲣⲓⲛ,μαρτυρεω
ⲙⲁⲣⲧⲩⲣⲓⲟⲛ,μαρτυριον
ⲙⲁⲣⲧⲩⲣⲟⲗⲟⲅⲓⲟⲛ,μαρτυρολογιον
ⲙⲁⲣⲧⲩⲣⲟⲥ,μαρτυρος
ⲙⲁⲣⲧⲩⲥ,μαρτυς
ⲙⲁⲣⳇ,μαρτυρεω
ⲙⲁⲥⲟⲩⲣ,μασουριον
ⲙⲁⲥⲧⲓⲅⲓⲥ,μαστιχη
ⲙⲁⲥⲧⲓⲅⲝ,μαστιξ
ⲙⲁⲥⲧⲓⲅⲟⲓⲛ,μαστιγοω
ⲙⲁⲥⲧⲓⲅⲟⲩ,μαστιγοω
ⲙⲁⲥⲧⲓⲕⲟⲥ,μαστιγος
ⲙⲁⲥⲧⲓⲭⲓⲛ,μαστιχη
ⲙⲁⲥⲿⲭⲁⲓ,μαστιχη
ⲙⲁⲥⲿⲭⲉ,μαστιχη
ⲙⲁⲧⲣⲱⲛⲁ,ματρωνα
ⲙⲁⲩⲗⲓⲍⲉ,μαυλιζω
ⲙⲉⲅⲉⲑⲟⲥ,μεγεθος
ⲙⲉⲅⲓⲥⲧⲁⲛⲟⲥ,μεγιστανος
ⲙⲉⲍⲉⲧⲉⲓⲁ,μεσιτεια
ⲙⲉⲓⲗⲓⲟⲛ,μειλιον
ⲙⲉⲗⲁ,μελα
ⲙⲉⲗⲁⲛ,μελαν
ⲙⲉⲗⲁⲛⲟⲥ,μελανος
ⲙⲉⲗⲉⲧⲁ,μελεταω
ⲙⲉⲗⲉⲧⲏ,μελετη
ⲙⲉⲗⲉⲧⲏⲥⲓⲥ,μελετησις
ⲙⲉⲗⲉⲧⲟⲛ,μελεταω
ⲙⲉⲗⲓ,μελω
ⲙⲉⲗⲓⲗⲓⲧⲟⲛ,μελιλωτον
ⲙⲉⲗⲟⲅⲣⲁⲫⲟⲥ,μελογραφος
ⲙⲉⲗⲟⲡⲉⲡⲱⲛ,μηλοπεπων
ⲙⲉⲗⲟⲥ,μελος
ⲙⲉⲙⲯⲩⲥⲓⲥ,μεμψις
ⲙⲉⲛ,μεν
ⲙⲉⲛⲉⲩⲉ,μηνυω
ⲙⲉⲛⲧⲟⲓ,μεντοι
ⲙⲉⲣⲓⲍⲉ,μεριζω
ⲙⲉⲣⲓⲕⲟⲛ,μερικος
ⲙⲉⲣⲓⲕⲟⲥ,μερικος
ⲙⲉⲣⲓⲙⲛⲁ,μεριμναω
ⲙⲉⲣⲓⲥ,μερις
ⲙⲉⲣⲓⲥⲙⲟⲥ,μερισμος
ⲙⲉⲣⲟⲥ,μερος
ⲙⲉⲣⲣⲁ,μοιρα
ⲙⲉⲥⲁⲥⲉ,μεσαζω
ⲙⲉⲥⲏⲙⲃⲣⲓⲁ,μεσημβρια
ⲙⲉⲥⲓⲧⲏⲥ,μεσιτης
ⲙⲉⲥⲟⲥ,μεσος
ⲙⲉⲥⲟⲧⲏⲥ,μεσοτης
ⲙⲉⲥⲟⲩⲣⲁⲛⲏⲙⲁ,μεσουρανημα
ⲙⲉⲧⲁ,μετα
ⲙⲉⲧⲁⲃⲟⲗⲏ,μεταβολη
ⲙⲉⲧⲁⲅⲅⲓⲥⲙⲟⲥ,μεταγγισμος
ⲙⲉⲧⲁⲗⲗⲟⲛ,μεταλλον
ⲙⲉⲧⲁⲙⲟⲣⲫⲟⲩ,μεταμορφοω
ⲙⲉⲧⲁⲛⲟⲉⲓ,μετανοεω
ⲙⲉⲧⲁⲛⲟⲓⲁ,μετανοια
ⲙⲉⲧⲉⲭⲉ,μετεχω
ⲙⲉⲧⲟⲩⲥⲓⲁ,μετουσια
ⲙⲉⲧⲟⲭⲟⲥ,μετοχος
ⲙⲉⲧⲣⲏⲧⲏⲥ,μετρητης
ⲙⲉⲧⲣⲟⲛ,μετρον
ⲙⲏ,μη
ⲙⲏⲃⲣⲁⲛⲟⲛ,μεμβρανον
ⲙⲏⲇⲟⲥ,μηδος
ⲙⲏⲗⲁ,μηλον
ⲙⲏⲡⲟⲧⲉ,μηποτε
ⲙⲏⲡⲱⲥ,μηπως
ⲙⲏⲣⲟⲥ,μηρος
ⲙⲏⲧⲓ,μητι
ⲙⲏⲧⲣⲁ,μητρα
ⲙⲏⲧⲣⲟⲡⲁⲧⲱⲣ,μητροπατωρ
ⲙⲏⲧⲣⲟⲡⲟⲗⲓⲥ,μητροπολις
ⲙⲏⲭⲁⲛⲏ,μηχανη
ⲙⲏⲭⲁⲛⲏⲕⲟⲛ,μηχανικος
ⲙⲓⲅⲙⲁ,μιγμα
ⲙⲓⲗⲓⲟⲛ,μιλιον
ⲙⲓⲗⲓⲟⲥ,μιλιον
ⲙⲓⲗⲟⲥ,μιλος
ⲙⲓⲗⳇ,μιλιαρησιον
ⲙⲓⲙⲏⲥⲓⲥ,μιμησις
ⲙⲓⲝⲓⲥ,μιξις
ⲙⲓⲥⲉⲟⲥ,μισυ
ⲙⲓⲥⲑⲟⲥ,μισθος
ⲙⲓⲥⲑⲱⲥⲓⲥ,μισθωσις
ⲙⲓⲥⲑⲱⲧⲏⲥ,μισθωτης
ⲙⲓⲥⲟⲡⲟⲛⲏⲣⲟⲛ,μισοπονηρος
ⲙⲓⲥⲧⲣⲁⲛⲟⲥ,μυστρον
ⲙⲓⲧⲁⲧⲱⲣ,μητατωρ
ⲙⲓⲧⲣⲁ,μιτρα
ⲙⲛⲏⲙⲏ,μνημη
ⲙⲛⲧⲣⲉⲩⲉ,μετρευω
ⲙⲟⲅⲓⲥ,μογις
ⲙⲟⲇⲓⲟⲛ,μοδιος
ⲙⲟⲓⲣⲁ,μοιρα
ⲙⲟⲓⲭⲉⲓⲁ,μοιχεια
ⲙⲟⲓⲭⲟⲥ,μοιχος
ⲙⲟⲗⲟⲭⲏ,μαλαχη
ⲙⲟⲛⲁⲍⲉⲓ,μοναζω
ⲙⲟⲛⲁⲣⲭⲏⲥ,μοναρχης
ⲙⲟⲛⲁⲣⲭⲓⲁ,μοναρχια
ⲙⲟⲛⲁⲥ,μονας
ⲙⲟⲛⲁⲥⲧⲏⲣⲓⲟⲛ,μοναστηριον
ⲙⲟⲛⲁⲭⲟⲥ,μοναχος
ⲙⲟⲛⲏ,μονη
ⲙⲟⲛⲑⲩⲗⲟⲥ,μονθυλος
ⲙⲟⲛⲟⲅⲉⲛⲏⲥ,μονογενης
ⲙⲟⲛⲟⲕⲗⲁⲇⲟⲥ,μονοκλαδος
ⲙⲟⲛⲟⲙⲟⲓⲣⲉⲓⲁ,μονομοιρια
ⲙⲟⲛⲟⲛ,μονον
ⲙⲟⲣⲓⲟⲛ,μοριον
ⲙⲟⲣⲥⲏⲛⲉ,μυρσινη
ⲙⲟⲣⲥⲏⲛⲏ,μυρσινη
ⲙⲟⲣⲫⲏ,μορφη
ⲙⲟⲩⲗⲗⲁ,μουλα
ⲙⲟⲩⲥⲓⲕⲉ,μουζικιον
ⲙⲟⲩⲥⲓⲕⲟⲛ,μουσικος
ⲙⲟⲩⲥⲭⲁⲧⲉⲛ,μοσχατον
ⲙⲟⲩⲥⲭⲁⲧⲱⲛ,μοσχατον
ⲙⲟⲭⲗⲟⲥ,μοχλος
ⲙⲡⲗⲁⲥⲧⲣⲟⲛ,εμπλαστρον
ⲙⲡⲟⲇⲓⲍⲉ,εμποδιζω
ⲙⲡⲣⲉⲡⲉ,εμπρεπω
ⲙⲩⲣⲓⲁⲣⲭⲟⲥ,μυριαρχος
ⲙⲩⲥⲧⲏⲣⲓⲟⲛ,μυστηριον
ⲙⲱⲁⲃⲓⲧⲏⲥ,μωαβιτης
ⲙⲱⲗⲏⲃⲟⲩ,μολιβος
ⲙⲱⲛⲁⲭⲏ,μοναχη
ⲛⲁⲍⲁⲣⲏⲛⲟⲥ,ναζαρηνος
ⲛⲁⲍⲱⲣⲁⲓⲟⲥ,ναζωραιος
ⲛⲁⲓ,ναι
ⲛⲁⲟⲥ,ναος
ⲛⲁⲣⲇⲓⲝ,ναρθηξ
ⲛⲁⲣⲇⲟⲥ,ναρδος
ⲛⲁⲣⲇⲟⲥⲧⲁⲭⲟⲥ,ναρδοσταχυς
ⲛⲁⲣⲧⲟⲥ,ναρδος
ⲛⲁⲩⲕⲗⲏⲣⲟⲥ,ναυκληρος
ⲛⲉⲁⲛⲓⲥⲕⲟⲥ,νεανισκος
ⲛⲉⲕⲣⲱⲥⲓⲥ,νεκρωσις
ⲛⲉⲙⲉⲓ,νεμω
ⲛⲉⲩⲣⲟⲛ,νευρον
ⲛⲏ,ναι
ⲛⲏⲥⲟⲥ,νησος
ⲛⲏⲥⲧⲉⲓⲁ,νηστεια
ⲛⲏⲥⲧⲉⲩⲉ,νηστευω
ⲛⲏⲫⲉ,νηφω
ⲛⲓⲕⲁ,νικη
ⲛⲓⲕⲉⲁ,νικαια
ⲛⲓⲕⲏ,νικη
ⲛⲓⲕⲟⲫⲟⲣⲟⲥ,νικοφορος
ⲛⲓⲛⲉⲩⲏⲓⲧⲏⲥ,νινευιτης
ⲛⲓⲧⲣⲟⲛ,νιτρον
ⲛⲓⲧⲣⲟⲩ,νιτρον
ⲛⲓⲯⲓⲥ,νιψις
ⲛⲟⲉⲓ,νοεω
ⲛⲟⲉⲣⲁ,νοερος
ⲛⲟⲉⲣⲟⲛ,νοερος
ⲛⲟⲉⲣⲟⲥ,νοερος
ⲛⲟⲏⲙⲁ,νοημα
ⲛⲟⲏⲥⲓⲥ,νοησις
ⲛⲟⲏⲧⲟⲛ,νοητος
ⲛⲟⲏⲧⲟⲥ,νοητος
ⲛⲟⲙⲏ,νομη
ⲛⲟⲙⲓⲍⲟⲛ,νομιζω
ⲛⲟⲙⲓⲕⲟⲛ,νομικος
ⲛⲟⲙⲓⲕⲟⲥ,νομικος
ⲛⲟⲙⲓⲙⲱⲥ,νομιμος
ⲛⲟⲙⲓⲥⲙⲁ,νομισμα
ⲛⲟⲙⲟⲇⲓⲇⲁⲥⲕⲁⲗⲟⲥ,νομοδιδασκαλος
ⲛⲟⲙⲟⲏⲑⲏⲥⲓⲥ,νομοθετησις
ⲛⲟⲙⲟⲑⲉⲧⲏⲥ,νομοθετης
ⲛⲟⲙⲟⲑⲉⲧⲓ,νομοθετεω
ⲛⲟⲙⲟⲑⲩⲥⲓⲁ,νομοθεσια
ⲛⲟⲙⲟⲥ,νομος
ⲛⲟⲟⲛ,νους
ⲛⲟⲡⲓⲟⲥ,νουβαιος
ⲛⲟⲧⲁⲣⲓⲟⲥ,νοταριος
ⲛⲟⲩⲑⲉⲧⲉⲓ,νουθετεω
ⲛⲟⲩⲙⲉⲣⲟⲛ,νουμερον
ⲛⲟⲩⲙⲟⲥ,νουμμος
ⲛⲟⲩⲥ,νους
ⲛⲩⲕⲏⲥⲓⲥ,νικησις
ⲛⲩⲙⲫⲏ,νυμφη
ⲛⲩⲙⲫⲓⲟⲥ,νυμφιος
ⲛⲩⲙⲫⲱⲛ,νυμφων
ⲛⲩⲙⲯⲓⲥ,νηψις
ⲛⲩⲥⲁⲉⲩⲥ,νυσαευς
ⲝ(ⲉⲥⲧⲏⲥ),ξεστης
ⲝⲉⲛⲉⲓⲟⲥ,ξενιος
ⲝⲉⲛⲓⲕⲟⲥ,ξενικος
ⲝⲉⲛⲓⲟⲛ,ξενιον
ⲝⲉⲥⲧⲏⲥ,ξεστης
ⲝⲏⲗⲟⲛ,ξυλον
ⲝⲩⲣⲟⲛ,ξηρον
ⲟⲃⲣⲩⲍⲟⲛ,οβρυζος
ⲟⲅⲇⲟⲁⲥ,ογδοας
ⲟⲓⲕⲉⲓⲟⲩⲥⲑⲁⲓ,οικεω
ⲟⲓⲕⲟⲇⲉⲥⲡⲟⲧⲏⲥ,οικοδεσποτης
ⲟⲓⲕⲟⲇⲟⲙⲟⲥ,οικοδομος
ⲟⲓⲕⲟⲑⲉⲛ,οικοθεν
ⲟⲓⲕⲟⲛⲟⲙⲉⲓ,οικονομεω
ⲟⲓⲕⲟⲛⲟⲙⲓⲁ,οικονομια
ⲟⲓⲕⲟⲛⲟⲙⲟⲥ,οικονομος
ⲟⲓⲕⲟⲥ,οικος
ⲟⲓⲕⲟⲥⲕⲉⲩⲏ,οικοσκευη
ⲟⲓⲕⲟⲩⲙⲉⲛⲏ,οικουμενη
ⲟⲓⲛⲟⲩ,οινος
ⲟⲕⲧⲟⲏⲥ,ογδοος
ⲟⲗⲓⲅⲱⲣⲉⲓ,ολιγωρεω
ⲟⲗⲓⲕⲉ,ολιγοω
ⲟⲗⲗⲁⲣⲓⲟⲛ,οραριον
ⲟⲙⲟⲓⲱⲥ,ομοιως
ⲟⲙⲟⲩ,ομου
ⲟⲛⲟⲙⲁⲍⲉ,ονομαζω
ⲟⲛⲟⲙⲁⲥⲓⲁ,ονομασια
ⲟⲛⲟⲙⲁⲥⲧⲟⲥ,ονομαστος
ⲟⲛⲧⲱⲥ,οντως
ⲟⲝⲏⲥ,οξος
ⲟⲝⲟⲥ,οξος
ⲟⲡⲉⲣ,οσπερ
ⲟⲡⲓⲕⲟⲛ,οπικος
ⲟⲡⲓⲟⲛ,οπιον
ⲟⲡⲓⲟⲩ,οπιον
ⲟⲡⲓⲥⲱ,οπισω
ⲟⲡⲧⲁⲥⲓⲁ,οπτασια
ⲟⲡⲱⲣⲁ,οπωρα
ⲟⲣⲁⲝ,αραξ
ⲟⲣⲅⲁⲛⲟⲛ,οργανον
ⲟⲣⲅⲏ,οργη
ⲟⲣⲇⲓⲛⲟⲛ,ορδινον
ⲟⲣⲑⲏⲥⲓⲥ,ορθιησις
ⲟⲣⲑⲟⲇⲟⲝⲟⲥ,ορθοδοξος
ⲟⲣⲑⲟⲛ,ορθος
ⲟⲣⲑⲱⲧⲱⲕⲝⲏⲓⲁ,ορθοδοξια
ⲟⲣⲓⲕⲁⲛⲟⲛ,οριγανον
ⲟⲣⲕⲟⲥ,ορκος
ⲟⲣⲟⲃⲟⲩ,οροβος
ⲟⲣⲫⲁⲛⲟⲥ,ορφανος
ⲟⲣⲭⲉⲓ,ορχεομαι
ⲟⲣⲭⲟⲥ,ορχος
ⲟⲩⲁ,ουα
ⲟⲩⲁⲓ,ουαι
ⲟⲩⲇⲉ,ουδε
ⲟⲩⲉⲓⲉⲛⲓⲛ,ιων
ⲟⲩⲏⲗⲟⲛ,βηλον
ⲟⲩⲕⲉⲧⲓ,ουκετι
ⲟⲩⲕⲟⲩⲛ,ουκουν
ⲟⲩⲛ,ουν
ⲟⲩⲣⲁⲛⲓⲟⲛ,ουρανιος
ⲟⲩⲣⲁⲛⲟⲥ,ουρανος
ⲟⲩⲥⲓⲁ,ουσια
ⲟⲩⲥⲓⲁⲣⲭⲏⲥ,ουσιαρχης
ⲟⲩⲭⲓ,ουχι
ⲟⲫⲑⲁⲗⲙⲓⲁ,οφθαλμια
ⲟⲭⲉⲙⲁ,οχημα
ⲟⲭⲗⲏⲥⲓⲥ,οχλησις
ⲟⲭⲗⲟⲥ,οχλος
ⲡⲁⲅⲁⲛⲟⲥ,παγανος
ⲡⲁⲑⲉⲓ,πασχω
ⲡⲁⲑⲟⲥ,παθος
ⲡⲁⲑⲩⲥⲓⲥ,παθησις
ⲡⲁⲓⲅⲛⲓⲟⲛ,παιγνιον
ⲡⲁⲓⲇⲉⲩⲉ,παιδευω
ⲡⲁⲓⲇⲓⲁ,παιδεια
ⲡⲁⲕⲁⲛⲟⲥ,παγανος
ⲡⲁⲕⲧⲟⲛ,πακτον
ⲡⲁⲗⲁⲓⲁ,παλαιος
ⲡⲁⲗⲁⲥⲧⲓⲛⲓⲁⲛⲟⲥ,παλαιστιανος
ⲡⲁⲗⲁⲧⲓⲛⲟⲥ,παλατινος
ⲡⲁⲗⲓⲛ,παλιν
ⲡⲁⲗⲗⲁⲕⲏ,παλλακη
ⲡⲁⲗⲗⲁⲧⲓⲟⲛ,παλατιον
ⲡⲁⲙⲙⲏⲧⲱⲣ,παμμητωρ
ⲡⲁⲛⲁⲅⲓⲟⲥ,παναγιος
ⲡⲁⲛⲁⲣⲉ,παναριον
ⲡⲁⲛⲅⲉⲛⲉⲧⲱⲣ,πανγενετωρ
ⲡⲁⲛⲅⲉⲛⲓⲁ,πανγενια
ⲡⲁⲛⲅⲛⲱⲥⲓⲥ,πανγνωσις
ⲡⲁⲛⲇⲏⲗⲟⲥ,πανδηλος
ⲡⲁⲛⲇⲓⲁ,πανδια
ⲡⲁⲛⲇⲟⲩⲣⲁ,πανδουρα
ⲡⲁⲛⲇⲩⲛⲁⲙⲓⲥ,πανδυναμις
ⲡⲁⲛⲉⲩⲫⲏⲙⲟⲥ,πανευφημος
ⲡⲁⲛⲏⲣⲉⲙⲟⲥ,πανηρεμος
ⲡⲁⲛⲑⲏⲣ,πανθηρ
ⲡⲁⲛⲙⲩⲥⲧⲏⲣⲓⲟⲛ,πανμυστηριον
ⲡⲁⲛⲟⲥⲓⲟⲥ,πανοσιος
ⲡⲁⲛⲟⲩⲣⲅⲓⲁ,πανουργια
ⲡⲁⲛⲟⲩⲣⲅⲟⲥ,πανουργος
ⲡⲁⲛⲟⲩⲥⲓⲟⲥ,πανουσιος
ⲡⲁⲛⲡⲏⲅⲏ,πανπηγη
ⲡⲁⲛⲥⲟⲫⲟⲥ,πανσοφος
ⲡⲁⲛⲧⲉⲗⲏⲥ,παντελης
ⲡⲁⲛⲧⲉⲗⲓⲟⲛ,παντελειος
ⲡⲁⲛⲧⲉⲗⲓⲟⲥ,παντελειος
ⲡⲁⲛⲧⲟⲇⲩⲛⲁⲙⲓⲥ,παντοδυναμις
ⲡⲁⲛⲧⲟⲇⲩⲛⲁⲙⲟⲥ,παντοδυναμος
ⲡⲁⲛⲧⲟⲕⲣⲁⲧⲱⲣ,παντοκρατωρ
ⲡⲁⲛⲧⲟⲙⲟⲣⲫⲟⲥ,παντομορφος
ⲡⲁⲛⲧⲟⲡⲁⲧⲱⲣ,παντοπατωρ
ⲡⲁⲛⲧⲟⲭⲓⲟⲛ,πανδοχειον
ⲡⲁⲛⲧⲱⲥ,παντως
ⲡⲁⲛⲹⲁⲅⲛⲟⲛ,παναγνος
ⲡⲁⲛⲹⲟⲗⲱⲛ,πανολον
ⲡⲁⲛⲹⲟⲡⲗⲓⲁ,πανοπλια
ⲡⲁⲡⲁⲥ,παπας
ⲡⲁⲣⲁ,παρα
ⲡⲁⲣⲁⲃⲁ,παραβαινω
ⲡⲁⲣⲁⲃⲁⲥⲓⲁ,παραβασια
ⲡⲁⲣⲁⲃⲁⲥⲓⲥ,παραβασις
ⲡⲁⲣⲁⲃⲁⲧⲏⲥ,παραβατης
ⲡⲁⲣⲁⲃⲉⲛⲓⲛ,παραβαινω
ⲡⲁⲣⲁⲃⲟⲗⲁⲟⲩⲓ,παραβολη
ⲡⲁⲣⲁⲃⲟⲗⲏ,παραβολη
ⲡⲁⲣⲁⲅⲅⲉⲓⲗⲉ,παραγγελλω
ⲡⲁⲣⲁⲅⲅⲉⲗⲓⲁ,παραγγελια
ⲡⲁⲣⲁⲅⲉ,παραγω
ⲡⲁⲣⲁⲅⲓⲛ,παραγω
ⲡⲁⲣⲁⲅⲣⲁⲫⲏ,παραγραφη
ⲡⲁⲣⲁⲇⲉⲓⲥⲟⲥ,παραδεισος
ⲡⲁⲣⲁⲇⲉⲭⲉ,παραδεχομαι
ⲡⲁⲣⲁⲇⲓⲅⲙⲁ,παραδειγμα
ⲡⲁⲣⲁⲇⲓⲇⲟⲩ,παραδιδωμι
ⲡⲁⲣⲁⲇⲓⲥⲟⲥ,παραδεισος
ⲡⲁⲣⲁⲇⲟⲝⲟⲛ,παραδοξος
ⲡⲁⲣⲁⲇⲟⲝⲟⲥ,παραδοξος
ⲡⲁⲣⲁⲇⲟⲥⲓⲥ,παραδοσις
ⲡⲁⲣⲁⲑⲏⲕⲏ,παραθηκη
ⲡⲁⲣⲁⲓⲧⲉⲓ,παραιτεομαι
ⲡⲁⲣⲁⲕⲁⲗⲉⲓ,παρακαλεω
ⲡⲁⲣⲁⲕⲁⲗⲉⲓⲥⲑⲁⲓ,παρακαλεω
ⲡⲁⲣⲁⲕⲗⲏⲥⲓⲥ,παρακλησις
ⲡⲁⲣⲁⲕⲗⲏⲧⲓⲕⲟⲛ,παρακλητικος
ⲡⲁⲣⲁⲕⲗⲏⲧⲟⲛ,παρακλητος
ⲡⲁⲣⲁⲕⲗⲏⲧⲟⲥ,παρακλητος
ⲡⲁⲣⲁⲕⲟⲗⲟⲩⲑⲏⲥⲓⲥ,παρακολουθησις
ⲡⲁⲣⲁⲗⲁⲗⲓⲍⲉ,παραλλασσω
ⲡⲁⲣⲁⲗⲁⲙⲃⲁⲛⲉ,παραλαμβανω
ⲡⲁⲣⲁⲗⲏⲙⲡⲧⲏⲥ,παραλημπτης
ⲡⲁⲣⲁⲗⲏⲙⲡⲧⲱⲣ,παραλημπτωρ
ⲡⲁⲣⲁⲗⲓⲁ,παραλια
ⲡⲁⲣⲁⲗⲗⲁⲥⲥⲉ,παραλλασσω
ⲡⲁⲣⲁⲗⲟⲅⲟⲛ,παραλογος
ⲡⲁⲣⲁⲙⲉⲓⲛⲉ,παραμενω
ⲡⲁⲣⲁⲙⲟⲛⲏ,παραμονη
ⲡⲁⲣⲁⲙⲩⲑⲓⲁ,παραμυθια
ⲡⲁⲣⲁⲛⲟⲙⲉⲓ,παρανομεω
ⲡⲁⲣⲁⲛⲟⲙⲓⲁ,παρανομια
ⲡⲁⲣⲁⲛⲟⲙⲟⲛ,παρανομος
ⲡⲁⲣⲁⲛⲟⲙⲟⲥ,παρανομος
ⲡⲁⲣⲁⲡⲉⲧⲁⲥⲙⲁ,παραπετασμα
ⲡⲁⲣⲁⲡⲟⲧⲁⲙⲓⲁ,παραποταμιος
ⲡⲁⲣⲁⲡⲧⲱⲙⲁ,παραπτωμα
ⲡⲁⲣⲁⲥⲕⲉⲩⲏ,παρασκευη
ⲡⲁⲣⲁⲥⲧⲁⲧⲉⲓ,παραστατεω
ⲡⲁⲣⲁⲥⲧⲁⲧⲏⲥ,παραστατης
ⲡⲁⲣⲁⲧⲁⲝⲓⲥ,παραταξις
ⲡⲁⲣⲁⲧⲏⲣⲓ,παρατηρεω
ⲡⲁⲣⲁⲧⲓⲅⲙⲁⲧⲓⲍⲉ,παραδειγματιζω
ⲡⲁⲣⲁⲧⲓⲛⲉ,παρατεινω
ⲡⲁⲣⲁⲫⲣⲁⲥⲓⲥ,παραφρασις
ⲡⲁⲣⲁⲫⲣⲱⲛ,παραφρων
ⲡⲁⲣⲁⲫⲩⲥⲓⲥ,παραφυσις
ⲡⲁⲣⲁⲭⲓⲙⲁⲍⲉ,παραχειμαζω
ⲡⲁⲣⲁⲭⲱⲣⲉⲓ,παραχωρεω
ⲡⲁⲣⲁⲭⲱⲣⲓⲛ,παραχωρεω
ⲡⲁⲣⲇⲁⲗⲓⲥ,παρδαλις
ⲡⲁⲣⲉⲗⲑⲉ,παρερχομαι
ⲡⲁⲣⲉⲙⲃⲟⲗⲏ,παρεμβολη
ⲡⲁⲣⲉⲟⲛ,παλαιος
ⲡⲁⲣⲑⲉⲛⲏ,παρθενος
ⲡⲁⲣⲑⲉⲛⲓⲁ,παρθενεια
ⲡⲁⲣⲑⲉⲛⲓⲕⲏ,παρθενικος
ⲡⲁⲣⲑⲉⲛⲓⲕⲟⲛ,παρθενικος
ⲡⲁⲣⲑⲉⲛⲟⲥ,παρθενος
ⲡⲁⲣⲑⲉⲛⲱⲛ,παρθενων
ⲡⲁⲣⲑⲟⲥ,παρθος
ⲡⲁⲣⲓⲥⲑⲙⲓⲟⲛ,παρισθμιον
ⲡⲁⲣⲟⲓⲕⲏⲥⲓⲥ,παροικησις
ⲡⲁⲣⲟⲝⲩⲥⲙⲟⲥ,παροξυσμος
ⲡⲁⲣⲟⲣⲁ,παροραω
ⲡⲁⲣⲟⲩⲥⲓⲁ,παρουσια
ⲡⲁⲣⲣⲏⲥⲓⲁ,παρρησια
ⲡⲁⲣⲱⲝⲩⲛⲉ,παροξυνω
ⲡⲁⲣⲹⲓⲥⲧⲁ,παριστανω
ⲡⲁⲣⲹⲟⲓⲙⲓⲁ,παροιμια
ⲡⲁⲣⲹⲩⲙⲓⲁⲥⲧⲏⲥ,παροιμιαστης
ⲡⲁⲥⲧⲟⲥ,παστος
ⲡⲁⲥⲧⲟⲫⲟⲣⲓⲟⲛ,παστοφοριον
ⲡⲁⲥⲭⲁ,πασχα
ⲡⲁⲧⲁⲥⲥⲉ,πατασσω
ⲡⲁⲧⲉⲓ,πατεω
ⲡⲁⲧⲣⲓⲁ,πατρια
ⲡⲁⲧⲣⲓⲁⲣⲭⲏⲥ,πατριαρχης
ⲡⲁⲧⲣⲓⲥ,πατρις
ⲡⲉⲇⲏ,πεδη
ⲡⲉⲓⲑⲉ,πειθω
ⲡⲉⲓⲣⲁⲍⲉ,πειραζω
ⲡⲉⲓⲣⲁⲥⲙⲟⲥ,πειρασμος
ⲡⲉⲓⲣⲁⲧⲏⲣⲓⲟⲛ,πειρατηριον
ⲡⲉⲗⲁⲅⲟⲥ,πελαγος
ⲡⲉⲗⲙⲁ,πελμα
ⲡⲉⲙⲡⲧⲉ,πεμπτος
ⲡⲉⲛⲁⲅⲓⲥ,πινακις
ⲡⲉⲛⲑⲉⲓ,πενθεω
ⲡⲉⲛⲑⲟⲥ,πενθος
ⲡⲉⲛⲧⲁⲥ,πεντας
ⲡⲉⲛⲧⲉⲕⲟⲛⲧⲁⲣⲭⲟⲥ,πεντηκονταρχος
ⲡⲉⲛⲧⲏⲕⲟⲥⲧⲏ,πεντηκοστη
ⲡⲉⲡⲗⲏⲙⲙⲉⲛⲏⲥ,πλυνω
ⲡⲉⲣⲓⲁⲅⲉ,περιαγω
ⲡⲉⲣⲓⲅⲣⲁⲫⲏ,περιγραφη
ⲡⲉⲣⲓⲇⲱⲛ,πιεριδες
ⲡⲉⲣⲓⲍⲱⲙⲁ,περιζωμα
ⲡⲉⲣⲓⲕⲁⲑⲁⲣⲙⲁ,περικαθαρμα
ⲡⲉⲣⲓⲕⲁⲕⲉⲓ,περικακεω
ⲡⲉⲣⲓⲕⲉⲫⲁⲗⲁⲓⲁ,περικεφαλαια
ⲡⲉⲣⲓⲕⲟⲡⲏ,περικοπη
ⲡⲉⲣⲓⲟⲇⲟⲥ,περιοδος
ⲡⲉⲣⲓⲟⲩⲣⲅⲟⲥ,περιουργος
ⲡⲉⲣⲓⲟⲩⲥⲓⲁ,περιουσια
ⲡⲉⲣⲓⲟⲭⲏ,περιοχη
ⲡⲉⲣⲓⲥⲟⲛ,περισσος
ⲡⲉⲣⲓⲥⲡⲁⲥⲙⲟⲥ,περισπασμος
ⲡⲉⲣⲓⲥⲥⲟⲛ,περισσος
ⲡⲉⲣⲓⲥⲧⲉ,περιστερα
ⲡⲉⲣⲓⲥⲧⲉⲣⲉⲱⲛ,περιστερεων
ⲡⲉⲣⲓⲥⲧⲉⲣⲉⲱⲛⲟⲥ,περιστερεων
ⲡⲉⲣⲓⲭⲉ,περιχεω
ⲡⲉⲣⲓⲭⲣⲉ,περιχριω
ⲡⲉⲣⲓⲭⲣⲓⲁ,περιχριω
ⲡⲉⲣⲓⲭⲱⲣⲟⲥ,περιχωρος
ⲡⲉⲣⲡⲉⲣⲟⲥ,περπερος
ⲡⲉⲣⲥⲏⲥ,περσης
ⲡⲉⲣⲥⲟⲥ,περσος
ⲡⲉⲣⲥⲧⲉⲣⲉⲱⲙⲁ,περιστερεωμα
ⲡⲉⲧⲁⲗⲟⲛ,πεταλον
ⲡⲉⲧⲓⲉⲓⲛⲏⲥ,πιτυⲓνον
ⲡⲉⲧⲣⲁ,πετρα
ⲡⲏⲅⲏ,πηγη
ⲡⲏⲣⲁ,πηρα
ⲡⲏⲥⲓⲥⲏⲣⲁⲥ,πισσα
ⲡⲏⲥⲥⲉ,πησσω
ⲡⲓⲑⲉⲥⲑⲁⲓ,πειθω
ⲡⲓⲑⲟⲥ,πιθος
ⲡⲓⲕⲣⲓⲁ,πικρια
ⲡⲓⲛⲁⲅⲓⲥ,πινακις
ⲡⲓⲛⲁⲝ,πιναξ
ⲡⲓⲡⲉⲣ,πιπερ
ⲡⲓⲡⲉⲣⲱⲥ,πιπερ
ⲡⲓⲣⲁⲍⲓⲛ,πειραζω
ⲡⲓⲥⲧⲉⲩⲉ,πιστευω
ⲡⲓⲥⲧⲉⲩⲓⲛ,πιστευω
ⲡⲓⲥⲧⲏ,πιστος
ⲡⲓⲥⲧⲓⲕⲏ,πιστικος
ⲡⲓⲥⲧⲓⲥ,πιστις
ⲡⲓⲥⲧⲟⲛ,πιστος
ⲡⲓⲥⲧⲟⲥ,πιστος
ⲡⲓⲥⲧⲟⲩ,πιστοω
ⲡⲓⲧⲁⲕⲓⲟⲛ,πιττακιον
ⲡⲗⲁⲛⲁ,πλαναω
ⲡⲗⲁⲛⲁⲥⲑⲁⲓ,πλαναω
ⲡⲗⲁⲛⲁⲥⲑⲉ,πλαναω
ⲡⲗⲁⲛⲏ,πλανη
ⲡⲗⲁⲛⲏⲧⲏⲥ,πλανητης
ⲡⲗⲁⲛⲟⲥ,πλανος
ⲡⲗⲁⲝ,πλαξ
ⲡⲗⲁⲥⲓⲥ,πλασις
ⲡⲗⲁⲥⲙⲁ,πλασμα
ⲡⲗⲁⲥⲥⲉ,πλασσω
ⲡⲗⲁⲥⲧⲏⲥ,πλαστης
ⲡⲗⲁⲥⲧⲟⲛ,πλαστος
ⲡⲗⲁⲧⲁⲛⲟⲥ,πλατανος
ⲡⲗⲁⲧⲉⲓⲁ,πλατεια
ⲡⲗⲁⲧⲏⲣⲉ,πλατηριον
ⲡⲗⲉⲁ,πλεαω
ⲡⲗⲉⲟⲛⲉⲕⲧⲏⲙⲁ,πλεονεκτημα
ⲡⲗⲉⲟⲛⲹⲉⲕⲧⲏⲥ,πλεονεκτης
ⲡⲗⲉⲣⲟⲫⲟⲣⲓⲁ,πληροφορια
ⲡⲗⲏⲅⲏ,πληγη
ⲡⲗⲏⲕⲧⲣⲟⲛ,πληκτρον
ⲡⲗⲏⲛ,πλην
ⲡⲗⲏⲣⲉⲥ,πληρης
ⲡⲗⲏⲣⲟⲩ,πληροω
ⲡⲗⲏⲣⲟⲫⲟⲣⲉⲓ,πληροφορεω
ⲡⲗⲏⲣⲟⲫⲟⲣⲉⲓⲥⲑⲁⲓ,πληροφορεω
ⲡⲗⲏⲣⲱⲙⲁ,πληρωμα
ⲡⲗⲏⲣⲱⲥⲓⲥ,πληρωσις
ⲡⲗⲏⲥⲥⲉ,πλησσω
ⲡⲗⲟⲩⲥⲓⲟⲥ,πλουσιος
ⲡⲗⲟⲩⲧⲱⲛⲓⲟⲥ,πλουτωνιος
ⲡⲗⲩⲅⲏ,πληγη
ⲡⲛⲉⲩⲙⲁ,πνευμα
ⲡⲛⲉⲩⲙⲁⲧⲓⲕⲏ,πνευματικος
ⲡⲛⲉⲩⲙⲁⲧⲓⲕⲟⲛ,πνευματικος
ⲡⲛⲉⲩⲙⲁⲧⲓⲕⲟⲥ,πνευματικος
ⲡⲛⲉⲩⲙⲁⲧⲓⲕⲱⲥ,πνευματικως
ⲡⲛⲉⲩⲙⲁⲧⲟⲫⲟⲣⲟⲥ,πνευματοφορος
ⲡⲛⲉⲩⲙⲱⲛ,πνευμων
ⲡⲛⲟⲏ,πνοη
ⲡⲟⲇⲏⲣⲏ,ποδηρης
ⲡⲟⲇⲟⲛⲓⲡⲧⲏⲣ,ποδονιπτηρ
ⲡⲟⲓⲏⲥⲓⲥ,ποιησις
ⲡⲟⲓⲏⲧⲏⲥ,ποιητης
ⲡⲟⲓⲙⲏⲛ,ποιμην
ⲡⲟⲗⲉⲙⲉⲓ,πολεμεω
ⲡⲟⲗⲉⲙⲓⲕⲟⲛ,πολεμικος
ⲡⲟⲗⲉⲙⲓⲟⲥ,πολεμιος
ⲡⲟⲗⲉⲙⲓⲥⲧⲏⲥ,πολεμιστης
ⲡⲟⲗⲉⲙⲟⲥ,πολεμος
ⲡⲟⲗⲓⲥ,πολις
ⲡⲟⲗⲓⲧⲉⲓⲁ,πολιτεια
ⲡⲟⲗⲓⲧⲉⲩⲉ,πολιτευω
ⲡⲟⲗⲓⲧⲉⲩⲉⲥⲑⲁⲓ,πολιτευω
ⲡⲟⲗⲓⲧⲉⲩⲙⲁ,πολιτευμα
ⲡⲟⲗⲓⲧⲉⲩⲧⲏⲥ,πολιτευτης
ⲡⲟⲗⲓⲧⲏⲥ,πολιτης
ⲡⲟⲗⲗⲁⲕⲓⲥ,πολλακις
ⲡⲟⲗⲩⲅⲟⲛⲟⲛ,πολυγονον
ⲡⲟⲗⲩⲙⲁⲣⲭⲏⲥ,πολεμαρχης
ⲡⲟⲛⲏⲣⲁ,πονηρος
ⲡⲟⲛⲏⲣⲉⲩⲉ,πονηρευω
ⲡⲟⲛⲏⲣⲓⲁ,πονηρια
ⲡⲟⲛⲏⲣⲟⲛ,πονηρος
ⲡⲟⲛⲏⲣⲟⲥ,πονηρος
ⲡⲟⲣⲛⲉⲓⲁ,πορνεια
ⲡⲟⲣⲛⲉⲩⲉ,πορνευω
ⲡⲟⲣⲛⲏ,πορνη
ⲡⲟⲣⲛⲓⲕⲟⲛ,πορνικος
ⲡⲟⲣⲛⲓⲟⲛ,πορνειον
ⲡⲟⲣⲛⲟⲕⲟⲡⲟⲥ,πορνοκοπος
ⲡⲟⲣⲛⲟⲥ,πορνος
ⲡⲟⲣⲫⲩⲣⲁ,πορφυρα
ⲡⲟⲥⲓⲇⲱⲛ,ποσειδων
ⲡⲟⲧⲁⲕⲓⲟⲛ,ποδακιον
ⲡⲟⲧⲁⲙⲟⲥ,ποταμος
ⲡⲟⲧⲉⲣⲟⲥ,ποτερος
ⲡⲟⲧⲏⲣⲓⲟⲛ,ποτηριον
ⲡⲣⲁⲅⲙⲁ,πραγμα
ⲡⲣⲁⲅⲙⲁⲧⲁ,πραγμα
ⲡⲣⲁⲅⲙⲁⲧⲉⲩⲉⲥⲑⲁⲓ,πραγματευομαι
ⲡⲣⲁⲅⲙⲁⲧⲉⲩⲧⲏⲥ,πραγματευτης
ⲡⲣⲁⲅⲙⲁⲧⲓⲁ,πραγματεια
ⲡⲣⲁⲓⲧⲁ,πραιδευω
ⲡⲣⲁⲓⲧⲉⲓ,πραιδα
ⲡⲣⲁⲓⲧⲱⲣⲓⲟⲛ,πραιτωριον
ⲡⲣⲁⲕⲧⲓⲕⲟⲛ,πρακτικος
ⲡⲣⲁⲝⲓⲥ,πραξις
ⲡⲣⲁⲥⲓⲥ,πρασις
ⲡⲣⲁⲥⲥⲁ,πρασσω
ⲡⲣⲁⲥⲥⲉ,πρασσω
ⲡⲣⲁⲧⲧⲉⲥⲑⲁⲓ,πρασσω
ⲡⲣⲉⲡⲉⲓ,πρεπⲱ
ⲡⲣⲉⲡⲟⲛ,πρεπⲱ
ⲡⲣⲉⲡⲟⲥⲓⲧⲟⲥ,πραιποσιτος
ⲡⲣⲉⲥⲃⲉⲓⲁ,πρεσβεια
ⲡⲣⲉⲥⲃⲉⲩⲉ,πρεσβευω
ⲡⲣⲉⲥⲃⲉⲩⲧⲏⲥ,πρεσβευτης
ⲡⲣⲉⲥⲃⲩⲧⲉⲣⲟⲥ,πρεσβυτερος
ⲡⲣⲟⲁⲓⲥⲧⲓⲟⲛ,προαστιον
ⲡⲣⲟⲁⲡⲁⲧⲱⲣ,προαπατωρ
ⲡⲣⲟⲃⲁⲗⲉ,προβαλλω
ⲡⲣⲟⲃⲁⲧⲓⲕⲏ,προβατικος
ⲡⲣⲟⲃⲗⲏⲙⲁ,προβλημα
ⲡⲣⲟⲃⲟⲗⲏ,προβολη
ⲡⲣⲟⲃⲟⲗⲟⲟⲩⲉ,προβολη
ⲡⲣⲟⲅⲉⲛⲉⲥⲧⲉⲣⲟⲛ,προγενεστερος
ⲡⲣⲟⲅⲉⲛⲏⲧⲱⲣ,προγεννητωρ
ⲡⲣⲟⲅⲛⲱⲥⲓⲥ,προγνωσις
ⲡⲣⲟⲇⲓⲇⲟⲩ,προδιδω
ⲡⲣⲟⲇⲟⲇⲓⲁⲕⲟⲛⲟⲥ,πρωτοδιακονος
ⲡⲣⲟⲇⲟⲧⲏⲥ,προδοτης
ⲡⲣⲟⲇⲣⲟⲙⲟⲥ,προδρομος
ⲡⲣⲟⲉⲗⲑⲉ,προελθε
ⲡⲣⲟⲉⲙⲏⲛⲉⲩⲉ,προμηνυω
ⲡⲣⲟⲉⲥⲧⲟⲩ,προεστως
ⲡⲣⲟⲉⲥⲧⲱⲥ,προεστως
ⲡⲣⲟⲑⲉⲥⲙⲓⲁ,προθεσμια
ⲡⲣⲟⲑⲩⲙⲓⲁ,προθυμια
ⲡⲣⲟⲑⲩⲙⲟⲥ,προθυμος
ⲡⲣⲟⲕⲓⲙⲉⲛⲟⲛ,προκειμενον
ⲡⲣⲟⲕⲟⲡⲧⲉ,προκοπτω
ⲡⲣⲟⲕⲣⲓⲙⲁⲧⲓⲍⲉ,προκριματιζω
ⲡⲣⲟⲗⲁⲙⲃⲁⲛⲉ,προλαμβανω
ⲡⲣⲟⲛⲓⲕⲟⲥ,προυνικος
ⲡⲣⲟⲛⲟⲏⲧⲏⲥ,προνοητης
ⲡⲣⲟⲛⲟⲏⲧⲟⲥ,προνοητος (ii)
ⲡⲣⲟⲛⲟⲓⲁ,προνοια
ⲡⲣⲟⲛⲟⲙⲓⲟⲛ,προνομιον
ⲡⲣⲟⲟⲛ,προων
ⲡⲣⲟⲡⲁⲧⲱⲣ,προπατωρ
ⲡⲣⲟⲡⲉⲧⲏⲥ,προπετης
ⲡⲣⲟⲥ,προς
ⲡⲣⲟⲥⲁⲃⲃⲁⲧⲟⲛ,προσαββατον
ⲡⲣⲟⲥⲇⲟⲕⲁ,προσδοκαω
ⲡⲣⲟⲥⲇⲟⲕⲉⲓ,προσδοκεω
ⲡⲣⲟⲥⲇⲟⲕⲓⲁ,προσδοκια
ⲡⲣⲟⲥⲉⲗⲑⲉ,προσερχομαι
ⲡⲣⲟⲥⲉⲛⲉⲅⲕⲉⲓ,προσφερω
ⲡⲣⲟⲥⲉⲩⲭⲉ,προσευχομαι
ⲡⲣⲟⲥⲉⲩⲭⲉⲥⲑⲁⲓ,προσευχομαι
ⲡⲣⲟⲥⲉⲩⲭⲏ,προσευχη
ⲡⲣⲟⲥⲉⲭⲉ,προσεχω
ⲡⲣⲟⲥⲑⲉⲙⲁ,προσθεμα
ⲡⲣⲟⲥⲑⲏⲣⲟⲥ,προσθυρος
ⲡⲣⲟⲥⲑⲩⲕⲏ,προσθηκη
ⲡⲣⲟⲥⲕⲁⲣⲧⲉⲣⲉⲓ,προσκαρτερεω
ⲡⲣⲟⲥⲕⲩⲛⲉⲓ,προσκυνεω
ⲡⲣⲟⲥⲕⲩⲛⲏⲥⲓⲥ,προσκυνησις
ⲡⲣⲟⲥⲕⳇ,προσκυνητης
ⲡⲣⲟⲥⲡⲟⲓⲉⲓ,προσποιεω
ⲡⲣⲟⲥⲧⲁⲥⲓⲁ,προστασια
ⲡⲣⲟⲥⲧⲁⲧⲏⲥ,προστατης
ⲡⲣⲟⲥⲧⲓⲙⲟⲛ,προστιμον
ⲡⲣⲟⲥⲫⲉⲣⲉⲓ,προσφερω
ⲡⲣⲟⲥⲫⲉⲣⲓⲛ,προσφερω
ⲡⲣⲟⲥⲫⲟⲣⲁ,προσφορα
ⲡⲣⲟⲥⲫⲱⲛⲉⲓ,προσφωνεω
ⲡⲣⲟⲥⲭⲁⲣⲓⲍⲉ,προσχαριζομαι
ⲡⲣⲟⲥⲱⲡⲟⲛ,προσωπον
ⲡⲣⲟⲧⲁⲥⲥⲉ,προτασσω
ⲡⲣⲟⲧⲉⲕⲧⲱⲣ,πρωτεκτωρ
ⲡⲣⲟⲧⲟⲅⲉⲛⲏⲧⲟⲥ,πρωτογεννητος
ⲡⲣⲟⲧⲟⲅⲉⲛⲛⲏⲧⲱⲣ,πρωτογεννητωρ
ⲡⲣⲟⲧⲟⲡⲗⲁⲥⲙⲁ,πρωτοπλασμα
ⲡⲣⲟⲧⲟⲡⲟⲗⲓⲧⲏⲥ,πρωτοπολιτης
ⲡⲣⲟⲧⲟⲫⲓⲗⲟⲥ,πρωτοφιλος
ⲡⲣⲟⲧⲣⲉⲡⲉ,προτρεπω
ⲡⲣⲟⲧⲣⲟⲡⲏ,προτροπη
ⲡⲣⲟⲧⲱⲕⲟⲗⲙⲁ,πρωτοκολλον
ⲡⲣⲟⲩⲛⲓⲕⲟⲛ,προυνικος
ⲡⲣⲟⲩⲛⲓⲕⲟⲥ,προυνικος
ⲡⲣⲟⲩⲡⲉⲣⲁⲙⲓⲁⲛⲧⲟⲥ,προυπεραμιαντος
ⲡⲣⲟⲩⲡⲉⲣⲁⲡⲉⲣⲁⲛⲧⲟⲛ,προυπεραπεραντος
ⲡⲣⲟⲩⲡⲉⲣⲁⲭⲱⲣⲏⲧⲟⲥ,προυπεραχωρητος
ⲡⲣⲟⲫⲁⲛⲉⲓⲁ,προφανεια
ⲡⲣⲟⲫⲁⲥⲓⲥ,προφασις
ⲡⲣⲟⲫⲏⲧⲉⲓⲁ,προφητεια
ⲡⲣⲟⲫⲏⲧⲉⲩⲉ,προφητευω
ⲡⲣⲟⲫⲏⲧⲉⲩⲓⲛ,προφητευω
ⲡⲣⲟⲫⲏⲧⲏⲥ,προφητης
ⲡⲣⲟⲫⲏⲧⲓⲕⲟⲛ,προφητικος
ⲡⲣⲟⲭⲉⲓⲣⲟⲛ,προχειρος
ⲡⲣⲟⲱⲛⲧⲟⲥ,προοντος
ⲡⲣⲟⲹⲁⲓⲣⲉⲥⲓⲥ,προαιρεσις
ⲡⲣⲟⲹⲓⲥⲧⲁ,προισταω
ⲡⲣⲟⲹⲟⲓⲙⲓⲟⲛ,προοιμιον
ⲡⲣⲱⲧⲁⲣⲭⲱⲛ,πρωταρχων
ⲡⲣⲱⲧⲉⲛⲛⲟⲓⲁ,πρωτεννοια
ⲡⲣⲱⲧⲏ,πρωτος
ⲡⲣⲱⲧⲓⲁ,πρωτια
ⲡⲣⲱⲧⲟⲫⲁⲛⲏⲥ,πρωτοφανης
ⲡⲣⲱⲧⲩⲙⲓⲥⲓⲥ,προτιμησις
ⲡⲥⲓⲏⲅⲉ,ψαω
ⲡⲧⲏⲣⲓ,πτερις
ⲡⲧⲏⲣⲓⲕⲟⲛ,πτερυγιον
ⲡⲧⲱⲙⲁ,πτωμα
ⲡⲩⲗⲏ,πυλη
ⲡⲩⲗⲱⲛ,πυλων
ⲡⲩⲝⲓⲟⲛ,πυξιον
ⲡⲩⲝⲟⲥ,πυξος
ⲡⲩⲣⲁ,πειρα
ⲡⲩⲣⲅⲟⲥ,πυργος
ⲡⲩⲣⲟⲩ,πυροω
ⲡⲱⲥ,πως
ⲣⲉⲿⲛⲏⲥ,ρητινη
ⲣⲏⲥⲓⲥ,ρησις
ⲣⲏⲧⲱⲣⲉⲩⲓⲛ,ρητορευω
ⲥⲁⲃⲁⲕⲁⲧⲉ,σαβακαθιον
ⲥⲁⲃⲃⲁⲧⲟⲛ,σαββατον
ⲥⲁⲇⲇⲟⲩⲕⲁⲓⲟⲥ,σαδδουκαιος
ⲥⲁⲕⲁⲙⲟⲩⲛⲓⲁ,σκαμμωνια
ⲥⲁⲕⲓⲁ,σακια
ⲥⲁⲕⲟⲕⲏⲗⲗⲏⲥ,σαρκοκολλα
ⲥⲁⲗⲁⲙⲁⲛⲇⲣⲁ,σαλαμανδρα
ⲥⲁⲗⲡⲓⲅⲅⲟⲥ,σαλπιγγος
ⲥⲁⲗⲡⲓⲅⲝ,σαλπιγξ
ⲥⲁⲗⲡⲓⲍⲉ,σαλπιζω
ⲥⲁⲙⲁⲣⲓⲧⲏⲥ,σαμαριτης
ⲥⲁⲙⲥⲟⲩⲭⲟⲥ,σαμψουχον
ⲥⲁⲛⲇⲁⲗⲓⲟⲛ,σανδαλιον
ⲥⲁⲛⲧⲁⲣⲁⲭⲏⲥ,σανδαρακη
ⲥⲁⲛⲧⲓⲕⲟⲩ,σανδυξ
ⲥⲁⲡⲡⲉⲓⲣⲓⲛⲟⲛ,σαπφειρινος
ⲥⲁⲡⲡⲓⲣⲟⲛ,σαπφειρον
ⲥⲁⲡⲡⲓⲣⲟⲥ,σαπφειρος
ⲥⲁⲣⲁⲅⲏⲛⲟⲥ,σαρακηνος
ⲥⲁⲣⲁⲕⲓⲛⲏ,σαρακηνος
ⲥⲁⲣⲁⲫⲉⲓⲛ,σεραφιμ
ⲥⲁⲣⲇⲓⲛⲟⲛ,σαρδιvον
ⲥⲁⲣⲇⲓⲟⲛ,σαρδιον
ⲥⲁⲣⲕⲁⲕⲱⲗⲉⲱⲥ,σαρκοκολλα
ⲥⲁⲣⲕⲁⲛⲏ,σαργανη
ⲥⲁⲣⲕⲓⲕⲏ,σαρκικος
ⲥⲁⲣⲕⲓⲕⲟⲛ,σαρκικος
ⲥⲁⲣⲕⲓⲕⲟⲥ,σαρκικος
ⲥⲁⲣⲕⲓⲛⲏ,σαρκινος
ⲥⲁⲣⲕⲓⲛⲟⲥ,σαρκινος
ⲥⲁⲣⲝ,σαρξ
ⲥⲁⲧⲁⲛⲁⲥ,σατανας
ⲥⲁⲧⲁⲣⲁⲕⲟⲥ,σανδαρακη
ⲥⲁⲧⲉⲉⲣⲉ,στατηρ
ⲥⲁⲫⲏⲛⲓⲍⲉ,σαφηνιζω
ⲥⲁⲫⲱⲥ,σαφως
ⲥⲉⲃⲉⲥⲑⲁⲓ,σεβομαι
ⲥⲉⲃⲏⲣⲓⲟⲛ,σεβηριον
ⲥⲉⲃⲓⲥⲧⲏ,σεβιστη (?)
ⲥⲉⲗⲏⲛⲓⲁⲍⲉ,σεληνιαζομαι
ⲥⲉⲗⲓⲛⲏ,σελινον
ⲥⲉⲙⲛⲏ,σεμνος
ⲥⲉⲙⲛⲟⲛ,σεμνος
ⲥⲉⲙⲛⲟⲥ,σεμνος
ⲥⲉⲛⲁⲗⲁⲥⲉ,συναλλασσω
ⲥⲉⲣⲁⲡⲓⲥ,σεραπις
ⲥⲏⲙⲁⲛⲉ,σημαινω
ⲥⲏⲙⲁⲥⲓⲁ,σημασια
ⲥⲏⲙⲉⲓⲟⲛ,σημειον
ⲥⲏⲙⲓⲟⲛ,σημειον
ⲥⲏⲛⲅⲕⲗⲏⲧⲓⲕⲏ,συγκλητικος
ⲥⲑⲣⲟⲩⲑⲟⲥ,στρουθος
ⲥⲓⲅⲏ,σιγη
ⲥⲓⲅⲛⲟⲛ,σιγνον
ⲥⲓⲅⲛⲟⲩⲫⲩⲗⲁⲝ,σιγνοφυλαξ
ⲥⲓⲗⲓⲕⲟⲩ,σιρικον
ⲥⲓⲙⲱⲛⲓⲁⲛⲟⲥ,σιμωνιανος
ⲥⲓⲛⲁⲡⲛ,σιναπιον
ⲥⲓⲛⲇⲱⲛ,σινδων
ⲥⲓⲛⲇⲱⲛⲓⲟⲛ,σινδονιον
ⲥⲓⲡⲡⲓⲟⲛ,σιππιον
ⲥⲓⲥⲙⲟⲥ,σεισμος
ⲥⲓⲭⲁⲛⲉ,σικχαινω
ⲥⲓⲭⲁⲛⲉⲥⲑⲁⲓ,σικχαινω
ⲥⲕⲁⲗⲁ,σκαλα
ⲥⲕⲁⲙⲟⲩⲗⲓⲁⲥ,σκαμμωνια
ⲥⲕⲁⲛⲇⲁⲗⲉⲥⲍⲓⲛ,σκανδαλιζω
ⲥⲕⲁⲛⲇⲁⲗⲓⲍⲉ,σκανδαλιζω
ⲥⲕⲁⲛⲇⲁⲗⲓⲥⲍⲉⲥⲑⲉ,σκανδαλιζω
ⲥⲕⲁⲛⲇⲁⲗⲟⲛ,σκανδαλον
ⲥⲕⲁⲛⲇⲁⲗⲟⲥ,σκανδαλος
ⲥⲕⲁⲣⲧⲱⲛ,σκορδον
ⲥⲕⲁⲫⲏ,σκαφη
ⲥⲕⲁⲫⲟⲥ,σκαφος
ⲥⲕⲉⲛⲱⲛ,σκηνον
ⲥⲕⲉⲡⲁⲍⲉ,σκεπαζω
ⲥⲕⲉⲡⲁⲍⲓⲛ,σκεπαζω
ⲥⲕⲉⲡⲁⲥⲧⲏⲥ,σκεπαστης
ⲥⲕⲉⲡⲉ,σκεπη
ⲥⲕⲉⲡⲓ,σκεπη
ⲥⲕⲉⲡⲧⲉⲓ,σκεπτομαι
ⲥⲕⲉⲡⲧⲓⲛ,σκεπτομαι
ⲥⲕⲉⲡⲧⲓⲥⲑⲁⲓ,σκεπτομαι
ⲥⲕⲉⲡⲧⲱⲣ,σκεπτωρ
ⲥⲕⲉⲡⲱⲗⲁⲧⲱⲣ,σπεκουλατωρ
ⲥⲕⲉⲩⲁⲍⲉ,σκευαζω
ⲥⲕⲉⲩⲉ,σκευος
ⲥⲕⲉⲩⲏ,σκευη
ⲥⲕⲉⲩⲟⲥ,σκευος
ⲥⲕⲉⲯⲓⲥ,σκεψις
ⲥⲕⲏⲇⲁⲗⲏ,σκυταλη
ⲥⲕⲏⲛⲏ,σκηνη
ⲥⲕⲏⲛⲟⲡⲏⲅⲓⲁ,σκηνοπηγια
ⲥⲕⲓⲃⲩⲧⲱⲣ,σκουβιτωρ
ⲥⲕⲓⲗⲗⲁ,σκιλλα
ⲥⲕⲓⲣⲧⲁ,σκιρταω
ⲥⲕⲗⲏⲣⲓⲁ,σκληρια
ⲥⲕⲟⲡⲟⲥ,σκοπος
ⲥⲕⲟⲣⲉⲁ,σκωρια
ⲥⲕⲟⲣⲡⲓⲟⲛ,σκορπιος
ⲥⲕⲩⲑⲏⲥ,σκυθης
ⲥⲕⲩⲗⲗⲉⲓ,σκυλλω
ⲥⲕⲩⲗⲙⲟⲥ,σκυλμος
ⲥⲕⲩⲛⲱⲙⲁ,σκηνωμα
ⲥⲙⲁⲣⲁⲅⲇⲓⲛⲟⲥ,σμαραγδινος
ⲥⲙⲁⲣⲁⲅⲇⲟⲥ,σμαραγδος
ⲥⲙⲉⲗⲓⲛ,σμιλιον
ⲥⲙⲓⲗⲁⲝ,σμιλαξ
ⲥⲙⲩⲣⲛⲏⲥ,σμυρνα
ⲥⲛⲕⲟⲩ,σογχος
ⲥⲛⲧⲁⲍⲉ,συντασσω
ⲥⲟⲇⲟⲙⲓⲧⲏⲥ,σοδομιτης
ⲥⲟⲩⲇⲁⲣⲓⲟⲛ,σουδαριον
ⲥⲟⲩⲙⲁⲣⲉⲥ,σωμαριστον
ⲥⲟⲫⲓⲁ,σοφια
ⲥⲟⲫⲓⲥⲧⲏⲥ,σοφιστης
ⲥⲟⲫⲟⲥ,σοφος
ⲥⲡⲁⲑⲓⲿⲕⲟⲛ,σπαθιτικον
ⲥⲡⲁⲛⲟⲛ,σπανος
ⲥⲡⲁⲧⲁⲗⲁ,σπαταλα
ⲥⲡⲁⲧⲁⲗⲁ,σπαταλαω
ⲥⲡⲁⲧⲁⲗⲟⲥ,σπαταλος
ⲥⲡⲉⲣⲙⲁ,σπερμα
ⲥⲡⲏⲗⲁⲓⲟⲛ,σπηλαιον
ⲥⲡⲓⲛⲑⲏⲣ,σπινθηρ
ⲥⲡⲓⲣⲁ,σπειρα
ⲥⲡⲗⲁⲅⲭⲛⲟⲛ,σπλαγχνον
ⲥⲡⲗⲏⲛ,σπλην
ⲥⲡⲟⲅⲅⲟⲥ,σπογγος
ⲥⲡⲟⲛⲇⲏ,σπονδη
ⲥⲡⲟⲛⲧⲓⲗⲟⲛ,σπονδαριον
ⲥⲡⲟⲣⲁ,σπορα
ⲥⲡⲟⲩⲇⲁⲍⲉ,σπουδαζω
ⲥⲡⲟⲩⲇⲁⲓⲟⲥ,σπουδαιος
ⲥⲡⲟⲩⲇⲏ,σπουδη
ⲥⲧⲁⲅⲱⲛ,σταγων
ⲥⲧⲁⲇⲓⲟⲛ,σταδιον
ⲥⲧⲁⲑⲙⲓⲕⲟⲛ,σταθμικος
ⲥⲧⲁⲕⲧⲏ,στακτη
ⲥⲧⲁⲥⲓⲁⲍⲉ,στασιαζω
ⲥⲧⲁⲥⲓⲁⲥⲧⲏⲥ,στασιαστης
ⲥⲧⲁⲥⲓⲥ,στασις
ⲥⲧⲁⲧⲓⲕⲟⲛ,στατικος
ⲥⲧⲁⲩⲗⲟⲛ,σταβλον
ⲥⲧⲁⲩⲣⲟⲥ,σταυρος
ⲥⲧⲁⲩⲣⲟⲩ,σταυροω
ⲥⲧⲁⲫⲩⲗⲏ,σταφυλη
ⲥⲧⲉⲓⲣⲁ,στειρα
ⲥⲧⲉⲛⲱⲥⲓⲥ,στενωσις
ⲥⲧⲉⲡⲧⲉⲣⲓⲁ,στυπτηρια
ⲥⲧⲉⲡⲧⲉⲣⲓⲁⲥ,στυπτηρια
ⲥⲧⲉⲣⲉⲱⲙⲁ,στερεωμα
ⲥⲧⲉⲫⲁⲛⲟⲥ,στεφανος
ⲥⲧⲉⲫⲁⲛⲟⲩ,στεφανοω
ⲥⲧⲉⲫⲁⲛⲟⲩⲫⲟⲣⲟⲥ,στεφανοφορος
ⲥⲧⲏⲗⲏ,στηλη
ⲥⲧⲏⲗⲗⲟⲥ,στυλος
ⲥⲧⲏⲗⲟⲅⲣⲁⲫⲓⲁ,στηλογραφια
ⲥⲧⲏⲙ,στιμμι
ⲥⲧⲓⲅⲙⲏ,στιγμη
ⲥⲧⲓⲍⲉ,στιζω
ⲥⲧⲓⲙⲉⲱⲥ,στιμμι
ⲥⲧⲓⲭⲉⲣⲟ(ⲛ),στιχηρον
ⲥⲧⲓⲭⲟⲥ,στιχος
ⲥⲧⲟⲁ,στοα
ⲥⲧⲟⲓⲭⲉⲓ,στοιχεω
ⲥⲧⲟⲓⲭⲓⲟⲛ,στοιχειον
ⲥⲧⲟⲗⲏ,στολη
ⲥⲧⲟⲗⲓⲍⲉ,στολιζω
ⲥⲧⲟⲗⲟⲧⲟⲥ,στολοτος
ⲥⲧⲟⲙⲁⲧⲓⲕⲟⲛ,στοματικον
ⲥⲧⲟⲙⲁⲭⲟⲥ,στομαχος
ⲥⲧⲟⲛⲟⲥ,στονος
ⲥⲧⲣⲁⲧⲉⲓⲁ,στρατια
ⲥⲧⲣⲁⲧⲉⲩⲉ,στρατευω
ⲥⲧⲣⲁⲧⲉⲩⲙⲁ,στρατευμα
ⲥⲧⲣⲁⲧⲏⲅⲟⲥ,στρατηγος
ⲥⲧⲣⲁⲧⲏⲗⲁⲧⲏⲥ,στρατηλατης
ⲥⲧⲣⲁⲧⲟⲛ,στρατον
ⲥⲧⲣⲁⲧⲱⲡⲉⲧⲱⲛ,στρατοπεδον
ⲥⲧⲣⲉⲃⲗⲟⲩ,στρεβλοω
ⲥⲧⲣⲟⲅⲓⲗⲗⲟⲥ,στρογγυλος
ⲥⲧⲣⲱⲙⲁ,στρωμα
ⲥⲧⲩⲗⲓⲧⲉⲩⲉ,στηλιτευω
ⲥⲧⲩⲗⲟⲥ,στυλος
ⲥⲧⲩⲣⲁⲝ,στυραξ
ⲥⲧⲩⲫⲏ,στυφη
ⲥⲩⲅⲅⲉⲛⲉⲓⲁ,συγγενεια
ⲥⲩⲅⲅⲉⲛⲏⲥ,συγγενης
ⲥⲩⲅⲏ,ζυγη
ⲥⲩⲅⲕⲣⲓⲙⲁ,συγκριμα
ⲥⲩⲅⲕⲣⲓⲛⲉ,συγκρινω
ⲥⲩⲅⲕⲣⲓⲥⲓⲥ,συγκρισις
ⲥⲩⲗⲁ,συλαω
ⲥⲩⲗⲉⲩⲉ,συλαω
ⲥⲩⲙⲃⲟⲗⲏ,συμβολη
ⲥⲩⲙⲃⲟⲗⲟⲛ,συμβολον
ⲥⲩⲙⲃⲟⲗⲟⲥ,συμβουλος
ⲥⲩⲙⲃⲟⲩⲗⲉⲩⲉ,συμβουλευω
ⲥⲩⲙⲃⲟⲩⲗⲓⲁ,συμβουλια
ⲥⲩⲙⲃⲟⲩⲗⲓⲟⲛ,συμβουλιον
ⲥⲩⲙⲙⲁⲭⲟⲥ,συμμαχος
ⲥⲩⲙⲙⲉⲧⲟⲭⲟⲥ,συμμετοχος
ⲥⲩⲙⲡⲟⲥⲓⲟⲛ,συμποσιον
ⲥⲩⲙⲫⲁⲛⲉ,συμφανιζω
ⲥⲩⲙⲫⲁⲛⲓⲍⲉ,συμφανιζω
ⲥⲩⲙⲫⲉⲣⲉⲓ,συμφερω
ⲥⲩⲙⲫⲟⲣⲁ,συμφορα
ⲥⲩⲙⲫⲱⲛⲉⲓ,συμφωνεω
ⲥⲩⲙⲫⲱⲛⲓⲁ,συμφωνια
ⲥⲩⲙⲫⲱⲛⲟⲛ,συμφωνος
ⲥⲩⲙⲫⲱⲛⲟⲥ,συμφωνος
ⲥⲩⲛⲁⲅⲉ,συναγω
ⲥⲩⲛⲁⲅⲱⲅⲏ,συναγωγη
ⲥⲩⲛⲁⲓⲛⲉⲓ,συναινεω
ⲥⲩⲛⲁⲗⲗⲁⲅⲏ,συναλλαγη
ⲥⲩⲛⲁⲛⲧⲏⲙⲁ,συναντημα
ⲥⲩⲛⲁⲝⲓⲥ,συναξις
ⲥⲩⲛⲁⲣⲡⲁⲅⲏ,συναρπαγη
ⲥⲩⲛⲃⲟⲏⲑⲉⲓ,συμβοηθεω
ⲥⲩⲛⲃⲟⲏⲑⲓⲁ,συμβοηθεια
ⲥⲩⲛⲃⲟⲗⲏ,συμβολη
ⲥⲩⲛⲅⲛⲱⲙⲏ,συγγνωμη
ⲥⲩⲛⲅⲣⲁⲫⲉⲩⲥ,συγγραφευς
ⲥⲩⲛⲇⲟⲛⲓⲟⲛ,σινδονιον
ⲥⲩⲛⲉⲓⲇⲏⲥⲓⲥ,συνειδησις
ⲥⲩⲛⲉⲥⲓⲥ,συνεσις
ⲥⲩⲛⲉⲩⲇⲟⲕⲉⲓ,συνευδοκεω
ⲥⲩⲛⲉⲭⲉ,συνεχω
ⲥⲩⲛⲍⲏⲧⲉⲓ,συζητεω
ⲥⲩⲛⲍⲩⲅⲟⲥ,συζυγος
ⲥⲩⲛⲏⲇⲏⲥⲓⲥ,συνειδησις
ⲥⲩⲛⲏⲑⲉⲓⲁ,συνηθεια
ⲥⲩⲛⲏⲗⲑⲁⲓ,συνερχομαι
ⲥⲩⲛⲑⲉⲥⲓⲥ,συνθεσις
ⲥⲩⲛⲑⲏⲕⲏ,συνθηκη
ⲥⲩⲛⲑⲏⲧⲟⲛ,συνθετος
ⲥⲩⲛⲕⲁⲑⲉⲇⲣⲟⲥ,συγκαθεδρος
ⲥⲩⲛⲕⲁⲧⲁⲃⲁ,συγκαταβαινω
ⲥⲩⲛⲕⲗⲏⲣⲟⲛⲟⲙⲟⲥ,συνκληρονομος
ⲥⲩⲛⲕⲗⲏⲧⲟⲥ,συγκλητος
ⲥⲩⲛⲟⲩⲥⲓⲁ,συνουσια
ⲥⲩⲛⲧⲁⲅⲏ,συνταγη
ⲥⲩⲛⲧⲁⲅⲙⲁ,συνταγμα
ⲥⲩⲛⲧⲁⲍⲉ,συντασσω
ⲥⲩⲛⲧⲉⲗⲉⲓ,συντελεω
ⲥⲩⲛⲧⲉⲗⲉⲓⲁ,συντελεια
ⲥⲩⲛⲧⲉⲭⲓⲁ,συντυχια
ⲥⲩⲛⲧⲓⲙⲁⲍⲉ,συντιμαζω
ⲥⲩⲛⲫⲱⲛⲏⲥⲓⲥ,συμφωνησις
ⲥⲩⲛⲭⲱⲣⲉⲓ,συγχωρεω
ⲥⲩⲛⲭⲱⲣⲏⲥⲓⲥ,συγχωρησις
ⲥⲩⲛⲹⲉⲇⲣⲓⲟⲛ,συνεδριον
ⲥⲩⲛⲹⲓⲥⲧⲁ,συνισταω
ⲥⲩⲛⲹⲟⲇⲟⲥ,συνοδος
ⲥⲩⲣⲉ,συρω
ⲥⲩⲥⲥⲏⲙⲟⲛ,συσσημον
ⲥⲩⲥⲧⲁⲥⲓⲥ,συστασις
ⲥⲩⲥⲧⲓⲗⲉ,συστελλω
ⲥⲫⲁⲓⲣⲓⲕⲟⲛ,σφαιρικος
ⲥⲫⲉⲛⲇⲟⲛⲏ,σφενδονη
ⲥⲫⲉⲣⲁ,σφαιρα
ⲥⲫⲟⲛⲅⲟⲥ,σφογγος
ⲥⲫⲟⲛⲇⲩⲗⲟⲥ,σφονδυλος
ⲥⲫⲣⲁⲅⲓⲍⲉ,σφραγιζω
ⲥⲫⲣⲁⲅⲓⲍⲓⲛ,σφραγιζω
ⲥⲫⲣⲁⲅⲓⲥ,σφραγις
ⲥⲭⲉⲇⲟⲛ,σχεδον
ⲥⲭⲏⲙⲁ,σχημα
ⲥⲭⲓⲟⲛ,ισχιον
ⲥⲭⲓⲥⲙⲁ,σχισμα
ⲥⲭⲓⲥⲧⲟⲩ,σχιστος
ⲥⲭⲓⲧⲁⲣⲓⲛ,σχεδαριον
ⲥⲭⲟⲓⲛⲓⲟⲛ,σχοινιον
ⲥⲭⲟⲓⲛⲟⲥ,σχοινος
ⲥⲭⲟⲗⲁⲍⲉ,σχολαζω
ⲥⲭⲟⲗⲁⲥⲧⲓⲕⲟⲥ,σχολαστικος
ⲥⲱⲇⲓⲟⲛ,ζωδιον
ⲥⲱⲙⲁ,σωμα
ⲥⲱⲙⲁⲧⲓⲍⲉ,σωματιζω
ⲥⲱⲙⲁⲧⲓⲕⲏ,σωματικος
ⲥⲱⲙⲁⲧⲓⲕⲟⲛ,σωματικος
ⲥⲱⲙⲁⲧⲓⲕⲟⲥ,σωματικος
ⲥⲱⲙⲁⲧⲓⲟⲛ,σωματιον
ⲥⲱⲧⲏⲣ,σωτηρ
ⲥⲱⲧⲏⲣⲓⲁ,σωτηρια
ⲥⲱⲿⲟⲩⲛ,ζωδιον
ⲥⲿⲭⲟⲥ,στιχος
ⲧⲁⲅⲙⲁ,ταγμα
ⲧⲁⲗⲁⲓⲡⲟⲣⲉⲓ,ταλαιπωρεω
ⲧⲁⲗⲁⲓⲡⲱⲣⲓⲁ,ταλαιπωρια
ⲧⲁⲗⲁⲓⲡⲱⲣⲟⲛ,ταλαιπωρος
ⲧⲁⲗⲁⲓⲡⲱⲣⲟⲥ,ταλαιπωρος
ⲧⲁⲙⲉⲓⲟⲛ,ταμειον
ⲧⲁⲙⲓⲁⲥ,ταμιας
ⲧⲁⲛⲓⲥⲧⲏⲥ,δανειστης
ⲧⲁⲝⲓⲥ,ταξις
ⲧⲁⲡⲁⲛⲉⲩⲉ,δαπαναω
ⲧⲁⲡⲁⲛⲏ,δαπαναω
ⲧⲁⲣⲁⲥⲥⲉ,ταρασσω
ⲧⲁⲣⲁⲭⲏ,ταραχη
ⲧⲁⲣⲁⲭⲟⲥ,ταραχος
ⲧⲁⲣⲓⲕ,ταριχος
ⲧⲁⲣⲓⲥⲉⲟⲥ,ταρσευς
ⲧⲁⲣⲓⲭⲓⲟⲛ,ταριχον
ⲧⲁⲣⲙⲟⲥ,θερμος
ⲧⲁⲣⲧⲁⲣⲟⲛ,ταρταρος
ⲧⲁⲣⲧⲁⲣⲟⲥ,ταρταρος
ⲧⲁⲥⲥⲉ,τασσω
ⲧⲁⲩⲣⲟⲥ,ταυρος
ⲧⲁⲫⲟⲥ,ταφος
ⲧⲁⲭⲁ,ταχα
ⲧⲁⲭⲏ,ταχυνω
ⲧⲁⲭⲩ,ταχυ
ⲧⲉⲗⲉ,τελεω
ⲧⲉⲗⲉⲓⲁ,τελειος
ⲧⲉⲗⲉⲓⲟⲛ,τελειος
ⲧⲉⲗⲉⲓⲟⲥ,τελειος
ⲧⲉⲗⲉⲱⲥ,τελεως
ⲧⲉⲗⲓ,τελεω
ⲧⲉⲗⲓⲟⲩ,τελειοω
ⲧⲉⲗⲟⲥ,τελος
ⲧⲉⲗⲱⲛⲏⲥ,τελωνης
ⲧⲉⲗⲱⲛⲓⲟⲛ,τελωνιον
ⲧⲉⲣⲉⲃⲓⲛⲑⲟⲥ,τερεβινθος
ⲧⲉⲣⲡⲉ,τερπω
ⲧⲉⲣⲡⲉⲥⲑⲁⲓ,τερπω
ⲧⲉⲣⲯⲓⲥ,τερψις
ⲧⲉⲥⲉⲣⲁⲕⲟⲥⲧⲉ,τεσσερακοστη
ⲧⲉⲥⲥⲁⲣⲉⲥⲕⲁⲓⲇⲉⲕⲁⲧⲏ,τεσσαρεσκαιδεκατος
ⲧⲉⲧⲁⲣⲧⲏⲥ,τεταρτος
ⲧⲉⲧⲁⲣⲧⲟⲛ,τεταρτος
ⲧⲉⲧⲣⲁⲅⲱⲛⲟⲛ,τετραγωνος
ⲧⲉⲧⲣⲁⲡⲟⲇⲟⲛ,τετραποδος
ⲧⲉⲧⲣⲁⲡⲩⲗⲱⲛ,τετραπυλον
ⲧⲉⲧⲣⲁⲣⲭⲏⲥ,τετραρχης
ⲧⲉⲧⲣⲁⲥ,τετρας
ⲧⲉⲩⲧⲉⲣⲟⲛⲟⲙⲓⲟⲛ,δευτερονομιον
ⲧⲉⲩⲧⲉⲣⲟⲛⲟⲙⲟⲥ,δευτερονομος
ⲧⲉⲫⲣⲁ,τεφρα
ⲧⲉⲭⲛⲏ,τεχνη
ⲧⲉⲭⲛⲓⲧⲏⲥ,τεχνιτης
ⲧⲉⲱⲥ,τεως
ⲧⲏⲙⲟⲥ,δημος
ⲧⲏⲣⲉⲓ,τηρεω
ⲧⲏⲣⲓ,τηρεω
ⲧⲓⲙⲁ,τιμαω
ⲧⲓⲙⲁⲛ,τιμαω
ⲧⲓⲙⲏ,τιμη
ⲧⲓⲙⲓⲱⲧⲁⲧⲟⲥ,τιμιωτατος
ⲧⲓⲙⲓⲱⲧⲏⲥ,τιμιοτης
ⲧⲓⲙⲱⲣⲉⲓ,τιμωρεω
ⲧⲓⲙⲱⲣⲓⲁ,τιμωρια
ⲧⲓⲣⲱⲛ,τιρων
ⲧⲓⲥⲕⲟⲥ,δισκος
ⲧⲓⲧⲗⲟⲥ,τιτλος
ⲧⲟⲓⲛⲩⲛ,τοινυν
ⲧⲟⲕⲙⲁⲇⲓⲕⲟⲥ,δογματικος
ⲧⲟⲕⲙⲁⲧⲓⲕⲟⲛ,δογματικος
ⲧⲟⲕⲝⲟⲧⲟⲥ,τοξοτης
ⲧⲟⲗⲉⲙⲟⲛ,τελαμων
ⲧⲟⲗⲙⲁ,τολμα
ⲧⲟⲗⲙⲁ,τολμαω
ⲧⲟⲗⲙⲁⲛ,τολμαω
ⲧⲟⲗⲙⲉⲥⲓⲁ,τολμησια
ⲧⲟⲗⲙⲏ,τολμη
ⲧⲟⲗⲙⲏⲣⲓⲁ,τολμηρια
ⲧⲟⲗⲙⲏⲣⲟⲥ,τολμηρος
ⲧⲟⲗⲙⲏⲥⲓⲥ,τολμησις
ⲧⲟⲙⲁⲣⲓⲟⲛ,τομαριον
ⲧⲟⲙⲉⲥⲧⲓⲕⲟⲥ,δομεστικος
ⲧⲟⲙⲟⲥ,τομος
ⲧⲟⲡⲁⲇⲓⲟⲛ,τοπαζιον
ⲧⲟⲡⲟⲡⲓⲟⲥ,τοποποιος
ⲧⲟⲡⲟⲥ,τοπος
ⲧⲟⲧⲉ,τοτε
ⲧⲣⲁⲕⲁⲕⲁⲛⲑⲉ,τραγακανθα
ⲧⲣⲁⲕⲁⲕⲁⲛⲑⲏⲥ,τραγακανθα
ⲧⲣⲁⲡⲉⲇⲏⲥ,δραπετης
ⲧⲣⲁⲡⲉⲍⲁ,τραπεζα
ⲧⲣⲁⲡⲏⲍⲓⲧⲏⲥ,τραπεζιτης
ⲧⲣⲁⲭⲟⲙⲁ,τραχωμα
ⲧⲣⲉⲫⲉⲥⲑⲁⲓ,τρεφω
ⲧⲣⲓⲁⲇⲓⲕⲟⲛ,τριαδικος
ⲧⲣⲓⲁⲥ,τριας
ⲧⲣⲓⲃⲉ,τριβω
ⲧⲣⲓⲃⲏ,τριβη
ⲧⲣⲓⲃⲟⲗⲗⲟⲥ,τριβολος
ⲧⲣⲓⲃⲟⲩⲛⲟⲥ,τριβουνος
ⲧⲣⲓⲅⲉⲛⲉⲑⲗⲟⲥ,τριγενεθλος
ⲧⲣⲓⲅⲉⲛⲏⲥ,τριγενης
ⲧⲣⲓⲇⲩⲛⲁⲙⲓⲥ,τριδυναμις
ⲧⲣⲓⲇⲩⲛⲁⲙⲟⲥ,τριδυναμος
ⲧⲣⲓⲕⲟⲛ,τρυγων
ⲧⲣⲓⲙⲏⲥⲓⲟⲛ,τριμησιον
ⲧⲣⲓⲡⲛⲉⲩⲙⲁⲧⲟⲥ,τριπνευματος
ⲧⲣⲓⲡⲟⲥ,τριπους
ⲧⲣⲓⲥⲁⲣⲥⲏⲥ,τρισαρσης
ⲧⲣⲓⲥⲕⳇ,τρεισκαιδεκατος
ⲧⲣⲓⲥⲙⲁⲕⲁⲣⲓⲟⲥ,τρισμακαριος
ⲧⲣⲓⲥⲙⲉⲅⲓⲥⲧⲉ,τρισμεγιστος
ⲧⲣⲓⲥⲙⲉⲅⲓⲥⲧⲟⲥ,τρισμεγιστος
ⲧⲣⲓⲥⲹⲁⲅⲓⲉ,τρισαγιος
ⲧⲣⲓⲧⲏⲥ,τριτος
ⲧⲣⲓⲧⲟⲛ,τριτος
ⲧⲣⲟⲡⲉⲟⲛ,τροπαιον
ⲧⲣⲟⲡⲟⲥ,τροπος
ⲧⲣⲟⲫⲏ,τροφη
ⲧⲣⲟⲭⲓⲥⲕⲟⲥ,τροχισκος
ⲧⲣⲟⲭⲟⲥ,τροχος
ⲧⲣⲩⲫⲁ,τρυφαω
ⲧⲣⲩⲫⲏ,τρυφη
ⲧⲣⲩⲫⲩⲣⲓⲟⲛ,τρυφερος
ⲧⲩⲙⲡⲁⲛⲟⲛ,τυμπανον
ⲧⲩⲡⲟⲥ,τυπος
ⲧⲩⲡⲟⲩ,τυποω
ⲧⲩⲣⲁⲛⲛⲟⲥ,τυραννος
ⲧⲩⲫⲱⲛ,τυφων
ⲧⲩⲭⲏ,τυχη
ⲧⲱⲇⲓⲕⲁⲓⲧⲏⲥ,δωδεκατος
ⲧⲱⲕⲓⲙⲁⲥⲓⲁ,δοκιμασια
ⲩⲃⲣⲓⲥ,υβρις
ⲩⲇⲱⲣ,υδωρ
ⲩⲓⲟⲑⲉⲥⲓⲁ,υιοθεσια
ⲩⲓⲟⲥ,υιος
ⲩⲓⲟⲩ,ιος
ⲩⲟⲥ,ιος
ⲩⲟⲩ,ιος
ⲩⲡⲁⲧⲁⲕⲧⲓⲕⲟⲛ,υποτακτικον
ⲩⲡⲉⲣⲁⲥⲁⲗⲉⲩⲧⲟⲥ,υπερασαλευτος
ⲩⲡⲟⲭⲟⲛⲇⲣⲓⲟⲥ,υποχονδριος
ⲫⲁⲕⲓⲁⲣⲓⲟⲛ,φακιαλιον
ⲫⲁⲛⲉⲣⲓⲟⲥ,φανεριος
ⲫⲁⲛⲉⲣⲟⲛ,φανερος
ⲫⲁⲛⲉⲣⲟⲥ,φανερος
ⲫⲁⲛⲉⲣⲟⲩ,φανεροω
ⲫⲁⲛⲉⲣⲱⲥⲓⲥ,φανερωσις
ⲫⲁⲛⲟⲥ,φανος
ⲫⲁⲛⲧⲁⲍⲉⲥⲑⲁⲓ,φανταζω
ⲫⲁⲛⲧⲁⲥⲓⲁ,φαντασια
ⲫⲁⲛⲧⲁⲥⲙⲁ,φαντασμα
ⲫⲁⲣⲁⲅⲝ,φαραγξ
ⲫⲁⲣⲓⲥⲁⲓⲟⲥ,φαρισαιος
ⲫⲁⲣⲙⲁⲅⲓⲁ,φαρμακεια
ⲫⲁⲣⲙⲁⲅⲟⲛ,φαρμακoν
ⲫⲁⲣⲙⲁⲅⲟⲥ,φαρμακoν
ⲫⲁⲣⲙⲁⲕⲓⲁ,φαρμακεια
ⲫⲁⲥⲓⲗⲉ,φασηλος
ⲫⲁⲥⲓⲗⲓⲁ,φασηλιον
ⲫⲁⲥⲓⲥ,φασις
ⲫⲁⲧⲛⲱⲙⲁ,φατνωμα
ⲫⲁⲩⲗⲟⲥ,φαυλος
ⲫⲉⲅⲅⲟⲕⲁⲧⲟⲭⲟⲥ,φεγγοκατοχος
ⲫⲉⲙⲁⲛⲁⲣⲓⲟⲛ,φημιναλιον
ⲫⲉⲙⲉⲣⲁⲛⲓⲱⲛ,εφημερανιον
ⲫⲉⲛⲉⲥⲑⲁⲓ,φαινω
ⲫⲉⲣⲉⲍⲁⲓⲟⲥ,φερεζαιος
ⲫⲑⲟⲛⲉⲓ,φθονεω
ⲫⲑⲟⲛⲏⲣⲓⲁ,φθονερια
ⲫⲑⲟⲛⲏⲣⲟⲥ,φθονερος
ⲫⲑⲟⲛⲓⲛ,φθονεω
ⲫⲑⲟⲛⲟⲥ,φθονος
ⲫⲓⲁⲗⲏ,φιαλη
ⲫⲓⲕⲉ,φευγω
ⲫⲓⲗⲉⲥⲧⲁⲧⲟⲥ,φιλεστατος
ⲫⲓⲗⲓⲕⲣⲓⲛⲏⲥ,ειλικρινης
ⲫⲓⲗⲓⲧⲣⲟⲛ,φιλτρον
ⲫⲓⲗⲟⲇⲱⲛⲓⲁ,φιλοδωνια
ⲫⲓⲗⲟⲕⲁⲗⲉⲓ,φιλοκαλεω
ⲫⲓⲗⲟⲕⲁⲗⲓⲁ,φιλοκαλια
ⲫⲓⲗⲟⲛⲓⲕⲏ,φιλονικεω
ⲫⲓⲗⲟⲥⲟⲫⲓ,φιλοσοφεω
ⲫⲓⲗⲟⲥⲟⲫⲓⲁ,φιλοσοφια
ⲫⲓⲗⲟⲥⲟⲫⲟⲥ,φιλοσοφος
ⲫⲗⲉⲕⲙⲁ,φλεγμα
ⲫⲗⲉⲕⲙⲁ,φλεγμαινω
ⲫⲗⲉⲕⲙⲁⲧⲓⲥ,φλεγματις
ⲫⲗⲉⲯ,φλεψ
ⲫⲗⲟⲓⲁⲣⲓⲁ,φλυαρια
ⲫⲗⲩⲁⲣⲟⲥ,φλυαρος
ⲫⲛⲓⲕⲝⲟⲛ,φοινιξ
ⲫⲟⲃⲟⲥ,φοβος
ⲫⲟⲓⲛⲓⲝ,φοινιξ
ⲫⲟⲛⲉⲩⲥ,φονευς
ⲫⲟⲛⲟⲥ,φονος
ⲫⲟⲣⲉⲓ,φορεω
ⲫⲟⲣⲓⲛ,φορεω
ⲫⲟⲣⲟⲥ,φορος
ⲫⲟⲣⲧⲓⲟⲛ,φορτιον
ⲫⲟⲥ,φως
ⲫⲟⲩⲛⲟⲟⲩⲉ,φωνη
ⲫⲣⲁⲅⲉⲗⲗⲓⲟⲛ,φραγελλιον
ⲫⲣⲁⲅⲉⲗⲗⲟⲩ,φραγελλοω
ⲫⲣⲁⲅⲙⲁ,φραγμα
ⲫⲣⲁⲅⲙⲟⲥ,φραγμος
ⲫⲣⲁⲥⲓⲥ,φρασις
ⲫⲣⲓⲕⲧⲏⲥ,φρυκτη
ⲫⲣⲟⲛⲏⲥⲓⲥ,φρονησις
ⲫⲣⲟⲛⲓ,φρονεω
ⲫⲣⲟⲛⲓⲙⲟⲥ,φρονιμος
ⲫⲩⲁⲗⲟⲛ,φιαλη
ⲫⲩⲗⲁⲅⲙⲁ,φυλαγμα
ⲫⲩⲗⲁⲕⲏ,φυλακη
ⲫⲩⲗⲁⲕⲧⲏⲣⲓⲟⲛ,φυλακτηριον
ⲫⲩⲗⲁⲝ,φυλαξ
ⲫⲩⲗⲁⲣⲭⲟⲥ,φυλαρχος
ⲫⲩⲗⲏ,φυλη
ⲫⲩⲗⲗⲁ,φυλλα
ⲫⲩⲗⲟⲡⲟⲛⲟⲥ,φιλοπονος
ⲫⲩⲥⲉⲓ,φυσει
ⲫⲩⲥⲉⲱⲥ,φυσις
ⲫⲩⲥⲓⲕⲟⲛ,φυσικος
ⲫⲩⲥⲓⲕⲟⲥ,φυσικος
ⲫⲩⲥⲓⲥ,φυσις
ⲫⲱⲛⲏ,φωνη
ⲫⲱⲛⲟⲟⲩⲉ,φωνη
ⲫⲱⲣⲓⲥⲙⲁ,φορισμα
ⲫⲱⲥⲧⲏⲣ,φωστηρ
ⲫⲱⲥⲫⲟⲣⲟⲥ,φωσφορος
ⲭⲁⲓⲣⲉ,χαιρω
ⲭⲁⲓⲣⲉⲓⲛ,χαιρω
ⲭⲁⲓⲣⲉⲧⲉ,χαιρω
ⲭⲁⲓⲣⳇ,χαιρω
ⲭⲁⲗⲁ,χαλαω
ⲭⲁⲗⲁⲍⲁ,χαλαζα
ⲭⲁⲗⲃⲁⲛⲏ,χαλβανη
ⲭⲁⲗⲇⲁⲓⲟⲥ,χαλδαιος
ⲭⲁⲗⲓⲛⲟⲥ,χαλινος
ⲭⲁⲗⲓⲛⲟⲩ,χαλινοω
ⲭⲁⲗⲕⲁⲛⲑ,χαλκανθον
ⲭⲁⲗⲕⲁⲛⲑⲟⲥ,χαλκανθον
ⲭⲁⲗⲕⲁⲛⲑⲟⲩ,χαλκανθον
ⲭⲁⲗⲕⲓⲟⲛ,χαλκιον
ⲭⲁⲗⲕⲓⲧⲉⲱⲥ,χαλκιτις
ⲭⲁⲗⲕⲟⲥ,χαλκος
ⲭⲁⲗⲕⲟⲩ,χαλκος
ⲭⲁⲙⲁⲓⲗⲉⲱⲛ,χαμαιλεων
ⲭⲁⲙⲉⲙⲉⲗⲟⲛ,χαμαιμηλον
ⲭⲁⲙⲉⲟⲥ,χαμαιος
ⲭⲁⲙⲱⲥ,χαμος
ⲭⲁⲛⲁⲛⲁⲓⲟⲥ,χαναναιος
ⲭⲁⲛⲁⲛⲓⲧⲓⲥ,χανανιτις
ⲭⲁⲟⲥ,χαος
ⲭⲁⲣⲁⲅⲙⲏ,χαραγμη
ⲭⲁⲣⲁⲕⲧⲏⲣ,χαρακτηρ
ⲭⲁⲣⲁⲝⲟⲛ,χαραττω
ⲭⲁⲣⲓⲍⲉ,χαριζω
ⲭⲁⲣⲓⲍⲉⲥⲑⲉ,χαριζω
ⲭⲁⲣⲓⲥ,χαρις
ⲭⲁⲣⲓⲥⲙⲁ,χαρισμα
ⲭⲁⲣⲓⲧⲥⲱⲛ,χαριστιων
ⲭⲁⲣⲧⲏⲥ,χαρτης
ⲭⲁⲣⲧⲓⲛ,χαρτιον
ⲭⲁⲩⲗⲟⲥ,καυλος
ⲭⲉⲓⲙⲁⲣⲣⲟⲥ,χειμαρρος
ⲭⲉⲓⲣⲟⲅⲣⲁⲫⲟⲛ,χειρογραφον
ⲭⲉⲓⲣⲟⲧⲟⲛⲉⲓ,χειροτονεω
ⲭⲉⲓⲣⲟⲧⲟⲛⲓⲁ,χειροτονια
ⲭⲉⲗⲟⲥ,χυλος
ⲭⲉⲣⲟⲩⲃⲓⲛ,χερουβιν
ⲭⲉⲣⲥⲟⲥ,χερσος
ⲭⲉⲧⲧⲁⲓⲟⲥ,χετταιος
ⲭⲏⲣⲁ,χηρα
ⲭⲏⲣⲁⲥ,χοιρος
ⲭⲏⲣⲉⲩⲉ,χηρευω
ⲭⲓⲗⲓⲁⲣⲭⲟⲥ,χιλιαρχος
ⲭⲓⲙⲁⲣⲣⲁⲓⲥ,χιμαιρα
ⲭⲓⲙⲱⲛ,χειμων
ⲭⲓⲱⲛ,χιων
ⲭⲗⲁⲙⲩⲥ,χλαμυς
ⲭⲗⲉⲩⲁⲍⲉ,χλευαζω
ⲭⲟⲓⲕⲟⲥ,χοⲓκος
ⲭⲟⲓⲣⲟⲅⲩⲗⲓⲟⲛ,χοιρογρυλλιος
ⲭⲟⲗⲏ,χολη
ⲭⲟⲛⲉⲩⲧⲟⲛ,χωνευτος
ⲭⲟⲣⲇⲏ,χορδη
ⲭⲟⲣⲏⲅⲉⲓ,χορηγεω
ⲭⲟⲣⲏⲅⲓⲁ,χορηγια
ⲭⲟⲣⲏⲅⲟⲥ,χορηγος
ⲭⲟⲣⲏⲙⲁ,χωρημα
ⲭⲟⲣⲓⲟⲛ,χοριον
ⲭⲟⲣⲟⲥ,χορος
ⲭⲟⲣⲧⲟⲥ,χορτος
ⲭⲟⲣⲩⲙⲁ,χωρημα
ⲭⲟⲩⲥ,χους
ⲭⲣⲁⲓⲟⲥ,χρεος
ⲭⲣⲁⲥⲑⲁⲓ,χραω
ⲭⲣⲉⲓⲁ,χρεια
ⲭⲣⲉⲱⲥⲧⲉⲓ,χρεωστεω
ⲭⲣⲉⲱⲥⲧⲓⲕⲟⲛ,χρεωστικος
ⲭⲣⲏⲙⲁ,χρημα
ⲭⲣⲏⲙⲁⲧⲓⲍⲉ,χρηματιζω
ⲭⲣⲏⲥⲙⲟⲥ,χρησμος
ⲭⲣⲏⲥⲧⲏⲣⲓⲟⲛ,χρηστηριον
ⲭⲣⲏⲥⲧⲟⲥ,χρηστος
ⲭⲣⲓⲥⲓⲙⲱⲛ,χρησιμος
ⲭⲣⲓⲥⲙⲁ,χρισμα
ⲭⲣⲓⲥⲧⲓⲁⲛⲏ,χριστιανος
ⲭⲣⲓⲥⲧⲓⲁⲛⲟⲥ,χριστιανος
ⲭⲣⲓⲥⲧⲟⲥ,χριστος
ⲭⲣⲟⲛⲟⲥ,χρονος
ⲭⲣⲩⲥⲓⲟⲛ,χρυσιον
ⲭⲣⲩⲥⲟⲑⲉⲙⲟⲛ,χρυσανθεμον
ⲭⲣⲩⲥⲟⲗⲓⲛⲑⲟⲥ,χρυσολιθος
ⲭⲣⲩⲥⲟⲡⲗⲁⲥⲱⲥ,χρυσοπρασος
ⲭⲣⲩⲥⲟⲥⲧⲟⲙⲟⲥ,χρυσοστομος
ⲭⲣⲱ,χραω
ⲭⲣⲱⲙⲁ,χρωμα
ⲭⲱⲣⲁ,χωρα
ⲭⲱⲣⲉⲩⲉ,χορευω
ⲭⲱⲣⲏⲅⲉⲓ,χωρηγεω
ⲭⲱⲣⲓ,χωρεω
ⲭⲱⲣⲓⲛ,χωρεω
ⲭⲱⲣⲓⲟⲛ,χωριον
ⲭⲱⲣⲓⲥ,χωρις
ⲯⲁⲗⲗⲉⲓ,ψαλλω
ⲯⲁⲗⲗⲓ,ψαλλω
ⲯⲁⲗⲙⲟⲥ,ψαλμος
ⲯⲁⲗⲙⲱⲇⲓⲁ,ψαλμωδια
ⲯⲁⲗⲙⲱⲇⲟⲥ,ψαλμωδος
ⲯⲁⲗⲧⲏⲣⲓⲟⲛ,ψαλτηριον
ⲯⲁⲗⲧⲏⲥ,ψαλτης
ⲯⲉⲅⲉ,ψεγω
ⲯⲉⲕⲧⲱⲥ,ψεκτως
ⲯⲉⲩⲇⲟⲡⲣⲟⲫⲏⲧⲏⲥ,ψευδοπροφητης
ⲯⲉⲩⲇⲟⲭⲣⲓⲥⲧⲟⲥ,ψευδοχριστος
ⲯⲏⲫⲟⲥ,ψηφος
ⲯⲓⲕⲟⲥⲧⲁⲧⲏⲥ,ζυγοστατης
ⲯⲓⲗⲟⲛ,ψιλος
ⲯⲓⲙⲓⲑⲓⲟⲛ,ψιμυθιον
ⲯⲓⲙⲓⲑⲓⲟⲩ,ψιμυθιον
ⲯⲓⲧⲧⲁⲅⲓⲛ,πιστακιον
ⲯⲩⲫⲓⲥⲙⲁ,ψηφισμα
ⲯⲩⲭⲏ,ψυχη
ⲯⲩⲭⲓⲕⲏ,ψυχικος
ⲯⲩⲭⲓⲕⲟⲛ,ψυχικος
ⲯⲩⲭⲓⲕⲟⲥ,ψυχικος
ⲯⲩⲭⲟⲟⲩⲉ,ψυχη
ⲯⲱⲣⲁ,ψωρα
ⲱⲇⲏ,ωδη
ⲱⲕⲉⲁⲛⲟⲥ,ωκεανος
ⲱⲕⲛⲉⲓ,οκνεω
ⲱⲗⲩⲕⲧⲟⲥ,ορυκτος
ⲱⲙⲟⲫⲟⲣⲟⲥ,ωμοφορος
ⲱⲛⲏ,ωνη
ⲱⲫⲉⲗⲉⲓ,ωφελεω
ⲱⲫⲉⲗⲉⲓⲥⲑⲁⲓ,ωφελεω
ⲱⲫⲉⲗⲓⲁ,ωφελεια
ⲱⲫⲓⲕⲓⲟⲛ,οφφικιον
ⲵⲣⲉⲕⲟⲛ,πραικων
ⲹⲁⲅⲓⲁⲍⲉ,αγιαζω
ⲹⲁⲅⲓⲁⲥⲙⲟⲥ,αγιασμος
ⲹⲁⲅⲓⲱⲥⲩⲛⲏ,αγιωσυνη
ⲹⲁⲅⲓⲱⲧⲁⲧⲟⲥ,αγιωτατος
ⲹⲁⲅⲛⲟⲛ,αγνος
ⲹⲁⲓⲣⲉⲥⲓⲥ,αιρεσις
ⲹⲁⲓⲣⲉⲧⲓⲕⲟⲥ,αιρετικος
ⲹⲁⲗⲓⲉⲩⲥ,αλιευς
ⲹⲁⲗⲩⲥⲓⲥ,αλυσις
ⲹⲁⲙⲁ,αμα
ⲹⲁⲙⲏⲛ,αμην
ⲹⲁⲡⲁⲝ,απαξ
ⲹⲁⲡⲗⲟⲩⲛ,απλους
ⲹⲁⲡⲗⲟⲩⲥ,απλους
ⲹⲁⲡⲗⲱⲥ,απλως
ⲹⲁⲣⲙⲁ,αρμα
ⲹⲁⲣⲙⲟⲍⲉ,αρμοζω
ⲹⲁⲣⲙⲟⲛⲓⲁ,αρμονια
ⲹⲁⲣⲙⲟⲥ,αρμος
ⲹⲁⲣⲡⲁⲅⲏ,αρπαγη
ⲹⲁⲣⲡⲁⲍⲉ,αρπαζω
ⲹⲁⲣⲡⲏ,αρπη
ⲹⲁⲯⲓⲥ,αψις
ⲹⲉⲃⲇⲟⲙⲁⲥ,εβδομας
ⲹⲉⲃⲣⲁⲓⲁ,εβραιος
ⲹⲉⲃⲣⲁⲓⲕⲟⲛ,εβραⲓκος
ⲹⲉⲃⲣⲁⲓⲟⲥ,εβραιος
ⲹⲉⲃⲣⲏⲥⲓⲥ,υβρισις
ⲹⲉⲑⲛⲓⲕⲟⲥ,εθνικος
ⲹⲉⲑⲛⲟⲥ,εθνος
ⲹⲉⲓⲙⲁⲣⲙⲉⲛⲏ,ειμαρμενη
ⲹⲉⲕⲁⲧⲟⲛⲧⲁⲣⲭⲟⲥ,εκατονταρχος
ⲹⲉⲕⲧⲟⲛ,εκτος
ⲹⲉⲗⲗⲏⲛ,ελλην
ⲹⲉⲗⲗⲏⲛⲓⲕⲟⲛ,ελληνικος
ⲹⲉⲗⲗⲏⲛⲟⲥ,ελλην
ⲹⲉⲗⲙⲓⲥ,ελμις
ⲹⲉⲗⲟⲥ,ελος
ⲹⲉⲗⲡⲓⲍⲉ,ελπιζω
ⲹⲉⲗⲡⲓⲥ,ελπις
ⲹⲉⲙⲏⲣⲁ,ημερα
ⲹⲉⲙⲛⲉⲩⲧⲏⲣⲓⲱⲛ,υμνευτηριον
ⲹⲉⲛⲁⲥ,ενας
ⲹⲉⲛⲇⲉⲕⲁⲥ,ενδεκας
ⲹⲉⲛⲛⲁⲥ,εννεας
ⲹⲉⲝⲓⲥ,εξις
ⲹⲉⲡⲱⲿⲥⲙⲟⲥ,υποδημα
ⲹⲉⲣⲙⲉⲛⲉⲩⲧⲏⲥ,ερμηνευτης
ⲹⲉⲣⲙⲏⲛⲉⲓⲁ,ερμηνεια
ⲹⲉⲣⲙⲏⲛⲉⲩⲉ,ερμηνευω
ⲹⲉⲣⲙⲏⲥ,ερμης
ⲹⲉⲧⲁⲍⲉ,εταζω
ⲹⲉⲧⲁⲓⲣⲁ,εταιρα
ⲹⲉⲩⲣⲉⲙⲁ,ευρημα
ⲹⲉⲱⲥ,εως
ⲹⲏⲅⲉⲙⲟⲛⲓⲁ,ηγεμονια
ⲹⲏⲅⲉⲙⲱⲛ,ηγεμων
ⲹⲏⲅⲉⲙⲱⲛⲓⲕⲟⲛ,ηγεμονικος
ⲹⲏⲅⲟⲩⲙⲉⲛⲟⲥ,ηγουμενος
ⲹⲏⲇⲟⲛⲏ,ηδονη
ⲹⲏⲗⲓⲕⲓⲁ,ηλικια
ⲹⲏⲗⲓⲟⲥ,ηλιος
ⲹⲏⲗⲓⲽⲓⲁ,ηλικια
ⲹⲏⲡⲁⲣ,ηπαρ
ⲹⲏⲡⲟⲩⲗⲩⲙⲯⲓⲥ,υπολημψις
ⲹⲏⲣⲱⲇⲓⲁⲛⲟⲥ,ηρωδιανοι
ⲹⲏⲧⲓⲕⲟⲛ,ιδικον
ⲹⲏⲧⲣⲁ,ητρον
ⲹⲓⲁⲧⲣⲟⲥ,ιατρος
ⲹⲓⲇⲓⲟⲛ,ιδιος
ⲹⲓⲇⲓⲱⲧⲏⲥ,ιδιωτης
ⲹⲓⲉⲣⲁ,ιερος
ⲹⲓⲉⲣⲁⲧⲓⲕⲟⲛ,ιερατικος
ⲹⲓⲉⲣⲁⲧⲓⲟⲛ,ιερατειον
ⲹⲓⲉⲣⲟⲛ,ιερον
ⲹⲓⲉⲣⲟⲫⲁⲛⲧⲏⲥ,ιεροφαντης
ⲹⲓⲕⲁⲛⲟⲥ,ικανος
ⲹⲓⲕⲟⲛⲓⲕⲟⲥ,εικονικως
ⲹⲓⲕⲱⲛ,εικων
ⲹⲓⲗⲓⲕⲣⲓⲛⲏⲥ,ειλικρινης
ⲹⲓⲙⲁⲣⲙⲉⲛⲏ,ειμαρμενη
ⲹⲓⲙⲉⲣⲟⲥ,ιμερος
ⲹⲓⲛⲁ,ινα
ⲹⲓⲡⲡⲉⲩⲥ,ιππευς
ⲹⲓⲡⲡⲓⲕⲟⲥ,ιππικος
ⲹⲓⲥⲁⲅⲅⲉⲗⲟⲥ,ισαγγελος
ⲹⲓⲥⲁⲩⲣⲟⲥ,ισαυρος
ⲹⲓⲥⲟⲇⲩⲛⲁⲙⲓⲥ,ισοδυναμις
ⲹⲓⲥⲟⲇⲩⲛⲁⲙⲟⲥ,ισοδυναμος
ⲹⲓⲥⲟⲛ,ισον
ⲹⲓⲥⲟⲥ,ισος
ⲹⲓⲥⲟⲭⲣⲟⲛⲟⲥ,ισοχρονος
ⲹⲓⲥⲧⲏⲣ,υστερεω
ⲹⲓⲥⲧⲟⲣⲓ,ιστορεω
ⲹⲓⲥⲧⲟⲣⲓⲍⲉ,ιστοριζω
ⲹⲓⲧⲁⲗⲓⲕⲏ,ιταλικος
ⲹⲟⲃⲟⲗⲟⲥ,οβολος
ⲹⲟⲇⲟⲥ,οδος
ⲹⲟⲓⲟⲛ,οιος
ⲹⲟⲗⲓⲅⲟⲛ,ολιγος
ⲹⲟⲗⲟⲕⲁⲩⲧⲱⲙⲁ,ολοκαυτωμα
ⲹⲟⲗⲟⲕⲟⲧⲧⲓⲛⲟⲥ,ολοκοττινος
ⲹⲟⲗⲟⲛ,ολος
ⲹⲟⲗⲟⲥⲏⲣⲓⲕⲕⲟⲛ,ολοσηρικον
ⲹⲟⲗⲱⲥ,ολως
ⲹⲟⲙⲓⲗⲓⲁ,ομιλια
ⲹⲟⲙⲟⲗⲟⲅⲉⲓ,ομολογεω
ⲹⲟⲙⲟⲗⲟⲅⲏⲧⲏⲥ,ομολογητης
ⲹⲟⲙⲟⲗⲟⲅⲓⲁ,ομολογια
ⲹⲟⲙⲟⲛⲟⲓ,ομονοεω
ⲹⲟⲙⲟⲛⲟⲓⲁ,ομονοια
ⲹⲟⲙⲟⲟⲩⲥⲓⲟⲛ,ομοουσιος
ⲹⲟⲙⲟⲟⲩⲥⲓⲟⲥ,ομοουσιος
ⲹⲟⲙⲟⲡⲛⲉⲩⲙⲁ,ομοπνευμα
ⲹⲟⲙⲱⲥ,ομως
ⲹⲟⲡⲗⲓⲍⲉ,οπλιζω
ⲹⲟⲡⲗⲟⲛ,οπλον
ⲹⲟⲡⲟⲧⲉ,οποτε
ⲹⲟⲡⲟⲩ,οπου
ⲹⲟⲡⲱⲥ,οπως
ⲹⲟⲣⲁⲥⲓⲥ,ορασις
ⲹⲟⲣⲁⲧⲟⲛ,ορατος
ⲹⲟⲣⲓⲍⲉ,οριζω
ⲹⲟⲣⲙⲏ,ορμη
ⲹⲟⲣⲙⲓⲥⲕⲟⲥ,ορμισκος
ⲹⲟⲣⲟⲙⲁ,οραμα
ⲹⲟⲣⲟⲥ,ορος
ⲹⲟⲥⲓⲱⲧⲁⲧⲟⲥ,οσιωτατος
ⲹⲟⲥⲟⲛ,οσος
ⲹⲟⲧⲁⲛ,οταν
ⲹⲟⲧⲉ,οτε
ⲹⲣⲁⲃⲧⲱⲥ,ραβδος
ⲹⲣⲁⲙⲛⲟⲥ,ραμνος
ⲹⲣⲁⲭⲁ,ρακα
ⲹⲣⲉⲟⲛ,ρεον
ⲹⲣⲉⲡⲓⲍⲉ,ριπιζω
ⲹⲣⲉⲩⲙⲁ,ρευμα
ⲹⲣⲉⲩⲙⲁⲧⲓⲥⲉ,ρευματιζειν
ⲹⲣⲏⲧⲟⲛ,ρητον
ⲹⲣⲏⲧⲱⲣ,ρητωρ
ⲹⲣⲟⲇⲓⲛⲟⲛ,ροδινος
ⲹⲣⲱⲙⲁⲓⲕⲟⲛ,ρωμαικος
ⲹⲣⲱⲙⲁⲓⲟⲥ,ρωμαιος
ⲹⲩⲁⲕⲓⲛⲑⲓⲛⲟⲛ,υακινθινος
ⲹⲩⲁⲕⲓⲛⲑⲟⲥ,υακινθος
ⲹⲩⲃⲣⲓⲍⲉ,υβριζω
ⲹⲩⲃⲣⲓⲥⲧⲏⲥ,υβριστης
ⲹⲩⲇⲣⲓⲁ,υδρια
ⲹⲩⲇⲣⲟⲡⲓⲕⲟⲥ,υδρωπικος
ⲹⲩⲗⲏ,ηλος
ⲹⲩⲗⲓⲕⲏ,υλικος
ⲹⲩⲗⲓⲕⲟⲛ,υλικος
ⲹⲩⲗⲓⲕⲟⲥ,υλικος
ⲹⲩⲗⲩⲅⲓⲁ,ηλικια
ⲹⲩⲙⲉⲕⲣⲁⲛⲓⲟⲛ,ημικρανιον
ⲹⲩⲙⲏⲛ,υμην
ⲹⲩⲙⲛⲉⲩⲉ,υμνευω
ⲹⲩⲙⲛⲓ,υμνεω
ⲹⲩⲙⲛⲟⲗⲟⲅⲉⲓ,υμνολογεω
ⲹⲩⲙⲛⲟⲗⲟⲅⲓⲁ,υμνολογια
ⲹⲩⲙⲛⲟⲥ,υμνος
ⲹⲩⲙⲛⲱⲧⲟⲥ,υμνωδος
ⲹⲩⲡⲁⲅⲟⲣⲉⲩⲉ,υπαγορευω
ⲹⲩⲡⲁⲣⲏⲥ,υπαρης
ⲹⲩⲡⲁⲣⲝⲓⲥ,υπαρξις
ⲹⲩⲡⲁⲣⲭⲟⲛⲧⲁ,υπαρχοντα
ⲹⲩⲡⲉⲩⲑⲉⲛⲟⲥ,υπευθυνος
ⲹⲩⲡⲏⲣⲉⲥⲓⲁ,υπηρεσια
ⲹⲩⲡⲏⲣⲉⲧⲉⲓ,υπηρετεω
ⲹⲩⲡⲏⲣⲉⲧⲏⲥ,υπηρετης
ⲹⲩⲡⲓⲥⲭⲟⲩ,υπισχνεομαι
ⲹⲩⲡⲟⲃⲁⲗⲉ,υποβαλλω
ⲹⲩⲡⲟⲅⲣⲁⲫⲉ,υπογραφω
ⲹⲩⲡⲟⲅⲣⲁⲫⲉⲩⲥ,υπογραφευς
ⲹⲩⲡⲟⲅⲣⲁⲫⲏ,υπογραφη
ⲹⲩⲡⲟⲇⲓⲁⲕⲟⲛⲟⲥ,υποδιακονος
ⲹⲩⲡⲟⲇⲓⲁⲕⲱⲛ,υποδιακων
ⲹⲩⲡⲟⲑⲉⲥⲓⲥ,υποθεσις
ⲹⲩⲡⲟⲑⲏⲕⲏ,υποθηκη
ⲹⲩⲡⲟⲕⲉιⲙⲉⲛⲟⲥ,υποκειμαι
ⲹⲩⲡⲟⲕⲉⲓⲥⲑⲁⲓ,υποκειμαι
ⲹⲩⲡⲟⲕⲟⲣⲉⲩⲉ,υποκορευω
ⲹⲩⲡⲟⲕⲣⲓⲛⲉ,υποκρινω
ⲹⲩⲡⲟⲕⲣⲓⲥⲓⲥ,υποκρισις
ⲹⲩⲡⲟⲕⲣⲓⲧⲏⲥ,υποκριτης
ⲹⲩⲡⲟⲗⲩⲙⲯⲓⲥ,υπολημψις
ⲹⲩⲡⲟⲙⲓⲛⲉ,υπομενω
ⲹⲩⲡⲟⲙⲛⲏⲙⲁ,υπομνημα
ⲹⲩⲡⲟⲙⲛⲏⲥⲓⲥ,υπομνησις
ⲹⲩⲡⲟⲙⲛⲏⲥⲕⲉ,υπομνησκω
ⲹⲩⲡⲟⲙⲛⲓⲍⲉ,υπομνησκω
ⲹⲩⲡⲟⲙⲟⲛⲏ,υπομονη
ⲹⲩⲡⲟⲡⲟⲇⲓⲟⲛ,υποποδιον
ⲹⲩⲡⲟⲥⲧⲁⲥⲓⲥ,υποστασις
ⲹⲩⲡⲟⲧⲁⲅⲏ,υποταγη
ⲹⲩⲡⲟⲧⲁⲥⲥⲉ,υποτασσω
ⲹⲩⲡⲟⲩⲣⲅⲉⲓ,υπουργεω
ⲹⲩⲡⲟⲩⲣⲅⲓⲁ,υπουργια
ⲹⲩⲡⲟⲩⲣⲅⲓⲥⲑⲉ,υπουργεω
ⲹⲩⲡⲟⲭⲟⲣⲉⲓ,υποχωρεω
ⲹⲩⲡⲱⲣⲁ,υπωρα
ⲹⲩⲡⲱⲣⲁⲟⲛ,υπωρειος
ⲹⲩⲥⲥⲱⲡⲟⲛ,υσσωπον
ⲹⲩⲥⲧⲉⲣⲏⲙⲁ,υστερημα
ⲹⲩⲥⲩⲭⲓⲁ,ησυχια
ⲹⲱⲣⲟⲥⲕⲟⲡⲟⲥ,ωροσκοπος
ⲹⲱⲥ,ως
ⲹⲱⲥⲡⲉⲣ,ωσπερ
ⲹⲱⲥⲧⲉ,ωστε
ⲻⲓⲟⲉⲝⲟⲩⲥⲓⲁ,εξουσια
ⲽⲓⲛⲥ⳨ⲟ︦ⲩ︦,σταυροω
ⲽⲟⲗⲗⲉ,κολλα
ⲿⲁⲑⲩⲥⲓⲥ,διαθεσις
ⲿⲁⲗⲏⲅⲓⲑⲁⲓ,διαλεγω
ⲿⲁⲙⲁⲣⲧⲉⲣⲉ,διαμαρτυρεομαι
ⲿⲕⲛⲉⲩⲉ,δεικνευω
