rank,score,channels,quotation_run_tokens,bible_ref,bible_text,shenoute_ref,shenoute_text,label,notes
1,254.8,"lemma, exact, quotation, rare_word, syntax, sound, edit_distance",31,sahidica.acts_of_the_apostles.20.32,[Sahidica text omitted per license; see sahidica.acts_of_the_apostles.20.32],shenoute.abraham.249,ϫⲉϯϯ ⲙⲙⲱⲧⲛ ⲉⲧⲟⲟⲧϥ ⲙⲡⲛⲟⲩⲧⲉ ⲙⲛⲡϣⲁϫⲉ ⲛⲧⲉϥⲭⲁⲣⲓⲥ · ⲡⲉⲧⲉⲩⲛϭⲟⲙ ⲙⲙⲟϥ ⲉⲕⲱⲧ ⲙⲙⲱⲧⲛ ⲁⲩⲱ ⲉϯ ⲛⲏⲧⲛ ⲛⲧⲉⲕⲗⲏⲣⲟⲛⲟⲙⲓⲁ ⲙⲛⲛⲉⲧⲟⲩⲁⲁⲃ ⲧⲏⲣⲟⲩ ·,,
2,190.65,"lemma, exact, quotation, rare_word, syntax, sound, edit_distance",23,sahidic.genesis.21.10,ⲡⲉϫⲁⲥ ⲛⲁⲃⲣⲁϩⲁⲙ ϫⲉⲛⲟⲩϫⲉ ⲉⲃⲟⲗ ⲛⲧⲉⲓϩⲙϩⲁⲗ ⲙⲛⲡⲉⲥϣⲏⲣⲉ ⲛⲛⲉϥⲕⲗⲏⲣⲟⲛⲟⲙⲉⲓ ⲅⲁⲣ ⲛϭⲓⲡϣⲏⲣⲉ ⲛⲧⲉⲓϩⲙϩⲁⲗ ⲙⲛⲡⲁϣⲏⲣⲉ ⲓⲥⲁⲁⲕ,shenoute.abraham.41,ⲉⲧⲃⲉⲡⲁⲓ ⲣⲱ ⲁⲥϫⲟⲟⲥ ϩⲛⲟⲩⲡⲁⲣⲣⲏⲥⲓⲁ ϩⲙⲡⲥⲟⲟⲩⲛ ⲙⲡⲛⲟⲩⲧⲉ ⲛϭⲓⲧⲙⲁⲁⲩ ⲙⲡϣⲏⲣⲉ ⲉⲧⲟⲓ ⲛⲧⲟⲟⲧⲥ · ϫⲉⲛⲟⲩϫⲉ ⲉⲃⲟⲗ ⲛⲧⲉⲓϩⲙϩⲁⲗ ⲙⲛⲡⲉⲥϣⲏⲣⲉ · ⲛⲛⲉϥⲕⲗⲏⲣⲟⲛⲟⲙⲉⲓ ⲅⲁⲣ ⲛϭⲓⲡϣⲏⲣⲉ ⲛⲧⲉⲓϩⲙϩⲁⲗ ⲙⲛⲡⲁϣⲏⲣⲉ ⲓⲥⲁⲁⲕ ·,,
3,187.29,"lemma, exact, quotation, rare_word, dictionary, syntax, sound, edit_distance",22,sahidica.matthew.19.29,[Sahidica text omitted per license; see sahidica.matthew.19.29],shenoute.abraham.286,"ϫⲉⲟⲩⲟⲛ ⲛⲓⲙ ⲉⲛⲧⲁϥⲕⲁⲏⲓ ⲛⲥⲱϥ · ⲏ ⲥⲟⲛ . ⲏ ⲥⲱⲛⲉ · ⲏ ⲉⲓⲱⲧ · ⲏ ⲙⲁⲁⲩ · ⲏ ⲥϩⲓⲙⲉ · ⲏ ϣⲏⲣⲉ · ⲏ ϣⲉⲉⲣⲉ · ⲏ ⲥⲱϣⲉ , ⲉⲧⲃⲉⲡⲁⲣⲁⲛ . ϥⲛⲁϫⲓⲧⲟⲩ ⲛϩⲁϩ ⲛⲕⲱⲃ ⲁⲩⲱ ⲛϥⲕⲗⲏⲣⲟⲛⲟⲙⲉⲓ , ⲙⲡⲱⲛϩ ϣⲁⲉⲛⲉϩ :",,
4,152.78,"lemma, exact, quotation, rare_word, dictionary, syntax, sound, edit_distance",20,sahidica.john.15.15,[Sahidica text omitted per license; see sahidica.john.15.15],shenoute.abraham.19,ⲁⲗⲗⲁ ⲉⲓⲛⲁⲙⲟⲩⲧⲉ ⲉⲣⲱⲧⲛ ϫⲉⲛⲁⲥⲛⲏⲩ ⲁⲩⲱ ⲛⲁϣⲃⲉⲉⲣ · ϫⲉⲛⲉⲛⲧⲁⲓⲥⲟⲧⲙⲟⲩ ⲧⲏⲣⲟⲩ ⲛⲧⲉⲡⲁⲉⲓⲱⲧ ⲁⲓⲧⲁⲙⲱⲧⲛ ⲉⲣⲟⲟⲩ ·,,
5,152.77,"lemma, exact, quotation, rare_word, dictionary, syntax, sound, edit_distance",20,sahidica.john.15.15,[Sahidica text omitted per license; see sahidica.john.15.15],shenoute.abraham.133,ⲁⲗⲗⲁ ⲉⲓⲛⲁⲙⲟⲩⲧⲉ ⲉⲣⲱⲧⲛ ϫⲉⲛⲁⲥⲛⲏⲩ ⲁⲩⲱ ⲛⲁϣⲃⲉⲉⲣ · ϫⲉⲛⲉⲛⲧⲁⲓⲥⲟⲧⲙⲟⲩ ⲧⲏⲣⲟⲩ ⲛⲧⲉⲡⲁⲉⲓⲱⲧ ⲁⲓⲧⲁⲙⲱⲧⲛ ⲉⲣⲟⲟⲩ ·,,
6,133.16,"lemma, exact, quotation, rare_word, syntax, sound, edit_distance",16,sahidic.isaiah.56.5,ϯⲛⲁϫⲓⲧⲟⲩ ⲉϩⲟⲩⲛ ⲉⲡⲁⲧⲟⲟⲩ ⲉⲧⲟⲩⲁⲁⲃ ⲁⲩⲱ ϯⲛⲁϯ ⲛⲁⲩ ϩⲙⲡⲁⲏⲓ ⲁⲩⲱ ϩⲙⲡⲁⲥⲟⲃⲧ ⲛⲟⲩⲙⲁ ⲉϥⲥⲟⲧⲡ ⲁⲩⲱ ⲛⲥⲟⲉⲓⲧ ⲉⲛⲁⲛⲟⲩϥ ⲉϣⲏⲣⲉ ϩⲓϣⲉⲉⲣⲉ ⲟⲩⲣⲁⲛ ⲛϣⲁ ⲉⲛⲉϩ ϯⲛⲁⲧⲁⲁϥ ⲛⲁⲩ ⲁⲩⲱ ⲛⲛⲉϥⲱϫⲛ,shenoute.abraham.82,ϫⲉⲡϫⲟⲉⲓⲥ ⲛⲁϯ ⲛϩⲉⲛⲥⲓⲟⲩⲣ ⲙⲛⲙⲡⲁⲣⲑⲉⲛⲟⲥ ⲛⲟⲩⲙⲁ ⲉϥⲥⲟⲧⲡ ⲁⲩⲱ ⲛⲥⲟⲉⲓⲧ ⲉⲛⲁⲛⲟⲩϥ ⲉϣⲏⲣⲉ ϩⲓϣⲉⲉⲣⲉ ·,,
7,129.74,"lemma, exact, quotation, rare_word, syntax, sound, edit_distance",16,sahidic.psalms.108.18,ⲁϥϯⲡⲥⲁϩⲟⲩ ϩⲓⲱⲱϥ ⲛⲧϩⲉ ⲛⲟⲩϩⲟⲓⲧⲉ ⲁϥⲃⲱⲕ ⲉϩⲟⲩⲛ ⲉⲛⲉϥⲙⲁϩⲧ ⲛⲧϩⲉ ⲛⲟⲩⲙⲟⲟⲩ ⲁⲩⲱ ⲛⲧϩⲉ ⲛⲟⲩⲛⲉϩ ϩⲛⲛⲉϥⲕⲉⲉⲥ,shenoute.abraham.227,ϫⲉⲙⲁⲣⲉⲡⲥⲁϩⲟⲩ ⲃⲱⲕ ⲉϩⲟⲩⲛ ⲉϩⲏⲧϥ ⲛⲧϩⲉ ⲛⲟⲩⲙⲟⲟⲩ · ⲁⲩⲱ ⲛⲧϩⲉ ⲛⲟⲩⲛⲉϩ ϩⲛⲛⲉϥⲕⲉⲉⲥ ·,,
8,127.57,"lemma, exact, quotation, rare_word, dictionary, syntax, sound, edit_distance",14,sahidica.luke.14.26,[Sahidica text omitted per license; see sahidica.luke.14.26],shenoute.abraham.277,"ϫⲉⲡⲉⲧⲛⲏⲩ ϣⲁⲣⲟⲓ , ⲉϥⲙⲟⲥⲧⲉ ⲙⲡⲉϥⲉⲓⲱⲧ ⲙⲛⲧⲉϥⲙⲁⲁⲩ · ⲙⲛⲛⲉϥϣⲏⲣⲉ · ⲙⲛⲛⲉϥⲥⲛⲏⲩ ⲙⲛⲛⲉϥⲥⲱⲛⲉ , ⲉⲧⲓ ⲇⲉ ⲧⲉϥⲕⲉⲯⲩⲭⲏ",,
9,115.5,"lemma, exact, quotation, rare_word, dictionary, syntax, sound, edit_distance",13,sahidica.john.15.15,[Sahidica text omitted per license; see sahidica.john.15.15],shenoute.abraham.18,ⲉⲧⲃⲉⲡⲁⲓ ⲡⲉϫⲁϥ ⲛⲁⲩ ϫⲉⲛϯⲛⲁⲙⲟⲩⲧⲉ ϭⲉ ⲁⲛ ⲉⲣⲱⲧⲛ ϫⲉⲛⲁϩⲙϩⲁⲗ ϫⲉⲙⲡϩⲙϩⲁⲗ ⲥⲟⲟⲩⲛ ⲁⲛ ϫⲉⲟⲩ ⲡⲉⲧⲉⲣⲉⲡⲉϥϫⲟⲉⲓⲥ ⲉⲓⲣⲉ ⲙⲙⲟϥ ·,,
10,114.3,"lemma, exact, quotation, rare_word, dictionary, syntax, sound, edit_distance",13,sahidica.john.15.15,[Sahidica text omitted per license; see sahidica.john.15.15],shenoute.abraham.132,ⲉⲧⲃⲉⲡⲁⲓ ⲡⲉϫⲁϥ ⲛⲁⲩ ϫⲉϯⲛⲁⲙⲟⲩⲧⲉ ϭⲉ ⲁⲛ ⲉⲣⲱⲧⲛ ϫⲓⲛⲧⲉⲛⲟⲩ ϫⲉⲛⲁϩⲙϩⲁⲗ · ϫⲉⲙⲡϩⲙϩⲁⲗ ⲥⲟⲟⲩⲛ ⲁⲛ ϫⲉⲟⲩ ⲡⲉⲧⲉⲣⲉⲡⲉϥϫⲟⲉⲓⲥ ⲉⲓⲣⲉ ⲙⲙⲟϥ ·,,
11,114.04,"lemma, exact, quotation, rare_word, syntax, sound",13,sahidica.2_corinthians.5.5,[Sahidica text omitted per license; see sahidica.2_corinthians.5.5],shenoute.abraham.308,ϫⲉⲡⲉⲛⲧⲁϥⲣϩⲱⲃ ⲇⲉ ⲉⲣⲟⲛ ⲉⲡⲁⲓ ⲡⲉ ⲡⲛⲟⲩⲧⲉ,,
12,113.24,"lemma, exact, quotation, rare_word, dictionary, syntax, sound, edit_distance",14,sahidic.genesis.1.26,ⲡⲉϫⲁϥ ⲛϭⲓⲡⲛⲟⲩⲧⲉ ϫⲉⲙⲁⲣⲉⲛⲧⲁⲙⲓⲟ ⲛⲟⲩⲣⲱⲙⲉ ⲕⲁⲧⲁⲧⲉⲛϩⲓⲕⲱⲛ ⲁⲩⲱ ⲕⲁⲧⲁⲡⲉⲛⲉⲓⲛⲉ ⲁⲩⲱ ⲙⲁⲣⲟⲩⲣϫⲟⲉⲓⲥ ⲉϩⲣⲁⲓ ⲉϫⲛⲛⲧⲃⲧ ⲛⲧⲑⲁⲗⲁⲥⲥⲁ ⲙⲛⲛϩⲁⲗⲁⲁⲧⲉ ⲛⲧⲡⲉ ⲙⲛⲛⲧⲃⲛⲟⲟⲩⲉ ⲙⲛⲛⲉⲑⲏⲣⲓⲟⲛ ⲙⲡⲕⲁϩ ⲧⲏⲣϥ ⲁⲩⲱ ⲉϫⲛϫⲁⲧϥⲉ ⲛⲓⲙ ⲉⲧⲙⲟⲟϣⲉ ϩⲣⲁⲓ ϩⲓϫⲙⲡⲕⲁϩ,shenoute.abraham.169,"ⲡⲁⲓ ⲉⲧϣⲟⲟⲡ ϩⲁⲧⲉⲩϩⲏ ⲧⲏⲣⲟⲩ · ϫⲉⲙⲁⲣⲉⲛⲧⲁⲙⲓⲟ ⲛⲟⲩⲣⲱⲙⲉ ⲕⲁⲧⲁⲧⲉⲛϩⲓⲕⲱⲛ ⲁⲩⲱ ⲕⲁⲧⲁⲡⲉⲛⲉⲓⲛⲉ ,",,
13,111.05,"lemma, exact, quotation, rare_word, dictionary, syntax, sound, edit_distance",12,sahidica.matthew.10.28,[Sahidica text omitted per license; see sahidica.matthew.10.28],shenoute.abraham.23,ⲙⲡⲣⲣϩⲟⲧⲉ ϩⲏⲧⲟⲩ ⲛⲛⲉⲧⲛⲁⲙⲟⲩⲟⲩⲧ ⲙⲡⲉⲧⲛⲥⲱⲙⲁ ·,,
14,111.05,"lemma, exact, quotation, rare_word, dictionary, syntax, sound, edit_distance",12,sahidica.matthew.10.28,[Sahidica text omitted per license; see sahidica.matthew.10.28],shenoute.abraham.137,ⲙⲡⲣⲣϩⲟⲧⲉϩⲏⲧⲟⲩ ⲛⲛⲉⲧⲛⲁⲙⲟⲩⲟⲩⲧ ⲙⲡⲉⲧⲛⲥⲱⲙⲁ ·,,
15,110.72,"lemma, exact, quotation, rare_word, syntax, sound",12,sahidica.luke.12.4,[Sahidica text omitted per license; see sahidica.luke.12.4],shenoute.abraham.23,ⲙⲡⲣⲣϩⲟⲧⲉ ϩⲏⲧⲟⲩ ⲛⲛⲉⲧⲛⲁⲙⲟⲩⲟⲩⲧ ⲙⲡⲉⲧⲛⲥⲱⲙⲁ ·,,
16,110.72,"lemma, exact, quotation, rare_word, syntax, sound",12,sahidica.luke.12.4,[Sahidica text omitted per license; see sahidica.luke.12.4],shenoute.abraham.137,ⲙⲡⲣⲣϩⲟⲧⲉϩⲏⲧⲟⲩ ⲛⲛⲉⲧⲛⲁⲙⲟⲩⲟⲩⲧ ⲙⲡⲉⲧⲛⲥⲱⲙⲁ ·,,
17,108.97,"lemma, exact, quotation, rare_word, syntax, sound, edit_distance",12,sahidica.galatians.4.30,[Sahidica text omitted per license; see sahidica.galatians.4.30],shenoute.abraham.41,ⲉⲧⲃⲉⲡⲁⲓ ⲣⲱ ⲁⲥϫⲟⲟⲥ ϩⲛⲟⲩⲡⲁⲣⲣⲏⲥⲓⲁ ϩⲙⲡⲥⲟⲟⲩⲛ ⲙⲡⲛⲟⲩⲧⲉ ⲛϭⲓⲧⲙⲁⲁⲩ ⲙⲡϣⲏⲣⲉ ⲉⲧⲟⲓ ⲛⲧⲟⲟⲧⲥ · ϫⲉⲛⲟⲩϫⲉ ⲉⲃⲟⲗ ⲛⲧⲉⲓϩⲙϩⲁⲗ ⲙⲛⲡⲉⲥϣⲏⲣⲉ · ⲛⲛⲉϥⲕⲗⲏⲣⲟⲛⲟⲙⲉⲓ ⲅⲁⲣ ⲛϭⲓⲡϣⲏⲣⲉ ⲛⲧⲉⲓϩⲙϩⲁⲗ ⲙⲛⲡⲁϣⲏⲣⲉ ⲓⲥⲁⲁⲕ ·,,
18,107.96,"lemma, exact, quotation, rare_word, syntax, sound",12,sahidica.romans.9.13,[Sahidica text omitted per license; see sahidica.romans.9.13],shenoute.abraham.48,ⲉⲁⲏⲥⲁⲩ ϣⲱⲡⲉ ⲛϩⲙϩⲁⲗ ⲛⲓⲁⲕⲱⲃ ⲕⲁⲧⲁⲛⲉⲅⲣⲁⲫⲏ ϫⲉⲡⲛⲟϭ ⲛⲁⲣϩⲙϩⲁⲗ ⲙⲡⲕⲟⲩⲓ ⲁⲩⲱ ⲟⲛ ϫⲉⲓⲁⲕⲱⲃ ⲁⲓⲙⲉⲣⲓⲧϥ ⲏⲥⲁⲩ ⲇⲉ ⲁⲓⲙⲉⲥⲧⲱϥ ·,,
19,107.29,"lemma, exact, quotation, rare_word, syntax, sound",10,sahidica.james.5.10,[Sahidica text omitted per license; see sahidica.james.5.10],shenoute.abraham.300,ⲁⲩⲱ ⲟⲛ ϫⲉϫⲓ ϭⲉ ⲙⲡⲉⲥⲙⲟⲧ ⲛⲁⲥⲛⲏⲩ ⲙⲡϩⲓⲥⲉ ⲙⲛⲧⲙⲛⲧϩⲁⲣϣϩⲏⲧ ⲛⲛⲉⲡⲣⲟⲫⲏⲧⲏⲥ · ⸖,,
20,101.04,"lemma, exact, quotation, rare_word, syntax, sound",12,sahidica.titus.2.3,[Sahidica text omitted per license; see sahidica.titus.2.3],shenoute.abraham.302,ⲉⲓⲧⲁ ⲟⲛ ϫⲉ ⲛϩⲗⲗⲱ ⲟⲛ ⲛⲧⲉⲓϩⲉ ϩⲛⲟⲩⲥⲙⲟⲧ ⲉϥⲟⲩⲁⲁⲃ ·,,
21,98.39,"lemma, exact, quotation, rare_word, syntax, sound",11,sahidic.baruch.2.2,ϫⲉⲉⲣⲉⲡϫⲟⲉⲓⲥ ⲉⲓⲛⲉ ⲛⲛⲉⲓⲛⲟϭ ⲙⲡⲉⲧϩⲟⲟⲩ ⲉϫⲱⲛ ⲛⲁⲓ ⲉⲙⲡⲟⲩϣⲱⲡⲉ ϩⲙⲡⲕⲁϩ ⲧⲏⲣϥ ⲕⲁⲧⲁⲛⲉⲛⲧⲁϥⲁⲁⲩ ϩⲛⲧϩⲓⲏⲙ ⲕⲁⲧⲁⲛⲉⲧⲥⲏϩ ⲧⲏⲣⲟⲩ ϩⲙⲡⲛⲟⲙⲟⲥ ⲙⲙⲱⲩⲥⲏⲥ,shenoute.abraham.205,ⲕⲁⲧⲁⲛⲉⲧⲥⲏϩ ⲧⲏⲣⲟⲩ ϩⲙⲡⲛⲟⲙⲟⲥ ⲙⲙⲱⲩⲥⲏⲥ ·,,
22,97.99,"lemma, exact, quotation, rare_word, syntax, sound",11,sahidic.genesis.9.2,ⲧⲉⲧⲛϩⲟⲧⲉ ⲙⲛⲡⲉⲧⲛⲥⲧⲱⲧ ⲉⲥⲉϣⲱⲡⲉ ⲉϩⲣⲁⲓ ⲉϫⲛⲛⲉⲑⲏⲣⲓⲟⲛ ⲧⲏⲣⲟⲩ ⲙⲡⲕⲁϩ ⲁⲩⲱ ⲉϫⲛⲛⲧⲃⲛⲟⲟⲩⲉ ⲛⲧⲥⲱϣⲉ ⲙⲛⲛϩⲁⲗⲁⲧⲉ ⲧⲏⲣⲟⲩ ⲛⲧⲡⲉ ⲁⲩⲱ ⲉϫⲛⲛⲉⲧⲕⲓⲙ ⲧⲏⲣⲟⲩ ϩⲓϫⲙⲡⲕⲁϩ ⲁⲩⲱ ⲉϫⲛⲛⲧⲃⲧ ⲧⲏⲣⲟⲩ ⲛⲧⲑⲁⲗⲁⲥⲥⲁ ⲁⲓϯ ⲙⲙⲟⲟⲩ ϩⲁⲛⲉⲧⲛϭⲓϫ,shenoute.abraham.166,ⲛⲉϩⲟⲟⲩ ⲙⲛⲛⲉⲥⲟⲟⲩ · ⲙⲛⲛⲕⲉⲧⲃⲛⲟⲟⲩⲉ ⲧⲏⲣⲟⲩ ⲛⲧⲥⲱϣⲉ · ⲙⲛⲛϩⲁⲗⲁⲧⲉ ⲧⲏⲣⲟⲩ ⲛⲧⲡⲉ ·,,
23,97.14,"lemma, exact, quotation, rare_word, syntax, sound, edit_distance",10,sahidica.matthew.10.16,[Sahidica text omitted per license; see sahidica.matthew.10.16],shenoute.abraham.136,ⲁⲩⲱ ϯϫⲟⲟⲩ ⲙⲙⲱⲧⲛ ⲛⲧϩⲉ ⲛϩⲉⲛⲉⲥⲟⲟⲩ ⲛⲧⲙⲏⲧⲉ ⲛϩⲉⲛⲟⲩⲱⲛϣ,,
24,97.14,"lemma, exact, quotation, rare_word, syntax, sound, edit_distance",10,sahidica.matthew.10.16,[Sahidica text omitted per license; see sahidica.matthew.10.16],shenoute.abraham.22,ⲁⲩⲱ ϯϫⲟⲟⲩ ⲙⲙⲱⲧⲛ ⲛⲧϩⲉ ⲛϩⲉⲛⲉⲥⲟⲟⲩ ⲛⲧⲙⲏⲧⲉ ⲛϩⲉⲛⲟⲩⲱⲛϣ :,,
25,90.47,"lemma, exact, quotation, rare_word, syntax, sound",9,sahidic.genesis.1.27,ⲁⲡⲛⲟⲩⲧⲉ ⲧⲁⲙⲓⲟ ⲙⲡⲣⲱⲙⲉ ⲕⲁⲧⲁⲧϩⲓⲕⲱⲛ ⲙⲡⲛⲟⲩⲧⲉ ⲁϥⲧⲁⲙⲓⲟⲟⲩ ⲟⲩϩⲟⲟⲩⲧ ⲙⲛⲟⲩⲥϩⲓⲙⲉ ⲁϥⲧⲁⲙⲓⲟⲟⲩ,shenoute.abraham.173,ⲟⲩϩⲟⲟⲩⲧ ⲙⲛⲟⲩⲥϩⲓⲙⲉ ⲁϥⲧⲁⲙⲓⲟⲟⲩ ⲛϭⲓⲡⲛⲟⲩⲧⲉ ⲕⲁⲧⲁⲧϩⲉ ⲉⲧⲥⲏϩ ·,,
26,87.49,"lemma, exact, quotation, rare_word, syntax, sound",12,sahidica.john.15.20,[Sahidica text omitted per license; see sahidica.john.15.20],shenoute.abraham.25,ⲉϣϫⲉ ⲁⲩϩⲁⲣⲉϩ ⲉⲡⲁϣⲁϫⲉ ⲥⲉⲛⲁϩⲁⲣⲉϩ ⲟⲛ ⲉⲡⲱⲧⲛ :,,
27,87.49,"lemma, exact, quotation, rare_word, syntax, sound",12,sahidica.john.15.20,[Sahidica text omitted per license; see sahidica.john.15.20],shenoute.abraham.139,ⲉϣϫⲉ ⲁⲩϩⲁⲣⲉϩ ⲉⲡⲁϣⲁϫⲉ ⲥⲉⲛⲁϩⲁⲣⲉϩ ⲟⲛ ⲉⲡⲱⲧⲛ ·,,
28,85.4,"lemma, exact, quotation, rare_word, syntax, sound",9,sahidica.luke.10.3,[Sahidica text omitted per license; see sahidica.luke.10.3],shenoute.abraham.136,ⲁⲩⲱ ϯϫⲟⲟⲩ ⲙⲙⲱⲧⲛ ⲛⲧϩⲉ ⲛϩⲉⲛⲉⲥⲟⲟⲩ ⲛⲧⲙⲏⲧⲉ ⲛϩⲉⲛⲟⲩⲱⲛϣ,,
29,85.39,"lemma, exact, quotation, rare_word, syntax, sound",9,sahidica.luke.10.3,[Sahidica text omitted per license; see sahidica.luke.10.3],shenoute.abraham.22,ⲁⲩⲱ ϯϫⲟⲟⲩ ⲙⲙⲱⲧⲛ ⲛⲧϩⲉ ⲛϩⲉⲛⲉⲥⲟⲟⲩ ⲛⲧⲙⲏⲧⲉ ⲛϩⲉⲛⲟⲩⲱⲛϣ :,,
30,83.76,"lemma, exact, quotation, rare_word, syntax, sound",9,sahidic.genesis.5.2,ⲟⲩϩⲟⲟⲩⲧ ⲙⲛⲟⲩⲥϩⲓⲙⲉ ⲁϥⲧⲁⲙⲓⲟⲟⲩ ⲁϥⲥⲙⲟⲩ ⲉⲣⲟⲟⲩ ⲁϥⲙⲟⲩⲧⲉ ⲉⲡⲉϥⲣⲁⲛ ϫⲉⲁⲇⲁⲙ ⲙⲡⲉϩⲟⲟⲩ ⲛⲧⲁϥⲧⲁⲙⲓⲟⲟⲩ,shenoute.abraham.173,ⲟⲩϩⲟⲟⲩⲧ ⲙⲛⲟⲩⲥϩⲓⲙⲉ ⲁϥⲧⲁⲙⲓⲟⲟⲩ ⲛϭⲓⲡⲛⲟⲩⲧⲉ ⲕⲁⲧⲁⲧϩⲉ ⲉⲧⲥⲏϩ ·,,
31,80.34,"lemma, exact, quotation, rare_word, syntax, sound",9,sahidic.isaiah.56.5,ϯⲛⲁϫⲓⲧⲟⲩ ⲉϩⲟⲩⲛ ⲉⲡⲁⲧⲟⲟⲩ ⲉⲧⲟⲩⲁⲁⲃ ⲁⲩⲱ ϯⲛⲁϯ ⲛⲁⲩ ϩⲙⲡⲁⲏⲓ ⲁⲩⲱ ϩⲙⲡⲁⲥⲟⲃⲧ ⲛⲟⲩⲙⲁ ⲉϥⲥⲟⲧⲡ ⲁⲩⲱ ⲛⲥⲟⲉⲓⲧ ⲉⲛⲁⲛⲟⲩϥ ⲉϣⲏⲣⲉ ϩⲓϣⲉⲉⲣⲉ ⲟⲩⲣⲁⲛ ⲛϣⲁ ⲉⲛⲉϩ ϯⲛⲁⲧⲁⲁϥ ⲛⲁⲩ ⲁⲩⲱ ⲛⲛⲉϥⲱϫⲛ,shenoute.abraham.97,ϫⲉⲡϫⲟⲉⲓⲥ ⲛⲁϯ ⲛⲛⲉⲥⲓ....ⲟⲩⲙⲁ ...ⲟⲧⲡ · ...ⲛⲥⲟⲉⲓⲧ ⲉⲛⲁⲛⲟⲩϥ ⲉϣⲏⲣⲉ ϩⲓϣⲉⲉⲣⲉ ·,,
32,79.76,"lemma, exact, quotation, rare_word, syntax, sound",8,sahidic.genesis.21.2,ⲁⲥⲁⲣⲣⲁ ⲱⲱ ⲁⲥϫⲡⲟ ⲛⲟⲩϣⲏⲣⲉ ⲛⲁⲃⲣⲁϩⲁⲙ ϩⲛⲧⲉϥⲙⲛⲧϩⲗⲗⲟ ϩⲙⲡⲉⲟⲩⲟⲉⲓϣ ⲕⲁⲧⲁⲧϩⲉ ⲛⲧⲁⲡϫⲟⲉⲓⲥ ϫⲟⲟⲥ ⲛⲁϥ,shenoute.abraham.30,ⲁⲩⲱ ⲧⲁⲓ ⲧⲉ ⲧϩⲉ ⲛⲧⲁⲡϫⲟⲉⲓⲥ ⲡⲛⲟⲩⲧⲉ ϯ ⲛⲟⲩϣⲏⲣⲉ ⲛⲁⲃⲣⲁϩⲁⲙ ϩⲛⲧⲉϥⲙⲛⲧϩⲗⲗⲟ ·,,
33,79.07,"lemma, exact, quotation, rare_word, syntax, sound, edit_distance",8,sahidic.jeremiah.51.4,ⲁⲩⲱ ⲁⲉⲓⲧⲛⲛⲟⲟⲩ ϣⲁⲣⲱⲧⲛ ⲛⲛⲁϩⲙϩⲁⲗ ⲛⲉⲡⲣⲟⲫⲏⲧⲏⲥ ⲛϣⲟⲣⲡ ⲁⲉⲓⲧⲛⲛⲟⲟⲩⲥⲉ ⲉⲉⲓϫⲱ ⲙⲙⲟⲥ ϫⲉⲙⲡⲣⲉⲓⲣⲉ ⲙⲡϩⲱⲃ ⲙⲡⲉⲓⲧⲱⲗⲙ ⲡⲁⲓ ⲉⲛⲧⲁⲓⲙⲉⲥⲧⲱϥ,shenoute.abraham.128,ⲕⲁⲧⲁⲛⲉⲅⲣⲁⲫⲏ · ϫⲉⲁⲓⲧⲛⲛⲟⲟⲩ ϣⲁⲣⲱⲧⲛ ⲛⲛⲁϩⲙϩⲁⲗ ⲛⲉⲡⲣⲟⲫⲏⲧⲏⲥ ⲙⲡⲉϩⲟⲟⲩ ⲙⲡⲛⲁⲩ ⲛϣⲱⲣⲡ ⲁⲩⲱ ⲁⲓⲧⲛⲛⲟⲟⲩⲥⲉ · ⲁⲩⲱ ⲙⲡⲉⲧⲛⲥⲱⲧⲙ ·,,
34,78.37,"lemma, exact, quotation, rare_word, syntax, sound, edit_distance",8,sahidic.jeremiah.51.4,ⲁⲩⲱ ⲁⲉⲓⲧⲛⲛⲟⲟⲩ ϣⲁⲣⲱⲧⲛ ⲛⲛⲁϩⲙϩⲁⲗ ⲛⲉⲡⲣⲟⲫⲏⲧⲏⲥ ⲛϣⲟⲣⲡ ⲁⲉⲓⲧⲛⲛⲟⲟⲩⲥⲉ ⲉⲉⲓϫⲱ ⲙⲙⲟⲥ ϫⲉⲙⲡⲣⲉⲓⲣⲉ ⲙⲡϩⲱⲃ ⲙⲡⲉⲓⲧⲱⲗⲙ ⲡⲁⲓ ⲉⲛⲧⲁⲓⲙⲉⲥⲧⲱϥ,shenoute.abraham.14,ⲛⲕⲁⲧⲁⲛⲉⲅⲣⲁⲫⲏ ϫⲉⲁⲓⲧⲛⲛⲟⲟⲩ ϣⲁⲣⲱⲧⲛ ⲛⲛⲁϩⲙϩⲁⲗ ⲛⲉⲡⲣⲟⲫⲏⲧⲏⲥ ⲙⲡϫⲡⲉϩⲟⲟⲩ ⲙⲡⲛⲁⲩ ⲛϣⲱⲣⲡ ⲁⲩⲱ ⲁⲓⲧⲛⲛⲟⲟⲩⲟⲟⲩ · ⲁⲩⲱ ⲙⲡⲉⲧⲛⲥⲱⲧⲙ :,,
35,78.33,"lemma, exact, quotation, rare_word, syntax, sound",7,sahidic.job.10.8,ⲛⲉⲕϭⲓϫ ⲛⲉⲛⲧⲁⲩⲡⲗⲁⲥⲥⲉ ⲙⲙⲟⲓ ⲁⲩⲧⲁⲙⲓⲟⲓ ⲙⲛⲛⲥⲱⲥ ⲁⲕⲕⲟⲧⲕ ⲁⲕⲣⲁϩⲧ,shenoute.abraham.306,⸖ ⲛⲉϥϭⲓϫ ⲛⲉⲛⲧⲁⲩⲡⲗⲁⲥⲥⲉ ⲙⲙⲟⲛ ⲁⲩⲧⲁⲙⲓⲟⲛ :,,
36,78.31,"lemma, exact, quotation, rare_word, syntax, sound",9,sahidic.proverbs.15.3,ⲛⲃⲁⲗ ⲙⲡⲛⲟⲩⲧⲉ ϭⲱϣⲧ ϩⲙⲙⲁ ⲛⲓⲙ ⲉϫⲛⲛⲛⲉⲧϩⲟⲟⲩ ⲙⲛⲛⲉⲧⲛⲁⲛⲟⲩⲟⲩ,shenoute.abraham.142,ⲛⲧⲙⲏⲧⲉ ⲛⲛⲉⲧϩⲟⲟⲩ ⲙⲛⲛⲉⲧⲛⲁⲛⲟⲩⲟⲩ ⲁⲩⲱ ⲛⲧⲙⲏⲧⲉ ⲛⲛⲉⲧⲙⲟⲥⲧⲉ ⲙⲙⲟⲟⲩ ⲙⲛⲛⲉⲧⲙⲉ ⲙⲙⲟⲟⲩ ·,,
37,75.59,"lemma, exact, quotation, rare_word, syntax",10,sahidica.luke.24.44,[Sahidica text omitted per license; see sahidica.luke.24.44],shenoute.abraham.205,ⲕⲁⲧⲁⲛⲉⲧⲥⲏϩ ⲧⲏⲣⲟⲩ ϩⲙⲡⲛⲟⲙⲟⲥ ⲙⲙⲱⲩⲥⲏⲥ ·,,
38,75.55,"lemma, exact, quotation, rare_word, syntax, sound",7,sahidic.psalms.118.73,ⲓ – ⲓⲱⲑ ⲛⲉⲕϭⲓϫ ⲛⲉⲛⲧⲁⲩⲡⲗⲁⲥⲥⲉ ⲙⲙⲟⲓ ⲁⲩⲧⲁⲙⲓⲟⲉⲓ ⲙⲁⲧⲥⲁⲃⲟⲓ ⲉⲓⲙⲉ ⲉⲛⲉⲕⲉⲛⲧⲟⲗⲏ,shenoute.abraham.306,⸖ ⲛⲉϥϭⲓϫ ⲛⲉⲛⲧⲁⲩⲡⲗⲁⲥⲥⲉ ⲙⲙⲟⲛ ⲁⲩⲧⲁⲙⲓⲟⲛ :,,
39,75.26,"lemma, exact, quotation, rare_word, syntax",10,sahidic.jeremiah.32.1,ⲧⲁⲓ ⲧⲉ ⲧϩⲉ ⲛⲧⲁⲡϫⲟⲉⲓⲥ ⲡⲛⲟⲩⲧⲉ ⲙⲡⲓⲥⲣⲁⲏⲗ ϫⲟⲟⲥ ⲛⲁⲓ ϫⲉϫⲓ ⲙⲡⲉⲓⲁⲡⲟⲧ ⲛⲏⲣⲡ ⲛⲁⲕⲣⲁⲧⲟⲛ ⲉⲃⲟⲗ ϩⲛⲧⲁϭⲓϫ ⲛⲅⲧⲥⲟ ⲛⲛϩⲉⲑⲛⲟⲥ ⲧⲏⲣⲟⲩ ⲉϯⲛⲁϫⲟⲟⲩⲕ ϣⲁⲣⲟⲟⲩ,shenoute.abraham.30,ⲁⲩⲱ ⲧⲁⲓ ⲧⲉ ⲧϩⲉ ⲛⲧⲁⲡϫⲟⲉⲓⲥ ⲡⲛⲟⲩⲧⲉ ϯ ⲛⲟⲩϣⲏⲣⲉ ⲛⲁⲃⲣⲁϩⲁⲙ ϩⲛⲧⲉϥⲙⲛⲧϩⲗⲗⲟ ·,,
40,75.25,"lemma, exact, quotation, rare_word, syntax",10,sahidic.jeremiah.32.1,ⲧⲁⲓ ⲧⲉ ⲧϩⲉ ⲛⲧⲁⲡϫⲟⲉⲓⲥ ⲡⲛⲟⲩⲧⲉ ⲙⲡⲓⲥⲣⲁⲏⲗ ϫⲟⲟⲥ ⲛⲁⲓ ϫⲉϫⲓ ⲙⲡⲉⲓⲁⲡⲟⲧ ⲛⲏⲣⲡ ⲛⲁⲕⲣⲁⲧⲟⲛ ⲉⲃⲟⲗ ϩⲛⲧⲁϭⲓϫ ⲛⲅⲧⲥⲟ ⲛⲛϩⲉⲑⲛⲟⲥ ⲧⲏⲣⲟⲩ ⲉϯⲛⲁϫⲟⲟⲩⲕ ϣⲁⲣⲟⲟⲩ,shenoute.abraham.44,ⲁⲩⲱ ⲧⲁⲓ ⲧⲉ ⲧϩⲉ ⲛⲧⲁⲡϫⲟⲉⲓⲥ ⲡⲛⲟⲩⲧⲉ ϯ ⲛⲁⲩ ⲕⲁⲧⲁⲡⲉⲩϩⲏⲧ ·,,
41,74.85,"lemma, exact, quotation, rare_word, syntax",10,sahidic.numbers.32.23,ⲉⲧⲉⲧⲛⲧⲙⲉⲓⲣⲉ ⲇⲉ ϩⲓⲛⲁⲓ ⲧⲉⲧⲛⲁⲣⲛⲟⲃⲉ ⲙⲡⲉⲙⲧⲟ ⲉⲃⲟⲗ ⲙⲡϫⲟⲉⲓⲥ ⲁⲩⲱ ⲧⲉⲧⲛⲛⲁⲥⲟⲩⲛⲡⲉⲧⲛⲛⲟⲃⲉ ⲡⲉ ⲉⲣϣⲁⲛⲙⲡⲉⲧϩⲟⲟⲩ ⲧⲁϩⲉⲧⲏⲩⲧⲛ,shenoute.abraham.199,ⲙⲛⲛⲉⲡⲣⲟⲫⲏⲧⲏⲥ ⲧⲏⲣⲟⲩ ⲛⲁⲓ ⲛⲧⲁⲩϫⲡⲓⲟ ⲛⲟⲩⲟⲛ ⲛⲓⲙ ⲛⲧⲁⲩⲣⲛⲟⲃⲉ ⲏ ⲉⲧⲛⲁⲣⲛⲟⲃⲉ ⲙⲡⲉⲙⲧⲟ ⲉⲃⲟⲗ ⲙⲡϫⲟⲉⲓⲥ ·,,
42,74.8,"lemma, exact, quotation, rare_word, syntax, sound",7,sahidic.psalms.94.5,ⲧⲱϥ ⲧⲉ ⲑⲁⲗⲁⲥⲥⲁ ⲁⲩⲱ ⲛⲧⲟϥ ⲡⲉⲛⲧⲁϥⲧⲁⲙⲓⲟⲥ ⲁⲩⲱ ⲛⲉϥϭⲓϫ ⲛⲉⲛⲧⲁⲩⲡⲗⲁⲥⲥⲉ ⲙⲡⲡⲉⲧϣⲟⲩⲱⲟⲩ,shenoute.abraham.306,⸖ ⲛⲉϥϭⲓϫ ⲛⲉⲛⲧⲁⲩⲡⲗⲁⲥⲥⲉ ⲙⲙⲟⲛ ⲁⲩⲧⲁⲙⲓⲟⲛ :,,
43,74.4,"lemma, exact, quotation, rare_word, syntax, sound",7,sahidic.psalms.49.11,ϯⲥⲟⲟⲩⲛ ⲛⲛϩⲁⲗⲁⲧⲉ ⲧⲏⲣⲟⲩ ⲛⲧⲡⲉ ⲁⲩⲱ ⲡⲥⲁ ⲛⲧⲥⲱϣⲉ ⲛⲙⲙⲁⲓ,shenoute.abraham.166,ⲛⲉϩⲟⲟⲩ ⲙⲛⲛⲉⲥⲟⲟⲩ · ⲙⲛⲛⲕⲉⲧⲃⲛⲟⲟⲩⲉ ⲧⲏⲣⲟⲩ ⲛⲧⲥⲱϣⲉ · ⲙⲛⲛϩⲁⲗⲁⲧⲉ ⲧⲏⲣⲟⲩ ⲛⲧⲡⲉ ·,,
44,73.1,"lemma, exact, quotation, rare_word, dictionary, syntax, sound",7,sahidica.colossians.1.15,[Sahidica text omitted per license; see sahidica.colossians.1.15],shenoute.abraham.168,ⲁⲩⲱ ⲟⲛ ⲛⲧϩⲉ ⲛⲧⲁϥϫⲓ ⲛⲟⲩⲕⲁϩ ⲉⲃⲟⲗ ϩⲙⲡⲕⲁϩ ⲛϭⲓⲡⲛⲟⲩⲧⲉ ⲉⲁϥⲥⲩⲙⲃⲟⲩⲗⲉⲩⲉ ⲙⲛⲡϣⲣⲡ ⲙⲙⲓⲥⲉ ⲛⲥⲱⲛⲧ ⲛⲓⲙ ⲓⲏⲥⲟⲩⲥ ·,,
45,72.16,"lemma, exact, quotation, rare_word, syntax, sound",8,sahidic.joshua.9.7,ⲁⲩⲱ ⲙⲛⲛⲥⲁⲛⲁⲓ ⲧⲁⲓ ⲧⲉ ⲧϩⲉ ⲉⲛⲧⲁⲓⲏⲥⲟⲩⲥ ⲱϣ ⲛⲛϣⲁϫⲉ ⲙⲡⲉⲓⲛⲟⲙⲟⲥ ⲛⲛⲉⲥⲙⲟⲩ ⲙⲛⲛⲥⲁϩⲟⲩ ⲕⲁⲧⲁⲛⲉⲧⲥⲏϩ ⲧⲏⲣⲟⲩ ϩⲙⲡϫⲱⲱⲙⲉ ⲙⲡⲛⲟⲙⲟⲥ ⲙⲙⲱⲟⲩⲥⲏⲥ,shenoute.abraham.205,ⲕⲁⲧⲁⲛⲉⲧⲥⲏϩ ⲧⲏⲣⲟⲩ ϩⲙⲡⲛⲟⲙⲟⲥ ⲙⲙⲱⲩⲥⲏⲥ ·,,
46,71.8,"lemma, exact, quotation, rare_word, syntax, sound",8,sahidic.psalms.101.26,ϫⲓⲛⲧⲉϩⲟⲩⲉⲓⲧⲉ ⲛⲧⲟⲕ ⲡϫⲟⲉⲓⲥ ⲉⲛⲧⲁⲕⲥⲙⲛⲥⲛⲧⲉ ⲙⲡⲕⲁϩ ⲛⲉϩⲃⲏⲩⲉ ⲛⲛⲉⲕϭⲓϫ ⲛⲉ ⲙⲡⲏⲩⲉ,shenoute.abraham.163,ⲛⲉϩⲃⲏⲩⲉ ⲛⲛⲉⲕϭⲓϫ ⲛⲉ ⲙⲡⲏⲩⲉ ·,,
47,71.55,"lemma, exact, quotation, rare_word, syntax, sound",8,sahidic.baruch.2.5,ⲁⲩⲱ ⲁⲛϣⲱⲡⲉ ⲉⲛⲙⲡⲉⲥⲏⲧ ⲉⲛⲧⲛⲛⲧⲡⲉ ⲁⲛ ϫⲉⲁⲛⲣⲛⲟⲃⲉ ⲙⲡⲉⲙⲧⲟ ⲉⲃⲟⲗ ⲙⲡϫⲟⲉⲓⲥ ⲡⲉⲛⲛⲟⲩⲧⲉ ⲙⲡⲛⲥⲱⲧⲙ ⲛⲥⲁⲧⲉϥⲥⲙⲏ,shenoute.abraham.237,ⲁⲗⲗⲁ ϩⲛⲟⲩϯⲥⲃⲱ ⲙⲁⲣⲛϯⲥⲃⲱ ⲛⲛⲉⲛⲉⲣⲏⲩ ⲉⲧⲙⲣⲛⲟⲃⲉ ⲙⲡⲉⲙⲧⲟ ⲉⲃⲟⲗ ⲙⲡϫⲟⲉⲓⲥ ·,,
48,71.54,"lemma, exact, quotation, rare_word, syntax, edit_distance",10,sahidic.jeremiah.42.15,ⲁⲓⲧⲛⲛⲟⲟⲩ ϣⲁⲣⲱⲧⲛ ⲛⲛⲁϩⲙϩⲁⲗ ⲛⲉⲡⲣⲟⲫⲏⲧⲏⲥ ⲉⲓϫⲱ ⲙⲙⲟⲥ ϫⲉⲙⲁⲣⲉⲡⲟⲩⲁ ⲡⲟⲩⲁ ⲕⲧⲟϥ ⲉⲃⲟⲗ ⲛⲧⲉϥϩⲓⲏ ⲙⲡⲟⲛⲏⲣⲟⲛ ⲁⲩⲱ ⲙⲁⲣⲉⲛⲉⲧⲛϩⲃⲏⲩⲉ ⲁⲛⲁⲓ ⲛⲧⲉⲧⲛⲧⲙⲙⲟⲟϣⲉ ϩⲓⲡⲁϩⲟⲩ ⲛϩⲉⲛⲕⲉⲛⲟⲩⲧⲉ ⲉⲣϩⲙϩⲁⲗ ⲛⲁⲩ ⲛⲧⲉⲧⲛⲟⲩⲱϩ ϩⲓϫⲙⲡⲕⲁϩ ⲉⲛⲧⲁⲓⲧⲁⲁϥ ⲛⲏⲧⲛ ⲙⲛⲛⲉⲧⲛⲉⲓⲟⲧⲉ ⲁⲩⲱ ⲙⲡⲉⲧⲛⲣⲓⲕⲉ ⲙⲡⲉⲧⲛⲙⲁⲁϫⲉ ⲟⲩⲇⲉ ⲙⲡⲉⲧⲛⲥⲱⲧⲙ ⲛⲁⲓ,shenoute.abraham.14,ⲛⲕⲁⲧⲁⲛⲉⲅⲣⲁⲫⲏ ϫⲉⲁⲓⲧⲛⲛⲟⲟⲩ ϣⲁⲣⲱⲧⲛ ⲛⲛⲁϩⲙϩⲁⲗ ⲛⲉⲡⲣⲟⲫⲏⲧⲏⲥ ⲙⲡϫⲡⲉϩⲟⲟⲩ ⲙⲡⲛⲁⲩ ⲛϣⲱⲣⲡ ⲁⲩⲱ ⲁⲓⲧⲛⲛⲟⲟⲩⲟⲟⲩ · ⲁⲩⲱ ⲙⲡⲉⲧⲛⲥⲱⲧⲙ :,,
49,71.54,"lemma, exact, quotation, rare_word, syntax, edit_distance",10,sahidic.jeremiah.42.15,ⲁⲓⲧⲛⲛⲟⲟⲩ ϣⲁⲣⲱⲧⲛ ⲛⲛⲁϩⲙϩⲁⲗ ⲛⲉⲡⲣⲟⲫⲏⲧⲏⲥ ⲉⲓϫⲱ ⲙⲙⲟⲥ ϫⲉⲙⲁⲣⲉⲡⲟⲩⲁ ⲡⲟⲩⲁ ⲕⲧⲟϥ ⲉⲃⲟⲗ ⲛⲧⲉϥϩⲓⲏ ⲙⲡⲟⲛⲏⲣⲟⲛ ⲁⲩⲱ ⲙⲁⲣⲉⲛⲉⲧⲛϩⲃⲏⲩⲉ ⲁⲛⲁⲓ ⲛⲧⲉⲧⲛⲧⲙⲙⲟⲟϣⲉ ϩⲓⲡⲁϩⲟⲩ ⲛϩⲉⲛⲕⲉⲛⲟⲩⲧⲉ ⲉⲣϩⲙϩⲁⲗ ⲛⲁⲩ ⲛⲧⲉⲧⲛⲟⲩⲱϩ ϩⲓϫⲙⲡⲕⲁϩ ⲉⲛⲧⲁⲓⲧⲁⲁϥ ⲛⲏⲧⲛ ⲙⲛⲛⲉⲧⲛⲉⲓⲟⲧⲉ ⲁⲩⲱ ⲙⲡⲉⲧⲛⲣⲓⲕⲉ ⲙⲡⲉⲧⲛⲙⲁⲁϫⲉ ⲟⲩⲇⲉ ⲙⲡⲉⲧⲛⲥⲱⲧⲙ ⲛⲁⲓ,shenoute.abraham.128,ⲕⲁⲧⲁⲛⲉⲅⲣⲁⲫⲏ · ϫⲉⲁⲓⲧⲛⲛⲟⲟⲩ ϣⲁⲣⲱⲧⲛ ⲛⲛⲁϩⲙϩⲁⲗ ⲛⲉⲡⲣⲟⲫⲏⲧⲏⲥ ⲙⲡⲉϩⲟⲟⲩ ⲙⲡⲛⲁⲩ ⲛϣⲱⲣⲡ ⲁⲩⲱ ⲁⲓⲧⲛⲛⲟⲟⲩⲥⲉ · ⲁⲩⲱ ⲙⲡⲉⲧⲛⲥⲱⲧⲙ ·,,
50,71.35,"lemma, exact, quotation, rare_word, dictionary, syntax",9,sahidica.philippians.2.7,[Sahidica text omitted per license; see sahidica.philippians.2.7],shenoute.abraham.157,"ⲉⲓⲙⲏⲧⲓ ϫⲉⲁⲩⲛⲁⲩ ⲉⲡϫⲟⲉⲓⲥ ⲙⲡⲉⲟⲟⲩ ⲓⲏⲥⲟⲩⲥ , ⲉⲁϥϫⲓ ⲛⲟⲩⲙⲟⲣⲫⲏ ⲛϩⲙϩⲁⲗ ⲉⲧⲃⲏⲏⲧⲛ ·",,
