file,reference,stored_string,context
aeschylus.persians_hypothesis.tess,aeschylus.persians_hypothesis 1,̓́σ,εσβυτῶν. καὶ σ̓́στιν ἡ μὲν σκην
anthologia_graeca.part.7.tess,anth. gr. 7.639.3,γ́ο," με, τὸν προφυγ́οντα"
apollonius_rhodius.argonautica.part.2.tess,A.R. 2.1121,:ͅ , ἅμ' ἠελίω:ͅ τάχα δ' ἐγγυ
apollonius_rhodius.argonautica.tess,A.R. 2.1121,:ͅ , ἅμ' ἠελίω:ͅ τάχα δ' ἐγγυ
appian.civil_wars.part.1.tess,app. bc. 1.2.16,_́λ,ἐς τὸ Καπιτω_́λιον ἀνῄεσαν
appian.civil_wars.part.3.tess,app. bc. 3.5.35,τ́ω,δοῦναι τάδε τ́ῶνδε ἄξιον κ
appian.civil_wars.tess,app. bc. 1.2.16,_́λ,ἐς τὸ Καπιτω_́λιον ἀνῄεσαν
appian.civil_wars.tess,app. bc. 3.5.35,τ́ω,δοῦναι τάδε τ́ῶνδε ἄξιον κ
aristotle.constitution.tess,aris. const. 4.2, ͅͅ ,̓́λλας ἀρχὰς ͅͅ τὰς ἐλάττου
aristotle.constitution.tess,aris. const. 7.3, ͅͅ ,̀ς ἀπένειμεν ͅͅ ἄρχειν ἐκ π
aristotle.constitution.tess,aris. const. 10.2, ͅͅ ,αῖς ἑκατόν. ͅͅ ἦν δ' ὁ ἀρ
aristotle.constitution.tess,aris. const. 15.3,ͅͅ ,ͅͅ νικήσας δὲ τ
aristotle.constitution.tess,aris. const. 17.2, ͅͅ ,οἱ φάσκοντες ͅͅ ἐρώμενον εἰ
aristotle.constitution.tess,aris. const. 19.3, ͅͅ , προσέπταιον. ͅͅ ἔν τε γὰρ τ
aristotle.constitution.tess,aris. const. 21.2, ͅͅ ," φυλοκρινεῖν, ͅͅ πρὸς τοὺς ἐ"
aristotle.constitution.tess,aris. const. 23.5, ͅͅ ,"τοῖς ̓́Ιωσιν, ͅͅ ὥστε τὸν αυ"
aristotle.constitution.tess,aris. const. 25.1, ͅͅ ,"ὁ Σοφωνίδου, ͅͅ δοκῶν καὶ ἀ"
aristotle.constitution.tess,aris. const. 29.2,ͅͅ ,ͅͅ ἦν δὲ τὸ ψ
aristotle.constitution.tess,aris. const. 30.6, ͅͅ,ουλῆς ἀπῇ. ͅͅ
aristotle.constitution.tess,aris. const. 32.3, ͅͅ ,γενομένης ͅͅ δὲ ταύτης τη
aristotle.constitution.tess,aris. const. 34.1, ͅͅ ,ὸ δὲ πλῆθος ͅͅ οὐχ ὑπήκουσ
aristotle.constitution.tess,aris. const. 35.2, ͅͅ ,"τείαν, οἷον ͅͅ τὸν περὶ του"
aristotle.constitution.tess,aris. const. 37.1, ͅͅ ,́ο κελεύοντες ͅͅ ἐπιχειροτονει
aristotle.constitution.tess,aris. const. 38.3, ͅͅ ,ὰς διαλύσεις ͅͅ γενέσθαι καὶ
aristotle.constitution.tess,aris. const. 39.5, ͅͅ ,εῖν. τὰς δὲ ͅͅ δίκας τοῦ φο
aristotle.constitution.tess,aris. const. 40.3, ͅͅ ,λλὰ καὶ τὴν ͅͅ χώραν ἀνάδα
aristotle.constitution.tess,aris. const. 42.4, ͅͅ ,οι τῷ δήμῳ ͅͅ τὰ περὶ τὰς
aristotle.constitution.tess,aris. const. 43.6, ͅͅ ,ἂν βούληται ͅͅ καὶ ἰδίων κ
aristotle.constitution.tess,aris. const. 45.2, ͅͅ ,κρίνει δὲ ͅͅ τὰς ἀρχὰς η
aristotle.constitution.tess,aris. const. 46.1, ͅͅ , λαμβάνουσιν. ͅͅ ποιεῖται δὲ 
aristotle.constitution.tess,aris. const. 53.1, ͅͅ , καὶ τὰ μὲν ͅͅ μέχρι δέκα δ
aristotle.constitution.tess,aris. const. 55.3, ͅͅ ,"ον μὲν ""3τίς ͅͅ σοι πατὴρ και"
aristotle.constitution.tess,aris. const. 57.1,μͅͅπ,̀ν κοινῇ πέμͅͅπουσιν ὅ τε β
aristotle.eudemian_ethics.tess,aris. eudeth. 2.1223a, ͂ ,vενυς οφ παρος ͂ τηεογ. 472 ὥ
aristotle.metaphysics.tess,aris. meta. 1.984a,̔́Ι,της αἰτίας （̔́Ιππωνα γὰρ οὐ
aristotle.res_publica_atheniensium.tess,aristotle.res_publica_atheniensium 26,̓́ ,xατ-ψτησαv :άh̓́ οἱ ιΜμΛ--οι xα
aristotle.rhetoric.tess,aris. rhet. 3.9.3,θ́ν,ὴς καὶ πεπερθ́νθαι τι αὑτῷ
aspasius.in_ethica_nicomachea_paraphrasis.tess,aspasius.in_ethica_nicomachea_paraphrasis 1.1,ἴ̀ι,ευον τοὺς συ-ίἴ̀ινομονου καὶ ἤθ
aspasius.in_ethica_nicomachea_paraphrasis.tess,aspasius.in_ethica_nicomachea_paraphrasis 1.19,̓́ῦ, τὸ τέλος. τοὀ̓́ῦτα δὲ τὰ ὄργαν
aspasius.in_ethica_nicomachea_paraphrasis.tess,aspasius.in_ethica_nicomachea_paraphrasis 1.19,γ͂ͅς,ῆς αὐλοποιητικγ͂ͅς· οὐ μόνον δὲ 
aspasius.in_ethica_nicomachea_paraphrasis.tess,aspasius.in_ethica_nicomachea_paraphrasis 1.19,-́’," αἱρετὸν κἄν δ-́’ ἕτερον ᾖ , οἷ"
aspasius.in_ethica_nicomachea_paraphrasis.tess,aspasius.in_ethica_nicomachea_paraphrasis 1.22,ἑ͂ι,ους δεῖ σπουδάἑ͂ιν ὅπως καλῶς ὁ
aspasius.in_ethica_nicomachea_paraphrasis.tess,aspasius.in_ethica_nicomachea_paraphrasis 4.16,ς͂ῖ,ùεγαλ)̔’ρa--̔πς͂ῖς πλούτου δέον
aspasius.in_ethica_nicomachea_paraphrasis.tess,aspasius.in_ethica_nicomachea_paraphrasis 4.16,κ̀α,σίαν ἢ ἀπε--ροκ̀αλίαν. καλοῦντα
aspasius.in_ethica_nicomachea_paraphrasis.tess,aspasius.in_ethica_nicomachea_paraphrasis 4.16,ἴ̀α,ῶν πρὸς πῦρ ἐρἴ̀αομειων· βαύνου
aspasius.in_ethica_nicomachea_paraphrasis.tess,aspasius.in_ethica_nicomachea_paraphrasis 4.16,τͅε," τῇ με-ίαλοπρὅτͅείᾳ, προσποίησί"
aspasius.in_ethica_nicomachea_paraphrasis.tess,aspasius.in_ethica_nicomachea_paraphrasis 6.6,Δ̀α,"αθάπερ τῇ ε.̀ὐΔ̀αιμονία, εἴτε κ"
aspasius.in_ethica_nicomachea_paraphrasis.tess,aspasius.in_ethica_nicomachea_paraphrasis 6.15,ὸ̀α,ὸν πλὴν τῆς εὐὸ̀αιuιονίαζ. ἔτι 
athenaeus.deipnosophists.tess,ath. 36d,̔̀ ,"μει Χάρισιν, ̔̀ ̔́Ωραις, καὶ "
athenaeus.deipnosophists.tess,ath. 175e,̔̀ ,ικηνὸς ἐν α ̔̀ ̔́Ωρων εὕρημ
athenaeus.deipnosophists.tess,ath. 297e,̔̀ ,θος γοῦν ἐν ̔̀ ̔́Ωροις Κολοφω
athenaeus.deipnosophists.tess,ath. 361c,̔̀ ,ῖς ̓Εφεσίων ̔̀ ̔́Ωροις οἱ τη
athenaeus.deipnosophists.tess,ath. 372b,̔̀ ,μεθα ὧν ἐν ̔̀ ̔́Ωραις ὁ χαρ
athenaeus.deipnosophists.tess,ath. 374d,̔̀ ,φη. Κρατῖνος ̔̀ ̔́Ωραις::   ὡ
athenaeus.deipnosophists.tess,ath. 407b,'ͅ ,σοκρατοῦντες 'ͅ ̓Αθηναῖο ι ἀ
athenaeus.deipnosophists.tess,ath. 781e,̔̀ ,̔̀ ̔́Οτι διὰ σπο
athenaeus.deipnosophists.tess,ath. 470b,̔̀ ,ἐν δευτέρῳ ̔̀ ̔́Ωρων ἐπὶ λ
athenaeus.deipnosophists.tess,ath. 475c,̔̀ ,τοῖς ̔̀ ̔́Ωροις παρὰ 
athenaeus.deipnosophists.tess,ath. 520d,̔̀ ,ἐν δευτέρῳ ̔̀ ̔́Ωρων γράφων
athenaeus.deipnosophists.tess,ath. 540d,̔̀ ,ίτῳ Σαμίων ̔̀ ̔́Ωρων ἐκ πολ
athenaeus.deipnosophists.tess,ath. 572f,̔̀ ,ἐν δευτέρῳ ̔̀ ̔́Ωρων Σαμιακω
athenaeus.deipnosophists.tess,ath. 638f,̔̀ ,ἐν δὲ ταῖς ̔̀ ταῖς :   ἴτ
athenaeus.deipnosophists.tess,ath. 650d,̔̀ ,ος δὲ ἐν ε' ̔̀ ̔́Ωρων Σαμίων
athenaeus.deipnosophists.tess,ath. 656a,̔̀ ,"́χορος, ταῖς ̔̀ ̔́Ωραις θύοντ"
athenaeus.deipnosophists.tess,ath. 696e,̔̀ ,ιγραφομένοις ̔̀ ̔́Ωροις ᾄδε
athenaeus.deipnosophists.tess,ath. 701f, ͅ ,συμποσίου δε? ͅ λιβανωτοῦ θυμ
basil_of_caesarea.epistulae.tess,basil. ep. 164,β́η,ὺς κακοῦνταλβ́ἡμᾶς τὴν αὐ
callimachus.epigrams.tess,call. epigrams. 2.3,λ̀λ,τεδύσαμεν: ἀλ̀λὰ σὺ μέν πο
callimachus.epigrams.tess,call. epigrams. 30.5,ν̀:,ἔγνων̀: Εὐξίθεός σ
demosthenes.against_boeotus_1.tess,dem. 39.38,̓́Ε,́. ̓Αντίληξισ̓́Εγκλημα
demosthenes.on_the_crown.tess,dem. 18.120,̔́Ο,λαβών. Νόμοσ̔́Οσους στεφανοῦ
dionysius_halicarnassensis.de_demosthene.tess,dion_hal. dem 1,π́ ,γαπ́ δικανικοῖς με
dionysius_halicarnassensis.de_demosthene.tess,dion_hal. dem 23,β́ο,"ὺς λέγων:  λβ́οὔ τοι, τέκν"
dionysius_halicarnassensis.de_demosthene.tess,dion_hal. dem 23,β́α,"ήια ἔργα, λβ́ἀλλὰ σύ γ' ι"
dionysius_halicarnassensis.de_demosthene.tess,dion_hal. dem 38,π́ ,οσυλλάβοις γαπ́ καὶ ταῖς ἕ
dionysius_halicarnassensis.de_demosthene.tess,dion_hal. dem 38,π́ ,"όνος, ὃς γαπ́ μεταθῇ ὀνό"
dionysius_halicarnassensis.de_demosthene.tess,dion_hal. dem 54,β́ο,́χει μέρος  λβ́οὐ γάρ πως ἁ
euripides.andromache.tess,eur. andr. 1046,̔́Α,ς σταλάσσων †̔́Αιδα† φόνον.
eusebius_caesarea.historia_ecclesiastica.part.6.tess,euseb. hist.eccl. 6.41.1,λ̀α," ἤρξατο, ἀλλ̀α  γὰρ ὅλον "
eusebius_caesarea.historia_ecclesiastica.tess,euseb. hist.eccl. 6.41.1,λ̀α," ἤρξατο, ἀλλ̀α  γὰρ ὅλον "
galen.natural_faculties.part.2.tess,gal. nat.fac. 2.8,νͅ ,́ν τε γὰρ ἂνͅ ἦν γευομένο
galen.natural_faculties.part.3.tess,gal. nat.fac. 3.3,τ́ι,"ουν τῇ καθεκτ́ικῇ δυνάμει,"
galen.natural_faculties.tess,gal. nat.fac. 2.8,νͅ ,́ν τε γὰρ ἂνͅ ἦν γευομένο
galen.natural_faculties.tess,gal. nat.fac. 3.3,τ́ι,"ουν τῇ καθεκτ́ικῇ δυνάμει,"
homer.odyssey.part.3.tess,hom.od 3.159,σ͂ν,"μεν ἱρὰ θεοισ͂ν,"
homer.odyssey.tess,hom.od 3.159,σ͂ν,"μεν ἱρὰ θεοισ͂ν,"
libanius.orations.tess,libanius. orations. 5.5,τ́ι,νἈπόλλῶν αiτ́ιος ἀγαθῶν ἀ
libanius.orations.tess,libanius. orations. 5.5,τ́ι,ἰστέον χάαiτ́ιος ἀγαθῶν ἀνθρ
libanius.orations.tess,libanius. orations. 5.24,έ̀ͅκ,", Ἄρτεμις, ἀλλέ̀ͅκαὶ πρὸς ἅπαν"
libanius.orations.tess,libanius. orations. 39.9,δ̀ ,ρ’ ἐκείνης· ἡ δ̀ αἰσχυνομένη μὲ
libanius.orations_1-11.part.1.tess,libanius. orations_1-11. 5.5,τ́ι,νἈπόλλῶν αiτ́ιος ἀγαθῶν ἀ
libanius.orations_1-11.part.1.tess,libanius. orations_1-11. 5.5,τ́ι,ἰστέον χάαiτ́ιος ἀγαθῶν ἀνθρ
libanius.orations_1-11.part.1.tess,libanius. orations_1-11. 5.24,έ̀ͅκ,", Ἄρτεμις, ἀλλέ̀ͅκαὶ πρὸς ἅπαν"
libanius.orations_26-50.part.2.tess,libanius. orations_26-50. 39.9,δ̀ ,ρ’ ἐκείνης· ἡ δ̀ αἰσχυνομένη μὲ
pausanias.description_of_greece.part.2.tess,paus. 2.6.4,̔́Ο,", υνκνοων ωορκ̔́Ομηρος δὲ σφᾶ"
pausanias.description_of_greece.part.9.tess,paus. 9.29.1,̓́Α,"́κτισε παίδων̓́Ασκρην, ἥ θ' "
pausanias.description_of_greece.tess,paus. 2.6.4,̔́Ο,", υνκνοων ωορκ̔́Ομηρος δὲ σφᾶ"
pausanias.description_of_greece.tess,paus. 9.29.1,̓́Α,"́κτισε παίδων̓́Ασκρην, ἥ θ' "
philo_judaeus.de_sobrietate.tess,philo_judaeus.de_sobrietate 62,ί̀ῳ,καὶ ὑπηκόων λόί̀ῳ ταττούσης;
philostratus_the_athenian.vitae_sophistarum.tess,philostr. vs. 1.21,̔́Ε,ὺς ἐκ Μυσῶν̔́Ελληνας καὶ Φρ
plutarch.alexander.tess,plut.alex. 54.1,̔̀ ,μὲν οὖν ὁ ̔̀ ̔́Ερμιππός φη
plutarch.antony.tess,plut. ant. 69.2,νͅ ,τὴν ἐν Λιβύνͅ δύναμιν ὁ πε
plutarch.aratus.tess,plut. arat. 52.2,̓́Α,́λαθέ γε τὸν̓́Αρατον ἀλλ' ὡ
plutarch.cleomenes.tess,plut. cleom. 21.1,̓́Α,ν εὐθὺς εἰσ̓́Αργος βοηθεῖν 
plutarch.fabius_maximus.tess,plut. fab. 4.4,μ́ω,των καὶ χρησιμ́ων αὐτοῖς βί
plutarch.septem_sapientium_convivium.tess,plut. septem 1.16,̔́Ο,βλέψαντα τὸν̔́Ομηρον ἀποδεί
plutarch.sulla.tess,plut. sull 18.4,λ́ο,"αὐτοῦ καταβαλ́όντων, σπασαμε"
sappho.fragments.tess,sappho. frag. 63.7, ́.,κ’ ἔον οὔτω[ . ́.
septuaginta.arithmoi.tess,septuaginta.arithmoi 4.25,ὶ́-,"ρίου καὶ τὸ καὶ́- λυμμα αὐτῆς, "
septuaginta.arithmoi.tess,septuaginta.arithmoi 29.2,ζ́ ,ὺς ἐνιαυσίους ζ́ ἀμώμους.
septuaginta.basileion_d.tess,septuaginta.basileion_d 22.6,ξ́ύ,τοῦ κτήσασθαι ξ́ύλα καὶ λίθους 
septuaginta.exodus.tess,septuaginta.exodus 8.21,λͅα,βούλῃ ἐξαποστἑλͅαι τὸν λαόν μου
septuaginta.exodus.tess,septuaginta.exodus 14.5,λͅα,ν τοῦ ἐξαποστἑλͅαι τοὺς υἱοὺς Ἰ
septuaginta.exodus.tess,septuaginta.exodus 14.15,-́ς,λησον τοῖς υἱο-́ς Ἰσραὴλ καὶ ἀν
septuaginta.exodus.tess,septuaginta.exodus 17.10,ἳ̀n,ς καὶ Ἀαρὼν καἳ̀nρ ἀνέβησαν ἐπὶ
septuaginta.exodus.tess,septuaginta.exodus 28.31,ὅ́γ,σιόντι εἰς τὸ ὅ́γιον ἐναντίον κ
septuaginta.exodus.tess,septuaginta.exodus 34.31,ὶ́-,καὶ ἐκαὶ́- λεσεν αὐτοὺς 
septuaginta.genesis.tess,septuaginta.genesis 15.10,λͅε,"ταῦτα, καὶ διἑλͅεν αὐτὰ μέσα, κ"
septuaginta.genesis.tess,septuaginta.genesis 15.10,λͅε,ὲ ὄρνεα οὐ διἑλͅεν.
septuaginta.genesis.tess,septuaginta.genesis 30.18,ὶ́-, μου· καὶ ἐκαὶ́- λεσεν τὸ ὄνομ
sextus_empiricus.pyrrhoniae_hypotyposes.tess,sextus_empiricus.pyrrhoniae_hypotyposes 1.14.116,ν́α," ἀποδείξεως, ἵν́α ἀληθὲς εἶναι "
sextus_empiricus.pyrrhoniae_hypotyposes.tess,sextus_empiricus.pyrrhoniae_hypotyposes 1.19.188,π́ω, οὕτως ὅταν εἰπ́ωμεν ῾οὐ μᾶλλον
sophocles.ichneutae.tess,soph. ich. 355,π̀ο, οῦ̓ν τὸ λοιπ̀ο]ν εἰς ἔμ' 
sophocles.ichneutae.tess,soph. ich. 417,θ̀ς,μισθ̀ς [
strabo.geography.part.16.tess,strabo. 16.2.22,̔́Ο,κασι μᾶλλον （̔́Ομηρος δὲ οὐδ
strabo.geography.part.9.tess,strabo. 9.3.15,̔́Υ,' ̔Υάμπολις （̔́Υα μετὰ ταῦτα
strabo.geography.tess,strabo. 9.3.15,̔́Υ,' ̔Υάμπολις （̔́Υα μετὰ ταῦτα
strabo.geography.tess,strabo. 16.2.22,̔́Ο,κασι μᾶλλον （̔́Ομηρος δὲ οὐδ
theophrastus.fragmenta_varia_13190.tess,theophrastus.fragmenta_varia_13190 87.1,ίͅ.,φρυγιστὶ ἁρμονίͅ. (Athenae. 14 
theophrastus.περὶ_φυτῶν_αἰτιῶν.tess,theophrastus.περὶ_φυτῶν_αἰτιῶν 1.11.5,̓̀ , πρὸς ἄρκτον ἢ̓̀ μεσημβρίαν· ὥσ
thucydides.peleponnesian_war.part.8.tess,thuc. pele. 8.100.3,̓́Ε,ἅμα δὲ （̓́Ερεσος γὰρ τῆ
thucydides.peleponnesian_war.tess,thuc. pele. 8.100.3,̓́Ε,ἅμα δὲ （̓́Ερεσος γὰρ τῆ
