hebrew_csv,hebrew,latin,attested_verses,hebrew_verses
אבדתמ,אבדתם,pereo,0,0
אבדתמ,אבדתם,perdo,0,0
אבדתמ,אבדתם,amitto,0,0
אבדתמ,אבדתם,mors,0,0
אבדתמ,אבדתם,deleo,0,0
אבדתמ,אבדתם,intereo,0,0
אבדתמ,אבדתם,ruina,0,0
אבדתמ,אבדתם,disperdo,0,0
אבדתמ,אבדתם,interfacio,0,0
אבדתמ,אבדתם,morior,0,0
אבדתמ,אבדתם,exitium,0,0
אבדתמ,אבדתם,occido,0,0
אביונ,אביון,inopia,0,36
אביונ,אביון,miser,0,36
אביונ,אביון,pauper,34,36
אביונ,אביון,mendicus,1,36
אבירימ,אבירים,taurus,0,0
אבירימ,אבירים,bos,0,0
אבירימ,אבירים,uitulus,0,0
אבירימ,אבירים,taurinus,0,0
אבנ,אבן,lapis,169,237
אבנ,אבן,saxum,8,237
אבנ,אבן,marmor,3,237
אבנ,אבן,marmoreus,0,237
אבנ,אבן,gemma,12,237
אבנ,אבן,petrinus,0,237
אבנימ,אבנים,lapis,0,0
אבנימ,אבנים,saxum,0,0
אבנימ,אבנים,marmor,0,0
אבנימ,אבנים,marmoreus,0,0
אבנימ,אבנים,gemma,0,0
אבנימ,אבנים,petrinus,0,0
אברכ,אברך,benedico,0,1
אגמ,אגם,capio,1,8
אגמ,אגם,sumo,0,8
אגמ,אגם,rapio,0,8
אגמ,אגם,tollo,1,8
אגמ,אגם,uolo,0,8
אגמ,אגם,eligo,0,8
אגמ,אגם,malo,0,8
אגמ,אגם,deligo,0,8
אגמ,אגם,antepono,0,8
אגמ,אגם,lacus,1,8
אגמ,אגם,palus,3,8
אגמ,אגם,stagnum,3,8
אגמימ,אגמים,capio,0,0
אגמימ,אגמים,sumo,0,0
אגמימ,אגמים,rapio,0,0
אגמימ,אגמים,tollo,0,0
אגמימ,אגמים,uolo,0,0
אגמימ,אגמים,eligo,0,0
אגמימ,אגמים,malo,0,0
אגמימ,אגמים,deligo,0,0
אגמימ,אגמים,antepono,0,0
אדומ,אדום,filius,19,86
אדומ,אדום,natus,0,86
אדומ,אדום,gnatus,0,86
אדומ,אדום,progenies,0,86
אדומ,אדום,proles,0,86
אדומ,אדום,nascor,0,86
אדומ,אדום,filium,0,86
אדומ,אדום,filii,0,86
אדומ,אדום,filio,0,86
אדונ,אדון,dominus,245,275
אדונ,אדון,erus,0,275
אדונ,אדון,erilis,0,275
אדונ,אדון,magister,0,275
אדונ,אדון,auctoritas,0,275
אדונ,אדון,potestas,1,275
אדמ,אדם,heros,0,496
אדמ,אדם,qui,155,496
אדמ,אדם,iste,25,496
אדמ,אדם,maritus,0,496
אדמ,אדם,uir,50,496
אדמ,אדם,homo,386,496
אדמ,אדם,uiri,0,496
אדמ,אדם,uirum,0,496
אדמ,אדם,uiro,0,496
אדמ,אדם,populus,17,496
אדמ,אדם,humanus,5,496
אדמ,אדם,orbis,1,496
אדמ,אדם,plebs,0,496
אדמ,אדם,mundum,0,496
אדמ,אדם,sardius,3,496
אדנ,אדן,dominus,1,40
אדנ,אדן,auctoritas,0,40
אדנ,אדן,erus,0,40
אדנ,אדן,potestas,0,40
אדנ,אדן,filia,0,40
אדנ,אדן,nascor,0,40
אדנ,אדן,puer,0,40
אדנ,אדן,pueri,0,40
אדנ,אדן,puerum,0,40
אדנ,אדן,natus,0,40
אדנ,אדן,filius,0,40
אדנימ,אדנים,dominus,0,0
אדנימ,אדנים,auctoritas,0,0
אדנימ,אדנים,erus,0,0
אדנימ,אדנים,potestas,0,0
אויבימ,אויבים,hostis,0,0
אויבימ,אויבים,inimicus,0,0
אויבימ,אויבים,infestus,0,0
אונ,און,iniquitas,18,62
אונ,און,iniustus,1,62
אונ,און,perducto,0,62
אונ,און,labor,1,62
אונ,און,aerumna,0,62
אונ,און,dolor,5,62
אונ,און,laboro,0,62
אונ,און,opera,0,62
אונ,און,laboris,0,62
אזנ,אזן,auris,113,186
אזנ,אזן,manubriolum,0,186
אזנ,אזן,manubriatus,0,186
אחימ,אחים,frater,0,0
אחימ,אחים,germanus,0,0
אחרונ,אחרון,extremus,2,40
אחרונ,אחרון,ultimus,0,40
אחרונ,אחרון,nouissimus,24,40
אחרונ,אחרון,denique,0,40
אחרונ,אחרון,posterus,1,40
אחרונ,אחרון,unus,0,40
אחרונ,אחרון,alienus,0,40
אחרונ,אחרון,aliter,0,40
אחרונ,אחרון,quisquam,0,40
אחרונ,אחרון,alius,0,40
אחרונ,אחרון,alter,0,40
אחרימ,אחרים,exter,0,0
אחרימ,אחרים,externus,0,0
אחרימ,אחרים,alienus,0,0
אחרימ,אחרים,unus,0,0
אחרימ,אחרים,aliter,0,0
אחרימ,אחרים,quisquam,0,0
אחרימ,אחרים,alius,0,0
אחרימ,אחרים,alter,0,0
אחרנ,אחרן,unus,0,2
אחרנ,אחרן,alienus,0,2
אחרנ,אחרן,aliter,0,2
אחרנ,אחרן,quisquam,1,2
אחרנ,אחרן,alius,0,2
אחרנ,אחרן,alter,1,2
אחרנימ,אחרנים,extremus,0,0
אחרנימ,אחרנים,ultimus,0,0
אחרנימ,אחרנים,nouissimus,0,0
אחרנימ,אחרנים,denique,0,0
אחרנימ,אחרנים,posterus,0,0
איימ,איים,gens,0,0
איימ,איים,natio,0,0
איימ,איים,populus,0,0
איימ,איים,prouincia,0,0
איימ,איים,tribus,0,0
איימ,איים,insula,0,0
אילימ,אילים,aries,0,0
אילימ,אילים,ceu,0,0
אילימ,אילים,uelut,0,0
אילמ,אילם,aries,0,67
אילנ,אילן,arbor,0,0
אילנ,אילן,lignum,0,0
אינ,אין,inuenio,19,608
אינ,אין,reperio,2,608
אינ,אין,habeo,70,608
אינ,אין,teneo,4,608
אינ,אין,possideo,5,608
אינ,אין,ullus,6,608
אינ,אין,nullus,37,608
אינ,אין,quisquam,16,608
אינ,אין,aliquis,6,608
אינ,אין,nihil,24,608
אינ,אין,ulter,0,608
אינ,אין,decoctum,0,608
אינ,אין,decima,0,608
אינ,אין,unde,20,608
אינ,אין,quare,9,608
אישונ,אישון,mulier,0,3
אישונ,אישון,filia,0,3
אישונ,אישון,uirgo,0,3
אישונ,אישון,nata,0,3
אישונ,אישון,puella,0,3
אישימ,אישים,populus,0,0
אישימ,אישים,qui,0,0
אישימ,אישים,humanus,0,0
אישימ,אישים,iste,0,0
אישימ,אישים,orbis,0,0
אישימ,אישים,plebs,0,0
אישימ,אישים,mundum,0,0
אישימ,אישים,uir,0,0
אישימ,אישים,homo,0,0
אכ,אך,ergo,10,134
אכ,אך,igitur,4,134
אכ,אך,maledictio,1,134
אכ,אך,prex,0,134
אכ,אך,tum,0,134
אכ,אך,solus,2,134
אכ,אך,unus,8,134
אכ,אך,modo,0,134
אכ,אך,pulto,0,134
אכ,אך,saluo,1,134
אכ,אך,nisi,1,134
אכלימ,אכלים,edo,0,0
אכלימ,אכלים,comedo,0,0
אכלימ,אכלים,uescor,0,0
אכלימ,אכלים,manduco,0,0
אכלתמ,אכלתם,edo,0,0
אכלתמ,אכלתם,comedo,0,0
אכלתמ,אכלתם,uescor,0,0
אכלתמ,אכלתם,manduco,0,0
אלהימ,אלהים,nuntius,10,1893
אלהימ,אלהים,legatus,0,1893
אלהימ,אלהים,angelus,18,1893
אלהימ,אלהים,dea,2,1893
אלהימ,אלהים,caelum,60,1893
אלהימ,אלהים,caelus,0,1893
אלהימ,אלהים,hercules,0,1893
אלהימ,אלהים,deus,1690,1893
אלהימ,אלהים,deum,0,1893
אלהימ,אלהים,dei,0,1893
אלהימ,אלהים,deo,0,1893
אלהימ,אלהים,numen,0,1893
אלהימ,אלהים,diuus,0,1893
אלהימ,אלהים,dominus,1090,1893
אלהימ,אלהים,auctoritas,0,1893
אלהימ,אלהים,erus,0,1893
אלהימ,אלהים,potestas,3,1893
אלהינ,אלהין,dea,0,0
אלהינ,אלהין,caelum,0,0
אלהינ,אלהין,caelus,0,0
אלהינ,אלהין,hercules,0,0
אלהינ,אלהין,deus,0,0
אלהינ,אלהין,deum,0,0
אלהינ,אלהין,dei,0,0
אלהינ,אלהין,deo,0,0
אלהינ,אלהין,numen,0,0
אלהינ,אלהין,diuus,0,0
אלונ,אלון,reliquus,0,20
אלונ,אלון,ceterus,0,20
אלונ,אלון,alter,0,20
אלונ,אלון,alienus,0,20
אלונ,אלון,alius,1,20
אלונ,אלון,glans,0,20
אלופ,אלוף,dux,22,27
אלופ,אלוף,imperator,0,27
אלופ,אלוף,rector,0,27
אלופ,אלוף,miles,0,27
אלופ,אלוף,princeps,2,27
אלימ,אלים,dea,0,0
אלימ,אלים,caelum,0,0
אלימ,אלים,caelus,0,0
אלימ,אלים,hercules,0,0
אלימ,אלים,deus,0,0
אלימ,אלים,deum,0,0
אלימ,אלים,dei,0,0
אלימ,אלים,deo,0,0
אלימ,אלים,numen,0,0
אלימ,אלים,diuus,0,0
אלכ,אלך,heros,0,8
אלכ,אלך,qui,4,8
אלכ,אלך,iste,1,8
אלכ,אלך,maritus,0,8
אלכ,אלך,uir,6,8
אלכ,אלך,homo,0,8
אלכ,אלך,uiri,0,8
אלכ,אלך,uirum,0,8
אלכ,אלך,uiro,0,8
אלכ,אלך,abeo,0,8
אלכ,אלך,discedo,0,8
אלכ,אלך,abito,0,8
אלכ,אלך,ibi,0,8
אלפ,אלף,mille,329,385
אלפ,אלף,miliarius,0,385
אלפ,אלף,milleni,1,385
אלפ,אלף,centum,36,385
אלפימ,אלפים,bini,0,0
אלפימ,אלפים,septeni,0,0
אלפימ,אלפים,hebdomada,0,0
אלפימ,אלפים,terni,0,0
אלפימ,אלפים,tribunus,0,0
אלפימ,אלפים,mille,0,0
אלפימ,אלפים,miliarius,0,0
אלפינ,אלפין,mille,0,0
אלפינ,אלפין,miliarius,0,0
אמ,אם,aurora,1,1068
אמ,אם,mane,7,1068
אמ,אם,usque,30,1068
אמ,אם,dum,1,1068
אמ,אם,quoad,0,1068
אמ,אם,donec,20,1068
אמ,אם,mensis,7,1068
אמ,אם,mater,170,1068
אמ,אם,genetrix,2,1068
אמ,אם,parens,5,1068
אמ,אם,matrem,0,1068
אמ,אם,matri,0,1068
אמ,אם,matris,0,1068
אמ,אם,dimidius,0,1068
אמ,אם,uterinus,2,1068
אמ,אם,quotiens,0,1068
אמ,אם,quoniam,20,1068
אמ,אם,saluo,3,1068
אמ,אם,nisi,53,1068
אמימ,אמים,gens,0,0
אמימ,אמים,natio,0,0
אמימ,אמים,populus,0,0
אמימ,אמים,prouincia,0,0
אמימ,אמים,tribus,0,0
אמימ,אמים,plebs,0,0
אמימ,אמים,uulgus,0,0
אמימ,אמים,turba,0,0
אמימ,אמים,exercitus,0,0
אמימ,אמים,militia,0,0
אמימ,אמים,hospes,0,0
אמימ,אמים,tecolithos,0,0
אמימ,אמים,petrinus,0,0
אמימ,אמים,popularis,0,0
אמינ,אמין,cubitus,0,0
אמינ,אמין,cubitum,0,0
אמנ,אמן,germanus,0,107
אמנ,אמן,fio,1,107
אמנ,אמן,nascor,0,107
אמנ,אמן,orior,0,107
אמנ,אמן,gigno,1,107
אמנ,אמן,sum,50,107
אמנ,אמן,hercules,0,107
אמנ,אמן,edepol,0,107
אמנ,אמן,pol,0,107
אמנ,אמן,pignus,0,107
אמנ,אמן,fidelitas,0,107
אמנ,אמן,fides,2,107
אמנונ,אמנון,agninus,0,22
אמרימ,אמרים,dico,0,0
אמרימ,אמרים,loquor,0,0
אמרימ,אמרים,aio,0,0
אמרימ,אמרים,uoco,0,0
אמרימ,אמרים,appello,0,0
אמרינ,אמרין,dico,0,0
אמרינ,אמרין,loquor,0,0
אמרינ,אמרין,aio,0,0
אמרינ,אמרין,uoco,0,0
אמרינ,אמרין,appello,0,0
אמרתמ,אמרתם,dico,0,0
אמרתמ,אמרתם,loquor,0,0
אמרתמ,אמרתם,aio,0,0
אמרתמ,אמרתם,uoco,0,0
אמרתמ,אמרתם,appello,0,0
אמתימ,אמתים,duo,0,0
אמתימ,אמתים,uter,0,0
אמתימ,אמתים,bini,0,0
אמתימ,אמתים,cubitus,0,0
אמתימ,אמתים,cubitum,0,0
אנ,אן,sol,0,42
אנ,אן,phoebus,0,42
אנ,אן,solis,0,42
אנ,אן,urbs,2,42
אנ,אן,ciuitas,2,42
אנ,אן,oppidum,1,42
אנ,אן,moenia,0,42
אנ,אן,publicus,0,42
אנ,אן,athenae,0,42
אנ,אן,municipium,0,42
אנ,אן,urbem,0,42
אנ,אן,urbis,0,42
אנ,אן,credo,1,42
אנ,אן,certus,0,42
אנ,אן,puto,0,42
אנ,אן,aliquis,0,42
אנ,אן,quatenus,0,42
אנ,אן,quotus,0,42
אנפ,אנף,uultus,0,12
אנפ,אנף,facies,2,12
אנפ,אנף,os,0,12
אנפ,אנף,ora,0,12
אנפ,אנף,persona,0,12
אנשימ,אנשים,heros,0,0
אנשימ,אנשים,qui,0,0
אנשימ,אנשים,iste,0,0
אנשימ,אנשים,maritus,0,0
אנשימ,אנשים,uir,0,0
אנשימ,אנשים,homo,0,0
אנשימ,אנשים,uiri,0,0
אנשימ,אנשים,uirum,0,0
אנשימ,אנשים,uiro,0,0
אנשימ,אנשים,populus,0,0
אנשימ,אנשים,humanus,0,0
אנשימ,אנשים,orbis,0,0
אנשימ,אנשים,plebs,0,0
אנשימ,אנשים,mundum,0,0
אסונ,אסון,lenitudo,0,5
אסונ,אסון,praemollis,0,5
אספ,אסף,accedo,0,201
אספ,אסף,adicio,0,201
אספ,אסף,adiungo,0,201
אספ,אסף,addo,1,201
אספ,אסף,congrego,83,201
אספ,אסף,simul,4,201
אספ,אסף,colligo,26,201
אפ,אף,spicifer,0,330
אפ,אף,animus,1,330
אפ,אף,spiritus,10,330
אפ,אף,furor,113,330
אפ,אף,ira,50,330
אפ,אף,cor,9,330
אפ,אף,pectus,0,330
אפ,אף,amor,0,330
אפ,אף,mens,2,330
אפ,אף,libido,0,330
אפ,אף,pectoralis,0,330
אפ,אף,animi,0,330
אפ,אף,obirascor,0,330
אפ,אף,iracundia,0,330
אפ,אף,uultus,3,330
אפ,אף,facies,18,330
אפ,אף,os,4,330
אפ,אף,ora,0,330
אפ,אף,persona,0,330
אפימ,אפים,longanimis,0,0
אפימ,אפים,uultus,0,0
אפימ,אפים,facies,0,0
אפימ,אפים,os,0,0
אפימ,אפים,ora,0,0
אפימ,אפים,persona,0,0
אפנ,אפן,conuerto,0,1
אקבצ,אקבץ,congrego,0,0
אקבצ,אקבץ,simul,0,0
אקבצ,אקבץ,colligo,0,0
אקימ,אקים,sisto,0,0
אקימ,אקים,sto,0,0
אקימ,אקים,constituo,0,0
אקימ,אקים,erigo,0,0
ארבעימ,ארבעים,quinquaginta,0,0
ארבעימ,ארבעים,quindecim,0,0
ארבעימ,ארבעים,quinque,0,0
ארבעימ,ארבעים,quadraginta,0,0
ארבעימ,ארבעים,quadrageni,0,0
ארגונ,ארגון,purpureus,0,1
ארגונ,ארגון,purpura,0,1
ארגונ,ארגון,ostrum,0,1
ארגמנ,ארגמן,purpureus,5,38
ארגמנ,ארגמן,purpura,25,38
ארגמנ,ארגמן,ostrum,0,38
ארונ,ארון,arca,160,172
ארזימ,ארזים,cedrinus,0,0
ארזימ,ארזים,cedrus,0,0
ארכ,ארך,longanimis,1,137
ארמ,ארם,amicimen,0,131
ארמ,ארם,scopulae,0,131
ארמ,ארם,othonna,0,131
ארמ,ארם,yria,0,131
ארנ,ארן,arca,0,4
ארננ,ארנן,agnos,0,11
ארננ,ארנן,agnus,0,11
ארצ,ארץ,aegyptus,221,1952
ארצ,ארץ,aegyptius,11,1952
ארצ,ארץ,iris,0,1952
ארצ,ארץ,ipse,90,1952
ארצ,ארץ,sui,41,1952
ארצ,ארץ,catonium,0,1952
ארצ,ארץ,regio,51,1952
ארצ,ארץ,terra,1773,1952
ארצ,ארץ,locus,56,1952
ארצ,ארץ,finis,31,1952
ארצ,ארץ,ager,31,1952
ארצ,ארץ,rus,1,1952
אשימ,אשים,pono,0,0
אשימ,אשים,loco,0,0
אשימ,אשים,statuo,0,0
אשימ,אשים,colloco,0,0
אשימ,אשים,locus,0,0
אשליכ,אשליך,porrigo,0,0
אשלמ,אשלם,uendo,0,0
אשלמ,אשלם,restituo,0,0
אשלמ,אשלם,soluo,0,0
אשלמ,אשלם,trado,0,0
אשלמ,אשלם,redeo,0,0
אשלמ,אשלם,reuorto,0,0
אשלמ,אשלם,stipendium,0,0
אשלמ,אשלם,libero,0,0
אשלמ,אשלם,reddo,0,0
אשמ,אשם,tormentum,0,67
אשמ,אשם,experimentum,0,67
אשפ,אשף,magus,3,4
אשפ,אשף,persea,0,4
אשפימ,אשפים,magus,0,0
אשפימ,אשפים,persea,0,0
אשפינ,אשפין,magus,0,0
אשפינ,אשפין,persea,0,0
אשפכ,אשפך,effundo,0,0
אשפכ,אשפך,offundo,0,0
אשפכ,אשפך,defundo,0,0
אשרימ,אשרים,arbor,0,0
אשרימ,אשרים,lignum,0,0
אתונ,אתון,furnus,0,37
אתונ,אתון,camino,0,37
אתחננ,אתחנן,ligo,0,0
אתחננ,אתחנן,uincio,0,0
אתחננ,אתחנן,necto,0,0
אתחננ,אתחנן,opus,0,0
אתחננ,אתחנן,uolo,0,0
אתחננ,אתחנן,postulo,0,0
אתחננ,אתחנן,rogo,0,0
אתחננ,אתחנן,peto,0,0
אתחננ,אתחנן,oro,0,0
אתחננ,אתחנן,necesse,0,0
אתחננ,אתחנן,quaero,0,0
אתחננ,אתחנן,quaeso,0,0
אתחננ,אתחנן,necessarius,0,0
אתחננ,אתחנן,interrogo,0,0
אתחננ,אתחנן,obsecro,0,0
אתחננ,אתחנן,desidero,0,0
אתנ,אתן,do,0,1
אתנ,אתן,trado,0,1
אתנ,אתן,dono,0,1
אתנ,אתן,tribuo,0,1
אתנ,אתן,concedo,0,1
אתנ,אתן,soluo,0,1
אתנ,אתן,reddo,0,1
אתנ,אתן,stipendium,0,1
אתנ,אתן,libero,0,1
אתנ,אתן,deditio,0,1
אתנ,אתן,eruo,0,1
אתנ,אתן,eripio,0,1
אתנ,אתן,pono,0,1
אתנ,אתן,loco,0,1
אתנ,אתן,statuo,0,1
אתנ,אתן,colloco,0,1
אתנ,אתן,locus,0,1
באימ,באים,uenio,0,0
באימ,באים,eo,0,0
באימ,באים,pergo,0,0
באימ,באים,meo,0,0
באשימ,באשים,spina,0,0
באתמ,באתם,intro,0,0
באתמ,באתם,introeo,0,0
באתמ,באתם,ingredior,0,0
באתמ,באתם,subeo,0,0
באתמ,באתם,uenio,0,0
באתמ,באתם,eo,0,0
באתמ,באתם,pergo,0,0
באתמ,באתם,meo,0,0
באתמ,באתם,redeo,0,0
באתמ,באתם,reuorto,0,0
בגדימ,בגדים,uestis,0,0
בגדימ,בגדים,uestimentum,0,0
בגדימ,בגדים,pallium,0,0
בגדימ,בגדים,toga,0,0
בגדימ,בגדים,uestitus,0,0
בדימ,בדים,porto,0,0
בהנ,בהן,uertex,0,9
בחורימ,בחורים,adulescens,0,0
בחורימ,בחורים,iuuenis,0,0
בחורימ,בחורים,adulescentulus,0,0
בחורימ,בחורים,peradulescentulus,0,0
בחרתמ,בחרתם,excerpo,0,0
בטחימ,בטחים,suadeo,0,0
בטחימ,בטחים,persuadeo,0,0
בטחימ,בטחים,pareo,0,0
בטחימ,בטחים,oboedio,0,0
בטחימ,בטחים,adduco,0,0
בטחימ,בטחים,persuasio,0,0
בטחימ,בטחים,inductus,0,0
בטחימ,בטחים,credo,0,0
בטנ,בטן,aluus,0,62
בטנ,בטן,uenter,26,62
בטנ,בטן,uterus,32,62
בטנ,בטן,praecordia,0,62
בינ,בין,uespertinus,0,358
בינ,בין,unus,11,358
בינ,בין,complures,0,358
בינ,בין,alter,10,358
בינ,בין,quisque,0,358
בינ,בין,uesper,4,358
בינ,בין,crepusculum,0,358
בינ,בין,occidens,1,358
בינ,בין,occasus,0,358
בינ,בין,uesperus,7,358
בינ,בין,medius,22,358
בינ,בין,medion,0,358
בינ,בין,centrum,0,358
בינ,בין,medio,0,358
בינ,בין,ceu,0,358
בינ,בין,uelut,0,358
בכאימ,בכאים,discedo,0,0
בכאימ,בכאים,recedo,0,0
בכאימ,בכאים,abeo,0,0
בנ,בן,stadiatus,0,3521
בנ,בן,masculus,10,3521
בנ,בן,masculinus,13,3521
בנ,בן,mas,6,3521
בנ,בן,coniunx,0,3521
בנ,בן,muliebris,0,3521
בנ,בן,uira,0,3521
בנ,בן,femina,5,3521
בנ,בן,uxor,110,3521
בנ,בן,mulier,46,3521
בנ,בן,damalio,0,3521
בנ,בן,uitellus,0,3521
בנ,בן,filius,3061,3521
בנ,בן,puer,32,3521
בנ,בן,iuuencus,0,3521
בנ,בן,natus,1,3521
בנ,בן,proles,0,3521
בנ,בן,liberi,27,3521
בנ,בן,meus,318,3521
בנ,בן,gnatus,0,3521
בנ,בן,progenies,6,3521
בנ,בן,nascor,45,3521
בנ,בן,filium,0,3521
בנ,בן,filii,0,3521
בנ,בן,filio,0,3521
בנימ,בנים,filius,0,2
בנימ,בנים,puer,0,2
בנימ,בנים,iuuencus,0,2
בנימ,בנים,natus,0,2
בנימ,בנים,proles,0,2
בנימ,בנים,liberi,0,2
בנימ,בנים,meus,0,2
בנימ,בנים,gnatus,0,2
בנימ,בנים,progenies,0,2
בנימ,בנים,nascor,0,2
בנימ,בנים,filium,0,2
בנימ,בנים,filii,0,2
בנימ,בנים,filio,0,2
בנימנ,בנימן,contumulo,0,156
ברוכ,ברוך,benedico,0,0
ברוכ,ברוך,beatitas,0,0
ברוכימ,ברוכים,benedico,0,0
ברורימ,ברורים,eligo,0,0
בריכ,בריך,beatitas,0,0
ברכ,ברך,genu,18,267
ברכ,ברך,poples,1,267
ברכ,ברך,genus,1,267
ברכ,ברך,ipse,12,267
ברכ,ברך,sui,7,267
ברכ,ברך,benedico,152,267
ברכימ,ברכים,genu,0,0
ברכימ,ברכים,poples,0,0
ברכימ,ברכים,genus,0,0
ברמ,ברם,saluo,0,2
ברמ,ברם,nisi,0,2
ברקימ,ברקים,fulgur,0,0
ברקימ,ברקים,fulmen,0,0
בשמימ,בשמים,aroma,0,0
בשמימ,בשמים,cardamomum,0,0
בתולימ,בתולים,uirginitas,5,9
בתימ,בתים,latus,0,0
בתימ,בתים,amplus,0,0
בתימ,בתים,spatiosus,0,0
בתימ,בתים,latitudo,0,0
בתימ,בתים,fero,0,0
בתימ,בתים,procul,0,0
בתימ,בתים,aedes,0,0
בתימ,בתים,familia,0,0
בתימ,בתים,templum,0,0
בתימ,בתים,apud,0,0
בתימ,בתים,tectum,0,0
בתימ,בתים,penates,0,0
בתימ,בתים,cognatio,0,0
בתימ,בתים,domus,0,0
בתימ,בתים,tecta,0,0
בתימ,בתים,gener,0,0
בתימ,בתים,sedes,0,0
בתימ,בתים,praedium,0,0
בתימ,בתים,domum,0,0
בתימ,בתים,domo,0,0
גאונ,גאון,gloria,6,42
גאונ,גאון,fama,0,42
גאונ,גאון,sententia,0,42
גאונ,גאון,existimatio,0,42
גאונ,גאון,laus,0,42
גאונ,גאון,opinio,0,42
גאונ,גאון,uis,0,42
גאונ,גאון,robur,0,42
גאונ,גאון,fortitudo,2,42
גאונ,גאון,potentia,1,42
גאונ,גאון,superbia,29,42
גאונ,גאון,insolentia,0,42
גאונ,גאון,contumelia,0,42
גאונ,גאון,arrogantia,5,42
גאונ,גאון,uiolo,0,42
גבהימ,גבהים,altus,0,0
גבהימ,גבהים,celsus,0,0
גבהימ,גבהים,excelsus,0,0
גבהימ,גבהים,sublimis,0,0
גבהימ,גבהים,superus,0,0
גבהימ,גבהים,alo,0,0
גבהימ,גבהים,summus,0,0
גבורימ,גבורים,potens,0,0
גבורימ,גבורים,fortis,0,0
גבלימ,גבלים,iacio,0,0
גבלימ,גבלים,mitto,0,0
גבלימ,גבלים,peto,0,0
גבלימ,גבלים,ferio,0,0
גבלימ,גבלים,icio,0,0
גבלימ,גבלים,proicio,0,0
גבלימ,גבלים,eicio,0,0
גבעימ,גבעים,uis,0,0
גבעימ,גבעים,potestas,0,0
גבעימ,גבעים,imperium,0,0
גבעימ,גבעים,robur,0,0
גבעימ,גבעים,tempestas,0,0
גבעימ,גבעים,pollentia,0,0
גברימ,גברים,heros,0,0
גברימ,גברים,qui,0,0
גברימ,גברים,iste,0,0
גברימ,גברים,maritus,0,0
גברימ,גברים,uir,0,0
גברימ,גברים,homo,0,0
גברימ,גברים,uiri,0,0
גברימ,גברים,uirum,0,0
גברימ,גברים,uiro,0,0
גברימ,גברים,potens,0,0
גברימ,גברים,fortis,0,0
גברינ,גברין,heros,0,0
גברינ,גברין,qui,0,0
גברינ,גברין,iste,0,0
גברינ,גברין,maritus,0,0
גברינ,גברין,uir,0,0
גברינ,גברין,homo,0,0
גברינ,גברין,uiri,0,0
גברינ,גברין,uirum,0,0
גברינ,גברין,uiro,0,0
גדולימ,גדולים,magnus,0,0
גדולימ,גדולים,ingens,0,0
גדולימ,גדולים,immanis,0,0
גדולימ,גדולים,uastus,0,0
גדולימ,גדולים,grandis,0,0
גדולימ,גדולים,multus,0,0
גדולימ,גדולים,superus,0,0
גדולימ,גדולים,summus,0,0
גדולימ,גדולים,alo,0,0
גדלימ,גדלים,magnus,0,0
גדלימ,גדלים,ingens,0,0
גדלימ,גדלים,immanis,0,0
גדלימ,גדלים,uastus,0,0
גדלימ,גדלים,grandis,0,0
גדלימ,גדלים,multus,0,0
גדלימ,גדלים,superus,0,0
גדלימ,גדלים,summus,0,0
גדלימ,גדלים,alo,0,0
גוימ,גוים,gens,0,0
גוימ,גוים,natio,0,0
גוימ,גוים,populus,0,0
גוימ,גוים,prouincia,0,0
גוימ,גוים,tribus,0,0
גיימ,גיים,gens,0,0
גיימ,גיים,natio,0,0
גיימ,גיים,populus,0,0
גיימ,גיים,prouincia,0,0
גיימ,גיים,tribus,0,0
גמ,גם,aurora,0,616
גמ,גם,mane,2,616
גמ,גם,usque,17,616
גמ,גם,dum,1,616
גמ,גם,quoad,0,616
גמ,גם,donec,11,616
גמלימ,גמלים,camelus,0,0
גמלימ,גמלים,camelinus,0,0
גנ,גן,paradisus,16,40
גפ,גף,solus,0,3
גפ,גף,unus,0,3
גפ,גף,modo,0,3
גפינ,גפין,ala,0,0
גפינ,גפין,penna,0,0
גפנ,גפן,uitis,10,46
גפנ,גפן,mados,0,46
גרונ,גרון,respiramen,0,4
גרזנ,גרזן,securifer,0,4
גרימ,גרים,aduena,0,0
גרימ,גרים,compressor,0,0
גרנ,גרן,iaceo,0,36
גרנ,גרן,capio,1,36
גרנ,גרן,corripio,0,36
גרנ,גרן,salictum,0,36
גשמ,גשם,ordo,0,36
גשמ,גשם,homo,2,36
גשמ,גשם,corpus,0,36
גשמ,גשם,pluuia,13,36
גשנ,גשן,bellator,0,14
גשנ,גשן,heros,0,14
גשנ,גשן,heroum,0,14
גשנ,גשן,herois,0,14
גשנ,גשן,urbs,0,14
גשנ,גשן,ciuitas,1,14
גשנ,גשן,oppidum,0,14
גשנ,גשן,moenia,0,14
גשנ,גשן,publicus,0,14
גשנ,גשן,athenae,0,14
גשנ,גשן,municipium,0,14
גשנ,גשן,urbem,0,14
גשנ,גשן,urbis,0,14
דארינ,דארין,domus,0,0
דארינ,דארין,aedes,0,0
דארינ,דארין,tecta,0,0
דארינ,דארין,familia,0,0
דארינ,דארין,templum,0,0
דארינ,דארין,apud,0,0
דארינ,דארין,cognatio,0,0
דארינ,דארין,tectum,0,0
דארינ,דארין,gener,0,0
דארינ,דארין,sedes,0,0
דארינ,דארין,praedium,0,0
דארינ,דארין,domum,0,0
דארינ,דארין,domo,0,0
דברימ,דברים,causa,0,0
דברימ,דברים,argumentum,0,0
דברימ,דברים,contio,0,0
דברימ,דברים,tabula,0,0
דברימ,דברים,fabula,0,0
דברימ,דברים,ob,0,0
דברימ,דברים,ratio,0,0
דברימ,דברים,uerbi,0,0
דברימ,דברים,oratio,0,0
דברימ,דברים,uerbum,0,0
דברימ,דברים,sermo,0,0
דברימ,דברים,uox,0,0
דברימ,דברים,imperatus,0,0
דגנ,דגן,cibus,1,36
דגנ,דגן,frumentum,22,36
דגנ,דגן,seges,0,36
דגנ,דגן,panis,2,36
דגנ,דגן,frumentarius,0,36
דגנ,דגן,triticum,8,36
דגנ,דגן,granum,0,36
דגנ,דגן,esca,0,36
דינ,דין,decretorius,0,25
דינ,דין,iudicium,8,25
דינ,דין,hemina,0,25
דירינ,דירין,domus,0,0
דירינ,דירין,aedes,0,0
דירינ,דירין,tecta,0,0
דירינ,דירין,familia,0,0
דירינ,דירין,templum,0,0
דירינ,דירין,apud,0,0
דירינ,דירין,cognatio,0,0
דירינ,דירין,tectum,0,0
דירינ,דירין,gener,0,0
דירינ,דירין,sedes,0,0
דירינ,דירין,praedium,0,0
דירינ,דירין,domum,0,0
דירינ,דירין,domo,0,0
דכנ,דכן,ibi,0,1
דמ,דם,sanguis,241,267
דמ,דם,cruor,6,267
דמ,דם,sanguineus,0,267
דמימ,דמים,sanguis,0,0
דמימ,דמים,cruor,0,0
דמימ,דמים,sanguineus,0,0
דמימ,דמים,obnoxius,0,0
דמימ,דמים,mors,0,0
דמימ,דמים,occaedes,0,0
דמימ,דמים,interfacio,0,0
דמימ,דמים,caedes,0,0
דמימ,דמים,interfectrix,0,0
דנ,דן,iudico,5,65
דנ,דן,decerno,1,65
דנ,דן,iudex,0,65
דנ,דן,iudicium,1,65
דנ,דן,reciperator,0,65
דנ,דן,statuo,0,65
דראונ,דראון,pudor,0,1
דראונ,דראון,dedecus,0,1
דראונ,דראון,ignominia,0,1
דרכ,דרך,mare,19,601
דרכ,דרך,pontus,0,601
דרכ,דרך,pelagus,0,601
דרכ,דרך,aequor,0,601
דרכ,דרך,litus,0,601
דרכ,דרך,ora,0,601
דרכ,דרך,maris,0,601
דרכ,דרך,uia,481,601
דרכ,דרך,iter,53,601
דרכ,דרך,semita,31,601
דרכ,דרך,modus,1,601
דרכימ,דרכים,uia,0,0
דרכימ,דרכים,iter,0,0
דרכימ,דרכים,semita,0,0
דרכימ,דרכים,modus,0,0
דרשנ,דרשן,peto,0,0
דרשנ,דרשן,quaero,0,0
דשנ,דשן,ditiae,0,21
האזינ,האזין,opera,0,0
האזינ,האזין,adhibeo,0,0
האמינ,האמין,spero,0,0
האמינ,האמין,confido,0,0
האמינ,האמין,existimo,0,0
האמינ,האמין,fiducia,0,0
האמינ,האמין,credo,0,0
הבינ,הבין,prudentia,0,0
הגיונ,הגיון,cantus,0,1
הדמ,הדם,scabellum,0,4
הדמינ,הדמין,exitium,0,0
הדמינ,הדמין,perditio,0,0
הונ,הון,dea,0,24
הונ,הון,caelum,0,24
הונ,הון,caelus,0,24
הונ,הון,hercules,0,24
הונ,הון,deus,1,24
הונ,הון,deum,0,24
הונ,הון,dei,0,24
הונ,הון,deo,0,24
הונ,הון,numen,0,24
הונ,הון,diuus,0,24
הונ,הון,equidem,0,24
הונ,הון,conuerto,0,24
הונ,הון,uerto,0,24
הונ,הון,dos,0,24
הונ,הון,pars,0,24
הונ,הון,ossum,0,24
הונ,הון,redo,0,24
הונ,הון,totus,0,24
הונ,הון,uniuersus,2,24
הונ,הון,cunctus,0,24
הונ,הון,omnis,4,24
הונ,הון,ordo,0,24
הונ,הון,homo,2,24
הונ,הון,corpus,0,24
הונ,הון,tiara,0,24
הורדתמ,הורדתם,reddo,0,0
הורדתמ,הורדתם,restituo,0,0
הורדתמ,הורדתם,deduco,0,0
החרימ,החרים,pereo,0,0
החרימ,החרים,perdo,0,0
החרימ,החרים,amitto,0,0
החרימ,החרים,mors,0,0
החרימ,החרים,deleo,0,0
החרימ,החרים,intereo,0,0
החרימ,החרים,ruina,0,0
החרימ,החרים,disperdo,0,0
החרימ,החרים,interfacio,0,0
החרימ,החרים,morior,0,0
החרימ,החרים,exitium,0,0
החרימ,החרים,occido,0,0
החרמ,החרם,anathema,0,0
הינ,הין,equidem,0,19
הינ,הין,conuerto,0,19
הינ,הין,uerto,1,19
הינ,הין,dos,0,19
הינ,הין,pars,10,19
הכ,הך,pulto,0,0
הכינ,הכין,praeparo,0,0
הלחמ,הלחם,bellor,0,0
הלחמ,הלחם,pugno,0,0
הלחמ,הלחם,gero,0,0
הלחמ,הלחם,bellum,0,0
הלכ,הלך,discedo,1,1280
הלכ,הלך,recedo,29,1280
הלכ,הלך,abeo,189,1280
הלכ,הלך,peruio,0,1280
הלכימ,הלכים,iter,0,0
הלכימ,הלכים,martius,0,0
הלכימ,הלכים,agmen,0,0
הלכימ,הלכים,pergo,0,0
הלמ,הלם,indus,0,18
הלמ,הלם,illinc,0,18
המ,הם,ipse,47,254
המ,הם,sui,12,254
המ,הם,ibi,3,254
המ,הם,habeo,7,254
המ,הם,teneo,1,254
המ,הם,possideo,4,254
המ,הם,dea,0,254
המ,הם,caelum,2,254
המ,הם,caelus,0,254
המ,הם,hercules,0,254
המ,הם,deus,27,254
המ,הם,deum,0,254
המ,הם,dei,0,254
המ,הם,deo,0,254
המ,הם,numen,0,254
המ,הם,diuus,0,254
המ,הם,populus,24,254
המ,הם,plebs,1,254
המ,הם,uulgus,0,254
המ,הם,turba,0,254
המ,הם,exercitus,4,254
המ,הם,militia,0,254
המ,הם,hospes,0,254
המ,הם,tecolithos,0,254
המ,הם,petrinus,0,254
המ,הם,popularis,0,254
המ,הם,quasi,7,254
המ,הם,sicut,10,254
המ,הם,similis,2,254
המ,הם,tamquam,0,254
המ,הם,par,0,254
המ,הם,totus,2,254
המ,הם,uniuersus,21,254
המ,הם,cunctus,10,254
המ,הם,omnis,33,254
המ,הם,pater,10,254
המ,הם,genitor,0,254
המ,הם,parens,1,254
המ,הם,paternus,0,254
המ,הם,patri,0,254
המ,הם,patrem,0,254
המ,הם,patris,0,254
המ,הם,uasum,0,254
המ,הם,nauis,0,254
המ,הם,impedimentum,0,254
המ,הם,uas,5,254
המ,הם,aurum,4,254
המ,הם,os,2,254
המ,הם,labium,0,254
המ,הם,labrum,0,254
המ,הם,osculum,0,254
המ,הם,uelut,0,254
המונ,המון,exercitus,5,74
המונ,המון,copia,2,74
המונ,המון,uis,0,74
המונ,המון,uirtus,0,74
המונ,המון,imperium,0,74
המונ,המון,potentia,0,74
המונ,המון,cogo,0,74
המונ,המון,opis,0,74
המונ,המון,robur,1,74
המונ,המון,fortitudo,3,74
המונ,המון,potestas,0,74
המונ,המון,multitudo,45,74
המונ,המון,turba,1,74
המונ,המון,uulgus,1,74
המונ,המון,nauigatio,0,74
המונ,המון,nauigo,0,74
המונ,המון,cursus,0,74
המונ,המון,multus,8,74
המונ,המון,magnus,4,74
המונ,המון,longus,0,74
המונ,המון,diu,0,74
המונ,המון,procul,1,74
המונ,המון,superus,0,74
המונ,המון,absum,0,74
המונ,המון,summus,0,74
המונ,המון,grandis,2,74
המונ,המון,synagoga,0,74
המונ,המון,educatus,0,74
המונכ,המונך,monolinum,0,0
המליכ,המליך,rex,0,0
המליכ,המליך,tyrannus,0,0
המליכ,המליך,dominus,0,0
המליכ,המליך,princeps,0,0
המליכ,המליך,regis,0,0
המליכ,המליך,regem,0,0
המליכ,המליך,regi,0,0
המליכ,המליך,regno,0,0
המלכ,המלך,regno,0,0
המלכ,המלך,rex,0,0
המניכ,המניך,monolinum,0,0
הנ,הן,indus,0,99
הנ,הן,illinc,0,99
הנ,הן,praesens,0,99
הנ,הן,munus,0,99
הנ,הן,dono,0,99
הנ,הן,donum,1,99
הנ,הן,adsum,0,99
הנ,הן,pater,3,99
הנ,הן,genitor,0,99
הנ,הן,parens,0,99
הנ,הן,paternus,0,99
הנ,הן,patri,0,99
הנ,הן,patrem,0,99
הנ,הן,patris,0,99
העמ,העם,populus,0,0
העמ,העם,plebs,0,0
העמ,העם,uulgus,0,0
העמ,העם,turba,0,0
העמ,העם,exercitus,0,0
העמ,העם,militia,0,0
העמ,העם,hospes,0,0
העמ,העם,tecolithos,0,0
העמ,העם,petrinus,0,0
העמ,העם,popularis,0,0
הפכ,הפך,ultimo,0,80
הקימ,הקים,surgo,0,0
הקימ,הקים,exsurgo,0,0
הקימ,הקים,sisto,0,0
הקימ,הקים,sto,0,0
הקימ,הקים,constituo,0,0
הקימ,הקים,erigo,0,0
הקימ,הקים,pono,0,0
הקמ,הקם,surgo,0,0
הקמ,הקם,exsurgo,0,0
הקמ,הקם,sisto,0,0
הקמ,הקם,sto,0,0
הקמ,הקם,constituo,0,0
הקמ,הקם,erigo,0,0
הרימ,הרים,mons,0,0
הרימ,הרים,iugum,0,0
הרימ,הרים,collis,0,0
הרימ,הרים,serum,0,0
הרימ,הרים,terminus,0,0
הרפ,הרף,omitto,0,0
הרפ,הרף,permitto,0,0
התאנפ,התאנף,obirascor,0,0
התהלכ,התהלך,putealis,0,0
התמ,התם,impleo,0,0
התמ,התם,compleo,0,0
התמ,התם,repleo,0,0
זבחימ,זבחים,sacrificium,0,0
זבחימ,זבחים,immolo,0,0
זבחימ,זבחים,sacrifico,0,0
זבחימ,זבחים,uictima,0,0
זיתימ,זיתים,oleum,0,0
זיתימ,זיתים,olearius,0,0
זיתימ,זיתים,olearis,0,0
זכרונ,זכרון,mnemosynon,0,22
זכרנ,זכרן,mnemosynon,0,0
זמנ,זמן,tempus,11,13
זמנ,זמן,occasio,0,13
זמנ,זמן,facultas,0,13
זמנ,זמן,potestas,0,13
זמנ,זמן,tum,0,13
זמנ,זמן,longus,0,13
זמנ,זמן,diu,0,13
זמנ,זמן,aetas,1,13
זמנ,זמן,temporis,0,13
זמנינ,זמנין,tempus,0,0
זמנינ,זמנין,occasio,0,0
זמנינ,זמנין,facultas,0,0
זמנינ,זמנין,potestas,0,0
זעמ,זעם,ira,4,22
זעמ,זעם,furor,8,22
זעמ,זעם,iracundia,0,22
זקנ,זקן,bule,0,208
זקנ,זקן,senectus,3,208
זקנ,זקן,senium,0,208
זקנ,זקן,aetas,7,208
זקנ,זקן,legatus,0,208
זקנ,זקן,orator,0,208
זקנ,זקן,senex,125,208
זקנ,זקן,uetus,0,208
זקנ,זקן,natus,0,208
זקנ,זקן,antiquus,1,208
זקנ,זקן,presbyter,0,208
זקנ,זקן,uetustas,0,208
זקנ,זקן,barba,14,208
זקנ,זקן,barbio,0,208
זקנ,זקן,barbitium,0,208
זקנימ,זקנים,bule,0,4
זקנימ,זקנים,legatus,0,4
זקנימ,זקנים,orator,0,4
זקנימ,זקנים,senex,2,4
זקנימ,זקנים,uetus,0,4
זקנימ,זקנים,natus,0,4
זקנימ,זקנים,antiquus,0,4
זקנימ,זקנים,presbyter,0,4
זרימ,זרים,exter,0,0
זרימ,זרים,externus,0,0
זרימ,זרים,alienus,0,0
זרמ,זרם,populus,0,6
זרמ,זרם,qui,2,6
זרמ,זרם,humanus,0,6
זרמ,זרם,iste,0,6
זרמ,זרם,orbis,0,6
זרמ,זרם,plebs,0,6
זרמ,זרם,mundum,0,6
זרמ,זרם,uir,1,6
זרמ,זרם,homo,0,6
חבלימ,חבלים,funis,0,2
חבלימ,חבלים,restis,0,2
חבלימ,חבלים,resticula,0,2
חבלימ,חבלים,tortum,0,2
חדשימ,חדשים,nouus,0,0
חדשימ,חדשים,mustus,0,0
חומ,חום,protentus,0,4
חופ,חוף,litus,4,6
חופ,חוף,ora,0,6
חופ,חוף,salum,0,6
חוצ,חוץ,extra,35,153
חוצ,חוץ,extrinsecus,5,153
חזונ,חזון,tuor,0,21
חזונ,חזון,cernentia,0,21
חזונ,חזון,somnus,0,21
חזונ,חזון,sopor,0,21
חזונ,חזון,dormio,0,21
חזונ,חזון,soporus,0,21
חזימ,חזים,uideo,0,0
חזימ,חזים,cerno,0,0
חזימ,חזים,conspicio,0,0
חזימ,חזים,aspicio,0,0
חזימ,חזים,animaduerto,0,0
חזימ,חזים,obseruo,0,0
חזינ,חזין,studium,0,0
חזינ,חזין,aspicio,0,0
חזיתונ,חזיתון,uideo,0,0
חזיתונ,חזיתון,cerno,0,0
חזיתונ,חזיתון,conspicio,0,0
חזיתונ,חזיתון,aspicio,0,0
חזיתונ,חזיתון,animaduerto,0,0
חזיתונ,חזיתון,obseruo,0,0
חטאימ,חטאים,desidero,0,0
חטאימ,חטאים,erro,0,0
חטאימ,חטאים,culpa,0,0
חטאימ,חטאים,desum,0,0
חטאימ,חטאים,peccator,0,0
חטאימ,חטאים,peccatrix,0,0
חיונ,חיון,fera,0,0
חיונ,חיון,bestia,0,0
חיונ,חיון,belua,0,0
חיונ,חיון,ferus,0,0
חיונ,חיון,iumentum,0,0
חיונ,חיון,animal,0,0
חיימ,חיים,uita,102,167
חיימ,חיים,anima,16,167
חיימ,חיים,uictus,1,167
חיינ,חיין,uita,0,0
חיינ,חיין,anima,0,0
חיינ,חיין,uictus,0,0
חילימ,חילים,exercitus,0,0
חילימ,חילים,copia,0,0
חילימ,חילים,uis,0,0
חילימ,חילים,uirtus,0,0
חילימ,חילים,imperium,0,0
חילימ,חילים,potentia,0,0
חילימ,חילים,cogo,0,0
חילימ,חילים,opis,0,0
חילימ,חילים,robur,0,0
חילימ,חילים,fortitudo,0,0
חילימ,חילים,potestas,0,0
חכימינ,חכימין,sapientia,0,0
חכימינ,חכימין,sapienter,0,0
חכימינ,חכימין,prudens,0,0
חכימינ,חכימין,sapio,0,0
חכמ,חכם,sapientia,13,147
חכמ,חכם,sapienter,1,147
חכמ,חכם,prudens,11,147
חכמ,חכם,sapio,3,147
חכמימ,חכמים,sapientia,0,0
חכמימ,חכמים,sapienter,0,0
חכמימ,חכמים,prudens,0,0
חכמימ,חכמים,sapio,0,0
חלומ,חלום,somnio,2,54
חלומ,חלום,insomnium,0,54
חלומ,חלום,somnus,3,54
חלומ,חלום,sopor,1,54
חלומ,חלום,dormio,1,54
חלומ,חלום,soporus,0,54
חלונ,חלון,fenestra,25,26
חלונ,חלון,specularis,0,26
חללימ,חללים,uulnus,0,0
חללימ,חללים,saucius,0,0
חלמ,חלם,somnio,2,34
חלמ,חלם,insomnium,0,34
חלמ,חלם,tuor,0,34
חלמ,חלם,somnus,1,34
חלמ,חלם,sopor,0,34
חלמ,חלם,dormio,1,34
חלמ,חלם,soporus,0,34
חלצ,חלץ,lumbus,7,46
חמצ,חמץ,fermentum,7,20
חמצ,חמץ,camum,0,20
חמרימ,חמרים,asininus,0,0
חמרימ,חמרים,asina,0,0
חמרימ,חמרים,asinus,0,0
חמשימ,חמשים,centum,0,0
חמשימ,חמשים,ducenti,0,0
חמשימ,חמשים,duceni,0,0
חמשימ,חמשים,quinquagenarius,0,0
חמשימ,חמשים,quinquaginta,0,0
חמשימ,חמשים,quadringenti,0,0
חמשימ,חמשים,quattuor,0,0
חנ,חן,misericordia,3,66
חנ,חן,misero,0,66
חנ,חן,misereor,1,66
חנ,חן,misereo,0,66
חנ,חן,uerutum,0,66
חנ,חן,causa,1,66
חנ,חן,gratus,3,66
חנ,חן,propter,4,66
חנ,חן,grates,0,66
חנ,חן,gratia,57,66
חנונ,חנון,misericors,4,17
חנימ,חנים,insitium,0,0
חננ,חנן,misericordia,0,61
חננ,חנן,misero,2,61
חננ,חנן,misereor,16,61
חננ,חנן,misereo,2,61
חסנ,חסן,uis,0,9
חסנ,חסן,robur,0,9
חסנ,חסן,fortitudo,3,9
חסנ,חסן,potentia,0,9
חספ,חסף,statim,0,7
חספ,חסף,continuus,0,7
חספ,חסף,simul,0,7
חפזונ,חפזון,studium,0,3
חפזונ,חפזון,nauo,0,3
חפצ,חפץ,uolo,35,90
חפצ,חפץ,cupio,2,90
חפצ,חפץ,opto,1,90
חפצ,חפץ,utinam,0,90
חפצ,חפץ,uoluntas,10,90
חפצ,חפץ,placeo,5,90
חפצ,חפץ,quasi,3,90
חפצ,חפץ,sicut,3,90
חפצ,חפץ,cupiditas,0,90
חפצ,חפץ,similis,1,90
חפצ,חפץ,eligo,4,90
חפצ,חפץ,deligo,0,90
חפצ,חפץ,lubet,0,90
חפצ,חפץ,obsecro,1,90
חפצ,חפץ,recuso,0,90
חפצ,חפץ,nolo,9,90
חפצ,חפץ,prolubium,0,90
חצ,חץ,telum,0,35
חצ,חץ,iaculum,0,35
חצ,חץ,sagitta,29,35
חצ,חץ,missile,0,35
חצ,חץ,scapus,0,35
חצ,חץ,tela,0,35
חצ,חץ,dimidius,0,35
חצ,חץ,dimidio,0,35
חצ,חץ,semifer,0,35
חצ,חץ,dimidium,0,35
חצ,חץ,arcus,8,35
חצימ,חצים,telum,0,0
חצימ,חצים,iaculum,0,0
חצימ,חצים,sagitta,0,0
חצימ,חצים,missile,0,0
חצימ,חצים,scapus,0,0
חצימ,חצים,tela,0,0
חצימ,חצים,palumbinus,0,0
חצנ,חצן,sinus,1,2
חצנ,חצן,gremium,0,2
חצנ,חצן,gurges,0,2
חצנ,חצן,pectus,0,2
חקימ,חקים,scitus,0,0
חקימ,חקים,imperatus,0,0
חרונ,חרון,animus,0,35
חרונ,חרון,spiritus,0,35
חרונ,חרון,furor,24,35
חרונ,חרון,ira,26,35
חרונ,חרון,cor,1,35
חרונ,חרון,pectus,0,35
חרונ,חרון,amor,0,35
חרונ,חרון,mens,0,35
חרונ,חרון,libido,0,35
חרונ,חרון,pectoralis,0,35
חרונ,חרון,animi,0,35
חרונ,חרון,iracundia,1,35
חרימ,חרים,libero,0,0
חרימ,חרים,ingenuus,0,0
חרימ,חרים,libertas,0,0
חרמ,חרם,sacrificium,0,83
חרמ,חרם,oblatio,0,83
חרפ,חרף,uer,0,34
חרפ,חרף,fons,0,34
חרפ,חרף,exprobo,0,34
חרפ,חרף,obicio,0,34
חרפ,חרף,opprobrium,1,34
חרפ,חרף,obiectatio,0,34
חרפ,חרף,exprobro,16,34
חרשימ,חרשים,surdus,0,0
חשוכ,חשוך,tenebrae,1,1
חשוכ,חשוך,caligo,0,1
חשוכ,חשוך,obscuritas,0,1
חשחינ,חשחין,habeo,0,0
חשחינ,חשחין,teneo,0,0
חשחינ,חשחין,possideo,0,0
חשחינ,חשחין,usus,0,0
חשחינ,חשחין,necessitas,0,0
חשחינ,חשחין,opus,0,0
חשחינ,חשחין,utor,0,0
חשכ,חשך,tenebrae,58,105
חשכ,חשך,caligo,12,105
חשכ,חשך,obscuritas,0,105
חשכ,חשך,parco,8,105
חשכ,חשך,imperco,0,105
חשנ,חשן,tripedalis,0,21
חתנ,חתן,gener,11,50
חתנ,חתן,socer,4,50
חתנ,חתן,sisto,0,50
חתנ,חתן,sto,0,50
חתנ,חתן,constituo,0,50
חתנ,חתן,erigo,0,50
חתנ,חתן,nymphon,0,50
טבימ,טבים,bonus,0,0
טבימ,טבים,probus,0,0
טבימ,טבים,fortis,0,0
טבימ,טבים,bene,0,0
טובימ,טובים,bonus,0,0
טובימ,טובים,probus,0,0
טובימ,טובים,fortis,0,0
טובימ,טובים,bene,0,0
טובימ,טובים,pulcher,0,0
טובימ,טובים,formosus,0,0
טובימ,טובים,nobilis,0,0
טובימ,טובים,ius,0,0
טובימ,טובים,aequus,0,0
טובימ,טובים,speciosus,0,0
טובימ,טובים,ualeo,0,0
טובימ,טובים,posterus,0,0
טובימ,טובים,dexter,0,0
טובימ,טובים,puteus,0,0
טובימ,טובים,bellus,0,0
טחרימ,טחרים,sessio,0,7
טעמ,טעם,sententia,3,40
טעמ,טעם,iudicium,0,40
טעמ,טעם,consilium,2,40
טעמ,טעם,animus,0,40
טעמ,טעם,mens,0,40
טעמ,טעם,opinio,0,40
טעמ,טעם,existimo,0,40
טעמ,טעם,censeo,0,40
טעמ,טעם,sentio,0,40
טעמ,טעם,existimatio,0,40
טעמ,טעם,ratio,0,40
טעמ,טעם,decerno,2,40
טעמ,טעם,decretum,5,40
טעמ,טעם,iudico,0,40
טעמ,טעם,iudex,0,40
טעמ,טעם,reciperator,0,40
טעמ,טעם,statuo,2,40
טעמ,טעם,uultus,0,40
טעמ,טעם,facies,0,40
טעמ,טעם,os,1,40
טעמ,טעם,ora,0,40
טעמ,טעם,persona,0,40
טפ,טף,stercus,0,42
טפ,טף,filius,9,42
טפ,טף,puer,3,42
טפ,טף,iuuencus,0,42
טפ,טף,natus,0,42
טפ,טף,proles,0,42
טפ,טף,liberi,5,42
טפ,טף,meus,1,42
טרדינ,טרדין,uenatura,0,0
טרמ,טרם,donec,1,43
טרמ,טרם,usque,2,43
טרמ,טרם,ante,3,43
טרפ,טרף,rapio,1,32
טרפ,טרף,corripio,0,32
טרפ,טרף,fio,0,32
טרפ,טרף,nascor,0,32
טרפ,טרף,orior,0,32
טרפ,טרף,gigno,0,32
טרפ,טרף,sum,12,32
טרפ,טרף,uenatio,0,32
טרפ,טרף,uenatus,0,32
טרפ,טרף,fera,0,32
טרפ,טרף,bestia,2,32
טרפ,טרף,belua,0,32
טרפ,טרף,ferus,1,32
טרפ,טרף,iumentum,0,32
טרפ,טרף,animal,0,32
יאכלונ,יאכלון,edo,0,0
יאכלונ,יאכלון,comedo,0,0
יאכלונ,יאכלון,uescor,0,0
יאכלונ,יאכלון,manduco,0,0
יאמנ,יאמן,spero,0,0
יאמנ,יאמן,confido,0,0
יאמנ,יאמן,existimo,0,0
יאמנ,יאמן,fiducia,0,0
יאמנ,יאמן,credo,0,0
יאספ,יאסף,accedo,0,0
יאספ,יאסף,adicio,0,0
יאספ,יאסף,adiungo,0,0
יאספ,יאסף,addo,0,0
יאספ,יאסף,congrego,0,0
יאספ,יאסף,simul,0,0
יאספ,יאסף,colligo,0,0
יבכ,יבך,fleo,0,0
יבכ,יבך,lacrimo,0,0
יבכ,יבך,ploro,0,0
יבכ,יבך,fleui,0,0
יבמ,יבם,frater,3,3
יבמ,יבם,germanus,0,3
יבמ,יבם,heros,0,3
יבמ,יבם,qui,1,3
יבמ,יבם,iste,0,3
יבמ,יבם,maritus,0,3
יבמ,יבם,uir,1,3
יבמ,יבם,homo,0,3
יבמ,יבם,uiri,0,3
יבמ,יבם,uirum,0,3
יבמ,יבם,uiro,0,3
יבנ,יבן,materio,0,0
יבנ,יבן,aedifico,0,0
יברכ,יברך,benedico,0,0
יברכ,יברך,uerutum,0,0
יגונ,יגון,dolor,9,10
יגונ,יגון,tristitia,2,10
יגונ,יגון,maeror,1,10
יגונ,יגון,opera,0,10
יגונ,יגון,doleo,0,10
יגונ,יגון,dolentia,0,10
יגפ,יגף,pulto,0,0
ידימ,ידים,manus,0,0
ידימ,ידים,arma,0,0
ידימ,ידים,bracchium,0,0
ידינ,ידין,iudico,0,0
ידינ,ידין,decerno,0,0
ידינ,ידין,iudex,0,0
ידינ,ידין,iudicium,0,0
ידינ,ידין,reciperator,0,0
ידינ,ידין,statuo,0,0
ידעונ,ידעון,nosco,0,0
ידעונ,ידעון,cognosco,0,0
ידעונ,ידעון,scio,0,0
ידעונ,ידעון,intellego,0,0
ידעונ,ידעון,scientia,0,0
ידעונ,ידעון,statuo,0,0
ידעתמ,ידעתם,nosco,0,0
ידעתמ,ידעתם,cognosco,0,0
ידעתמ,ידעתם,scio,0,0
ידעתמ,ידעתם,intellego,0,0
ידעתמ,ידעתם,scientia,0,0
ידעתמ,ידעתם,statuo,0,0
ידעתמ,ידעתם,noui,0,0
יהלמ,יהלם,chrysopteros,0,3
יהלמ,יהלם,boria,0,3
יהנ,יהן,dea,0,0
יהנ,יהן,caelum,0,0
יהנ,יהן,caelus,0,0
יהנ,יהן,hercules,0,0
יהנ,יהן,deus,0,0
יהנ,יהן,deum,0,0
יהנ,יהן,dei,0,0
יהנ,יהן,deo,0,0
יהנ,יהן,numen,0,0
יהנ,יהן,diuus,0,0
יהנ,יהן,tergum,0,0
יהנ,יהן,rursus,0,0
יהנ,יהן,natus,0,0
יהנ,יהן,proles,0,0
יהנ,יהן,filius,0,0
יהנ,יהן,liberi,0,0
יהנ,יהן,puer,0,0
יהנ,יהן,meus,0,0
יוכלונ,יוכלון,possum,0,0
יוכלונ,יוכלון,ualeo,0,0
יוכלונ,יוכלון,potestas,0,0
יוכלונ,יוכלון,uis,0,0
יוכלונ,יוכלון,uirtus,0,0
יוכלונ,יוכלון,imperium,0,0
יוכלונ,יוכלון,queo,0,0
יומ,יום,septimus,60,1771
יומ,יום,uicesimus,13,1771
יומ,יום,dies,1348,1771
יומ,יום,hodie,167,1771
יומ,יום,itis,0,1771
יומ,יום,diei,0,1771
יומ,יום,lux,12,1771
יומ,יום,populus,142,1771
יומ,יום,plebs,2,1771
יומ,יום,uulgus,2,1771
יומ,יום,turba,0,1771
יומ,יום,exercitus,45,1771
יומ,יום,militia,3,1771
יומ,יום,hospes,0,1771
יומ,יום,tecolithos,0,1771
יומ,יום,petrinus,0,1771
יומ,יום,popularis,0,1771
יומימ,יומים,duo,0,0
יומימ,יומים,uter,0,0
יומימ,יומים,bini,0,0
יוממ,יומם,dies,37,39
יוממ,יומם,hodie,1,39
יוממ,יומם,itis,0,39
יוממ,יומם,diei,0,39
יוממ,יומם,lux,2,39
יונימ,יונים,columba,0,0
יונימ,יונים,columbus,0,0
יונתנ,יונתן,hodie,1,35
יונתנ,יונתן,itis,0,35
יוסיפ,יוסיף,accedo,0,0
יוסיפ,יוסיף,adicio,0,0
יוסיפ,יוסיף,adiungo,0,0
יוסיפ,יוסיף,addo,0,0
יוספ,יוסף,accedo,5,193
יוספ,יוסף,adicio,0,193
יוספ,יוסף,adiungo,0,193
יוספ,יוסף,addo,2,193
יוספ,יוסף,manus,11,193
יוספ,יוסף,arma,0,193
יוספ,יוסף,bracchium,0,193
יועצ,יועץ,consilium,0,0
יועצ,יועץ,consulo,0,0
יועצ,יועץ,iudico,0,0
יועצ,יועץ,concilium,0,0
יועצ,יועץ,insidiae,0,0
יועצ,יועץ,consilior,0,0
יחלמ,יחלם,somnio,0,0
יחלמ,יחלם,insomnium,0,0
יחלפ,יחלף,muto,0,0
יחלפ,יחלף,uario,0,0
יחלפ,יחלף,permuto,0,0
יחלפונ,יחלפון,muto,0,0
יחלפונ,יחלפון,uario,0,0
יחלפונ,יחלפון,permuto,0,0
יחלצ,יחלץ,traho,0,0
יחלצונ,יחלצון,traho,0,0
יחנ,יחן,misericordia,0,0
יחנ,יחן,misero,0,0
יחנ,יחן,misereor,0,0
יחנ,יחן,misereo,0,0
יחנ,יחן,uerutum,0,0
יחנ,יחן,inserto,0,0
יחפצ,יחפץ,uolo,0,0
יחפצ,יחפץ,cupio,0,0
יחפצ,יחפץ,opto,0,0
יחפצ,יחפץ,utinam,0,0
יחפצ,יחפץ,uoluntas,0,0
יחפצ,יחפץ,placeo,0,0
יחפצ,יחפץ,quasi,0,0
יחפצ,יחפץ,sicut,0,0
יחפצ,יחפץ,cupiditas,0,0
יחפצ,יחפץ,similis,0,0
יחפצ,יחפץ,eligo,0,0
יחפצ,יחפץ,deligo,0,0
יחפצ,יחפץ,lubet,0,0
יחפצ,יחפץ,obsecro,0,0
יחרפ,יחרף,exprobo,0,0
יחרפ,יחרף,obicio,0,0
יחרפ,יחרף,opprobrium,0,0
יחרפ,יחרף,obiectatio,0,0
יחרפ,יחרף,exprobro,0,0
יינ,יין,uinum,108,124
יינ,יין,bacchus,0,124
יינ,יין,uini,0,124
ייקצ,ייקץ,excito,0,0
ייקצ,ייקץ,suscito,0,0
יישנ,יישן,soporus,0,0
יכוננ,יכונן,praeparo,0,0
יכנ,יכן,praeparo,0,0
ילדימ,ילדים,masculus,0,0
ילדימ,ילדים,masculinus,0,0
ילדימ,ילדים,mas,0,0
ילדימ,ילדים,adulescens,0,0
ילדימ,ילדים,iuuenis,0,0
ילדימ,ילדים,adulescentulus,0,0
ילדימ,ילדים,peradulescentulus,0,0
ילדימ,ילדים,puellus,0,0
ילדימ,ילדים,puerulus,0,0
ילדימ,ילדים,filius,0,0
ילדימ,ילדים,puer,0,0
ילדימ,ילדים,iuuencus,0,0
ילדימ,ילדים,alumnus,0,0
ילחמ,ילחם,bellor,0,0
ילחמ,ילחם,pugno,0,0
ילחמ,ילחם,gero,0,0
ילחמ,ילחם,bellum,0,0
ילכ,ילך,euerto,0,0
ילכ,ילך,subuerto,0,0
ילכ,ילך,discedo,0,0
ילכ,ילך,recedo,0,0
ילכ,ילך,abeo,0,0
ילכ,ילך,indus,0,0
ילכ,ילך,illinc,0,0
ילכ,ילך,uenio,0,0
ילכ,ילך,eo,0,0
ילכ,ילך,pergo,0,0
ילכ,ילך,meo,0,0
ילכ,ילך,praetereo,0,0
ימ,ים,progenies,0,292
ימ,ים,familia,1,292
ימ,ים,gener,0,292
ימ,ים,genu,0,292
ימ,ים,cognatio,1,292
ימ,ים,natio,1,292
ימ,ים,genus,0,292
ימ,ים,gentis,0,292
ימ,ים,stirps,1,292
ימ,ים,gens,7,292
ימ,ים,generis,0,292
ימ,ים,ruber,11,292
ימ,ים,rufus,0,292
ימ,ים,rubeus,0,292
ימ,ים,burrus,0,292
ימ,ים,russus,0,292
ימ,ים,extremus,4,292
ימ,ים,ultimus,1,292
ימ,ים,nouissimus,5,292
ימ,ים,denique,0,292
ימ,ים,posterus,2,292
ימ,ים,dies,18,292
ימ,ים,hodie,0,292
ימ,ים,itis,0,292
ימ,ים,diei,0,292
ימ,ים,lux,1,292
ימ,ים,mare,246,292
ימ,ים,pontus,0,292
ימ,ים,pelagus,0,292
ימ,ים,aequor,0,292
ימ,ים,litus,10,292
ימ,ים,ora,1,292
ימ,ים,maris,0,292
ימ,ים,iampridem,0,292
ימ,ים,diutinus,0,292
ימ,ים,uia,12,292
ימ,ים,iter,2,292
ימ,ים,semita,2,292
ימ,ים,modus,0,292
ימ,ים,salum,0,292
ימ,ים,aqua,39,292
ימ,ים,meio,0,292
ימ,ים,aquae,0,292
ימ,ים,unda,1,292
ימ,ים,lympha,0,292
ימ,ים,tempus,2,292
ימ,ים,tum,0,292
ימ,ים,longus,2,292
ימ,ים,diu,0,292
ימ,ים,aetas,0,292
ימ,ים,temporis,0,292
ימאנ,ימאן,uolo,0,0
ימאנ,ימאן,cupio,0,0
ימאנ,ימאן,opto,0,0
ימאנ,ימאן,utinam,0,0
ימאנ,ימאן,uoluntas,0,0
ימאנ,ימאן,placeo,0,0
ימאנ,ימאן,quasi,0,0
ימאנ,ימאן,sicut,0,0
ימאנ,ימאן,cupiditas,0,0
ימאנ,ימאן,similis,0,0
ימאנ,ימאן,eligo,0,0
ימאנ,ימאן,deligo,0,0
ימאנ,ימאן,lubet,0,0
ימאנ,ימאן,obsecro,0,0
ימאנ,ימאן,recuso,0,0
ימאנ,ימאן,nolo,0,0
ימימ,ימים,fio,0,0
ימימ,ימים,nascor,0,0
ימימ,ימים,orior,0,0
ימימ,ימים,gigno,0,0
ימימ,ימים,sum,0,0
ימימ,ימים,dies,0,0
ימימ,ימים,hodie,0,0
ימימ,ימים,itis,0,0
ימימ,ימים,diei,0,0
ימימ,ימים,lux,0,0
ימימ,ימים,mare,0,0
ימימ,ימים,pontus,0,0
ימימ,ימים,pelagus,0,0
ימימ,ימים,aequor,0,0
ימימ,ימים,litus,0,0
ימימ,ימים,ora,0,0
ימימ,ימים,maris,0,0
ימינ,ימין,dexter,54,91
ימינ,ימין,ius,0,91
ימלכ,ימלך,regno,0,0
ימלכ,ימלך,rex,0,0
ימצאונ,ימצאון,inuenio,0,0
ימצאונ,ימצאון,reperio,0,0
ינדעונ,ינדעון,nosco,0,0
ינדעונ,ינדעון,cognosco,0,0
ינדעונ,ינדעון,scio,0,0
ינדעונ,ינדעון,intellego,0,0
ינדעונ,ינדעון,scientia,0,0
ינדעונ,ינדעון,statuo,0,0
ינחמ,ינחם,hortor,0,0
ינחמ,ינחם,uolo,0,0
ינחמ,ינחם,oro,0,0
ינחמ,ינחם,obsecro,0,0
ינחמ,ינחם,rogo,0,0
ינחמ,ינחם,peto,0,0
ינחמ,ינחם,uoco,0,0
ינתנ,ינתן,do,0,0
ינתנ,ינתן,trado,0,0
ינתנ,ינתן,dono,0,0
ינתנ,ינתן,tribuo,0,0
ינתנ,ינתן,concedo,0,0
ינתנ,ינתן,soluo,0,0
ינתנ,ינתן,reddo,0,0
ינתנ,ינתן,stipendium,0,0
יסיפ,יסיף,accedo,0,0
יסיפ,יסיף,adicio,0,0
יסיפ,יסיף,adiungo,0,0
יסיפ,יסיף,addo,0,0
יסכ,יסך,libo,0,1
יסכ,יסך,fundo,0,1
יסכ,יסך,lito,0,1
יספ,יסף,accedo,0,193
יספ,יסף,adicio,12,193
יספ,יסף,adiungo,0,193
יספ,יסף,addo,71,193
יענ,יען,rescribo,0,0
יענ,יען,exaudio,0,0
יענ,יען,respondeo,0,0
יענ,יען,quia,0,0
יענ,יען,quare,0,0
יענ,יען,causa,0,0
יענ,יען,propter,0,0
יענ,יען,ratio,0,0
יענ,יען,ob,0,0
יענ,יען,sicut,0,0
יענ,יען,ausculto,0,0
יענ,יען,humilio,0,0
יעפ,יעף,resoluo,0,11
יעצ,יעץ,consilium,41,67
יעצ,יעץ,consulo,1,67
יעצ,יעץ,iudico,0,67
יעצ,יעץ,concilium,0,67
יעצ,יעץ,insidiae,1,67
יעצ,יעץ,consilior,1,67
יעצ,יעץ,moneo,0,67
יעצ,יעץ,suadeo,0,67
יערימ,יערים,urbs,0,0
יערימ,יערים,ciuitas,0,0
יערימ,יערים,oppidum,0,0
יערימ,יערים,moenia,0,0
יערימ,יערים,publicus,0,0
יערימ,יערים,athenae,0,0
יערימ,יערים,municipium,0,0
יערימ,יערים,urbem,0,0
יערימ,יערים,urbis,0,0
יערכ,יערך,latusculum,0,0
יפיצ,יפיץ,dissipo,0,0
יפלחונ,יפלחון,seruus,0,0
יפלחונ,יפלחון,seruitus,0,0
יפלחונ,יפלחון,seruio,0,0
יפנ,יפן,perspecto,0,0
יפנ,יפן,introspicio,0,0
יפרצ,יפרץ,uis,0,0
יפרצ,יפרץ,copia,0,0
יפרצ,יפרץ,coacto,0,0
יצאימ,יצאים,exeo,0,0
יצאימ,יצאים,egredior,0,0
יצאימ,יצאים,prodeo,0,0
יצפ,יצף,amplector,0,0
יקבצ,יקבץ,congrego,0,0
יקבצ,יקבץ,simul,0,0
יקבצ,יקבץ,colligo,0,0
יקומ,יקום,surgo,0,3
יקומ,יקום,exsurgo,0,3
יקומ,יקום,maneo,0,3
יקומ,יקום,persisto,0,3
יקומ,יקום,moror,0,3
יקומ,יקום,sto,0,3
יקומ,יקום,reliquus,0,3
יקומ,יקום,remaneo,1,3
יקומ,יקום,exspecto,0,3
יקומ,יקום,resto,0,3
יקומונ,יקומון,surgo,0,0
יקומונ,יקומון,exsurgo,0,0
יקימ,יקים,surgo,0,0
יקימ,יקים,exsurgo,0,0
יקימ,יקים,sisto,0,0
יקימ,יקים,sto,0,0
יקימ,יקים,constituo,0,0
יקימ,יקים,erigo,0,0
יקמ,יקם,surgo,0,0
יקמ,יקם,exsurgo,0,0
יקמ,יקם,excito,0,0
יקמ,יקם,suscito,0,0
יקמ,יקם,ulciscor,0,0
יקמ,יקם,assurgo,0,0
יקמ,יקם,consurgo,0,0
יקמ,יקם,sisto,0,0
יקמ,יקם,sto,0,0
יקמ,יקם,constituo,0,0
יקמ,יקם,erigo,0,0
יקנ,יקן,paro,0,0
יקנ,יקן,acquiro,0,0
יקנ,יקן,possideo,0,0
יקנ,יקן,possessio,0,0
ירדימ,ירדים,descendo,0,0
ירדימ,ירדים,deicio,0,0
ירדפ,ירדף,persequor,0,0
ירדפ,ירדף,sequor,0,0
ירדפ,ירדף,fugo,0,0
ירדפ,ירדף,insequor,0,0
ירדפ,ירדף,studium,0,0
ירדפ,ירדף,prosequor,0,0
ירומ,ירום,sublimo,0,0
ירוממ,ירומם,sublimo,0,0
ירכ,ירך,brassica,0,30
ירכ,ירך,altrouorsum,0,30
ירכ,ירך,for,0,30
ירכ,ירך,armus,1,30
ירכ,ירך,femur,16,30
ירמ,ירם,sublimo,0,0
ירפ,ירף,omitto,0,0
ירפ,ירף,permitto,0,0
ירצ,ירץ,percurro,0,0
ירצ,ירץ,curro,0,0
ירצ,ירץ,decurro,0,0
ירצ,ירץ,discurro,0,0
ירשתמ,ירשתם,possideo,0,0
ירשתמ,ירשתם,heredito,0,0
ישבימ,ישבים,sedeo,0,0
ישובונ,ישובון,auerto,0,0
ישובונ,ישובון,reflecto,0,0
ישימ,ישים,pono,0,0
ישימ,ישים,loco,0,0
ישימ,ישים,statuo,0,0
ישימ,ישים,colloco,0,0
ישימ,ישים,locus,0,0
ישימונ,ישימון,fluento,0,3
ישכמ,ישכם,surgo,0,0
ישכמ,ישכם,exsurgo,0,0
ישכנ,ישכן,interquiesco,0,0
ישכנ,ישכן,habitabilis,0,0
ישליכ,ישליך,iacio,0,0
ישליכ,ישליך,proicio,0,0
ישליכ,ישליך,reiecto,0,0
ישלכ,ישלך,iacio,0,0
ישלכ,ישלך,proicio,0,0
ישלכ,ישלך,reiecto,0,0
ישמ,ישם,do,0,4
ישמ,ישם,trado,0,4
ישמ,ישם,dono,0,4
ישמ,ישם,tribuo,0,4
ישמ,ישם,concedo,0,4
ישמ,ישם,soluo,0,4
ישמ,ישם,reddo,0,4
ישמ,ישם,stipendium,0,4
ישמ,ישם,affero,0,4
ישמ,ישם,adduco,1,4
ישמ,ישם,attulo,0,4
ישמ,ישם,impono,0,4
ישמ,ישם,impetus,0,4
ישמ,ישם,oppugno,0,4
ישמ,ישם,sisto,0,4
ישמ,ישם,sto,0,4
ישמ,ישם,constituo,0,4
ישמ,ישם,erigo,0,4
ישמ,ישם,pono,0,4
ישמ,ישם,antepono,0,4
ישמ,ישם,ordo,0,4
ישמ,ישם,loco,0,4
ישמ,ישם,statuo,0,4
ישמ,ישם,colloco,0,4
ישמ,ישם,locus,0,4
ישמעונ,ישמעון,audio,0,0
ישמעונ,ישמעון,exaudio,0,0
ישמעונ,ישמעון,ausculto,0,0
ישנ,ישן,somnus,4,27
ישנ,ישן,sopor,2,27
ישנ,ישן,dormio,14,27
ישנ,ישן,soporus,0,27
ישפכ,ישפך,effundo,0,0
ישפכ,ישפך,offundo,0,0
ישפכ,ישפך,defundo,0,0
ישקפ,ישקף,perspecto,0,0
ישקפ,ישקף,introspicio,0,0
יתהלכ,יתהלך,putealis,0,0
יתומ,יתום,pupillus,31,34
יתומימ,יתומים,pupillus,0,0
יתנ,יתן,dimitto,0,0
יתנ,יתן,relinquo,0,0
יתנ,יתן,absoluo,0,0
יתנ,יתן,libero,0,0
יתנ,יתן,ignosco,0,0
יתנ,יתן,permitto,0,0
יתנ,יתן,fio,0,0
יתנ,יתן,nascor,0,0
יתנ,יתן,orior,0,0
יתנ,יתן,gigno,0,0
יתנ,יתן,sum,0,0
יתנ,יתן,do,0,0
יתנ,יתן,trado,0,0
יתנ,יתן,dono,0,0
יתנ,יתן,tribuo,0,0
יתנ,יתן,concedo,0,0
יתנ,יתן,soluo,0,0
יתנ,יתן,reddo,0,0
יתנ,יתן,stipendium,0,0
יתנ,יתן,impono,0,0
יתנ,יתן,impetus,0,0
יתנ,יתן,oppugno,0,0
יתנ,יתן,deditio,0,0
יתנ,יתן,eruo,0,0
יתנ,יתן,eripio,0,0
יתנ,יתן,pono,0,0
יתנ,יתן,loco,0,0
יתנ,יתן,statuo,0,0
יתנ,יתן,colloco,0,0
יתנ,יתן,locus,0,0
יתננ,יתנן,do,0,1
יתננ,יתנן,trado,0,1
יתננ,יתנן,dono,0,1
יתננ,יתנן,tribuo,0,1
יתננ,יתנן,concedo,0,1
יתננ,יתנן,soluo,0,1
יתננ,יתנן,reddo,0,1
יתננ,יתנן,stipendium,0,1
כבשנ,כבשן,furnus,0,4
כבשנ,כבשן,camino,0,4
כהלינ,כהלין,possum,0,0
כהלינ,כהלין,ualeo,0,0
כהלינ,כהלין,potestas,0,0
כהלינ,כהלין,uis,0,0
כהלינ,כהלין,uirtus,0,0
כהלינ,כהלין,imperium,0,0
כהלינ,כהלין,queo,0,0
כהנ,כהן,presbyteratus,0,660
כהנ,כהן,sacricola,0,660
כהנ,כהן,sacerdos,514,660
כהנ,כהן,pontifex,15,660
כהנימ,כהנים,sacerdos,0,0
כהנימ,כהנים,pontifex,0,0
כוכבימ,כוכבים,astrum,0,0
כוכבימ,כוכבים,sidus,0,0
כוכבימ,כוכבים,stella,0,0
כוכבימ,כוכבים,stello,0,0
כונ,כון,pax,1,156
כונ,כון,otium,0,156
כונ,כון,habeo,2,156
כונ,כון,teneo,2,156
כונ,כון,possideo,2,156
כונ,כון,dea,0,156
כונ,כון,caelum,9,156
כונ,כון,caelus,0,156
כונ,כון,hercules,0,156
כונ,כון,deus,25,156
כונ,כון,deum,0,156
כונ,כון,dei,0,156
כונ,כון,deo,0,156
כונ,כון,numen,0,156
כונ,כון,diuus,0,156
כידונ,כידון,clipeus,5,9
כידונ,כידון,scutum,2,9
כידונ,כידון,parma,0,9
ככרימ,ככרים,talentum,0,0
ככרימ,ככרים,trutina,0,0
כלבימ,כלבים,canis,0,0
כלבימ,כלבים,caninus,0,0
כלימ,כלים,uasum,0,0
כלימ,כלים,nauis,0,0
כלימ,כלים,impedimentum,0,0
כלימ,כלים,uas,0,0
כמ,כם,frater,0,0
כמ,כם,germanus,0,0
כמ,כם,pecco,0,0
כמ,כם,error,0,0
כמ,כם,peccatum,0,0
כמ,כם,stercus,0,0
כמ,כם,rex,0,0
כמ,כם,tyrannus,0,0
כמ,כם,dominus,0,0
כמ,כם,princeps,0,0
כמ,כם,regis,0,0
כמ,כם,regem,0,0
כמ,כם,regi,0,0
כמ,כם,crux,0,0
כמ,כם,transeo,0,0
כמ,כם,transgredior,0,0
כמ,כם,gloria,0,0
כמ,כם,fama,0,0
כמ,כם,sententia,0,0
כמ,כם,existimatio,0,0
כמ,כם,laus,0,0
כמ,כם,opinio,0,0
כמ,כם,causa,0,0
כמ,כם,propter,0,0
כמ,כם,quia,0,0
כמ,כם,ratio,0,0
כמ,כם,ob,0,0
כמ,כם,sicut,0,0
כמ,כם,imperatus,0,0
כמ,כם,uenio,0,0
כמ,כם,eo,0,0
כמ,כם,pergo,0,0
כמ,כם,meo,0,0
כמ,כם,edo,0,0
כמ,כם,comedo,0,0
כמ,כם,uescor,0,0
כמ,כם,manduco,0,0
כמ,כם,inquam,0,0
כמ,כם,dea,0,0
כמ,כם,caelum,0,0
כמ,כם,caelus,0,0
כמ,כם,hercules,0,0
כמ,כם,deus,0,0
כמ,כם,deum,0,0
כמ,כם,dei,0,0
כמ,כם,deo,0,0
כמ,כם,numen,0,0
כמ,כם,diuus,0,0
כמ,כם,animus,0,0
כמ,כם,mens,0,0
כמ,כם,cor,0,0
כמ,כם,cordis,0,0
כמ,כם,pectus,0,0
כמ,כם,hereditas,0,0
כמ,כם,possessio,0,0
כמ,כם,hereditarius,0,0
כמ,כם,columbar,0,0
כמ,כם,melium,0,0
כמ,כם,auctoritas,0,0
כמ,כם,erus,0,0
כמ,כם,potestas,0,0
כמ,כם,medius,0,0
כמ,כם,medion,0,0
כמ,כם,centrum,0,0
כמ,כם,medio,0,0
כמ,כם,mater,0,0
כמ,כם,genetrix,0,0
כמ,כם,parens,0,0
כמ,כם,matrem,0,0
כמ,כם,matri,0,0
כמ,כם,matris,0,0
כמ,כם,solus,0,0
כמ,כם,unus,0,0
כמ,כם,modo,0,0
כמ,כם,uia,0,0
כמ,כם,iter,0,0
כמ,כם,semita,0,0
כמ,כם,modus,0,0
כמ,כם,nomen,0,0
כמ,כם,uerbum,0,0
כמ,כם,sermo,0,0
כמ,כם,nomino,0,0
כמ,כם,quotiens,0,0
כמ,כם,quoniam,0,0
כמ,כם,filius,0,0
כמ,כם,puer,0,0
כמ,כם,iuuencus,0,0
כמ,כם,filia,0,0
כמ,כם,nascor,0,0
כמ,כם,pueri,0,0
כמ,כם,puerum,0,0
כמ,כם,natus,0,0
כמ,כם,totus,0,0
כמ,כם,uniuersus,0,0
כמ,כם,cunctus,0,0
כמ,כם,omnis,0,0
כמ,כם,pater,0,0
כמ,כם,genitor,0,0
כמ,כם,paternus,0,0
כמ,כם,patri,0,0
כמ,כם,patrem,0,0
כמ,כם,patris,0,0
כמ,כם,ouis,0,0
כמ,כם,pecus,0,0
כמ,כם,grex,0,0
כמ,כם,pecuarius,0,0
כמ,כם,hodie,0,0
כמ,כם,itis,0,0
כמ,כם,semen,0,0
כמ,כם,stirps,0,0
כמ,כם,proles,0,0
כמ,כם,semento,0,0
כמ,כם,genus,0,0
כמ,כם,quasi,0,0
כמ,כם,similis,0,0
כמ,כם,talis,0,0
כמ,כם,tantus,0,0
כמ,כם,metus,0,0
כמ,כם,pauor,0,0
כמ,כם,terror,0,0
כמ,כם,timor,0,0
כמ,כם,formido,0,0
כמ,כם,timeo,0,0
כמ,כם,metuo,0,0
כמ,כם,uereor,0,0
כמ,כם,uox,0,0
כמ,כם,manus,0,0
כמ,כם,arma,0,0
כמ,כם,bracchium,0,0
כמ,כם,anima,0,0
כמ,כם,spiritus,0,0
כמ,כם,aetas,0,0
כמ,כם,uita,0,0
כמ,כם,animae,0,0
כנ,כן,ibi,12,522
כנ,כן,causa,4,522
כנ,כן,propter,17,522
כנ,כן,quia,52,522
כנ,כן,ratio,0,522
כנ,כן,ob,5,522
כנ,כן,sicut,96,522
כנ,כן,quotiens,0,522
כנ,כן,quoniam,11,522
כנ,כן,pater,18,522
כנ,כן,genitor,0,522
כנ,כן,parens,0,522
כנ,כן,paternus,0,522
כנ,כן,patri,0,522
כנ,כן,patrem,0,522
כנ,כן,patris,0,522
כנ,כן,locus,29,522
כנ,כן,regio,3,522
כנ,כן,ager,5,522
כנ,כן,itidem,0,522
כנימ,כנים,pacalis,0,0
כנימ,כנים,pacifero,0,0
כנענ,כנען,cybaeus,0,85
כנפ,כנף,templum,3,71
כנפ,כנף,fanum,0,71
כנפ,כנף,delubrum,0,71
כנפ,כנף,flabellum,0,71
כנפ,כנף,ala,34,71
כנפ,כנף,penna,2,71
כנפ,כנף,obtectus,0,71
כנפ,כנף,instratum,0,71
כנפימ,כנפים,ala,0,0
כנפימ,כנפים,penna,0,0
כספ,כסף,argenteus,75,338
כספ,כסף,argentum,171,338
כספ,כסף,pecunia,59,338
כספ,כסף,nummus,1,338
כספ,כסף,empticius,3,338
כספ,כסף,aurum,106,338
כספ,כסף,aureus,30,338
כפ,כף,uestigium,11,153
כפ,כף,pedum,0,153
כפ,כף,pedes,0,153
כפ,כף,pes,20,153
כפ,כף,manus,93,153
כפ,כף,arma,0,153
כפ,כף,bracchium,0,153
כפירימ,כפירים,leo,0,0
כרמ,כרם,uitis,0,82
כרמ,כרם,mados,0,82
כרמימ,כרמים,uitis,0,0
כרמימ,כרמים,mados,0,0
כרמימ,כרמים,locus,0,0
כרמימ,כרמים,terra,0,0
כרמימ,כרמים,ager,0,0
כרמימ,כרמים,castellum,0,0
כרסונ,כרסון,solium,0,0
כרסונ,כרסון,thronus,0,0
כרסונ,כרסון,sella,0,0
כרסונ,כרסון,sedes,0,0
כשבימ,כשבים,probata,0,0
כשדימ,כשדים,regio,0,3
כשדימ,כשדים,terra,1,3
כשדימ,כשדים,locus,0,3
כשדימ,כשדים,finis,0,3
כשדימ,כשדים,ager,0,3
כשדימ,כשדים,rus,0,3
כשימ,כשים,aethiops,0,0
כשימ,כשים,aethiopia,0,0
כשימ,כשים,aethiopis,0,0
כשפ,כשף,ueneficium,1,12
כתבימ,כתבים,littera,0,0
כתבימ,כתבים,censeo,0,0
כתבימ,כתבים,scribo,0,0
כתובימ,כתובים,littera,0,0
כתובימ,כתובים,censeo,0,0
כתובימ,כתובים,scribo,0,0
כתפ,כתף,dorsum,0,58
כתפ,כתף,tergum,0,58
כתפ,כתף,retro,1,58
כתפ,כתף,platys,0,58
כתפ,כתף,humerus,8,58
כתפ,כתף,umerus,11,58
כתפ,כתף,crudus,0,58
לאמ,לאם,populus,15,18
לאמ,לאם,plebs,1,18
לאמ,לאם,uulgus,0,18
לאמ,לאם,turba,1,18
לאמ,לאם,exercitus,1,18
לאמ,לאם,militia,0,18
לאמ,לאם,hospes,0,18
לאמ,לאם,tecolithos,0,18
לאמ,לאם,petrinus,0,18
לאמ,לאם,popularis,0,18
לאמימ,לאמים,praetor,0,0
לאמימ,לאמים,gens,0,0
לאמימ,לאמים,natio,0,0
לאמימ,לאמים,populus,0,0
לאמימ,לאמים,prouincia,0,0
לאמימ,לאמים,tribus,0,0
לאמימ,לאמים,plebs,0,0
לאמימ,לאמים,uulgus,0,0
לאמימ,לאמים,turba,0,0
לאמימ,לאמים,exercitus,0,0
לאמימ,לאמים,militia,0,0
לאמימ,לאמים,hospes,0,0
לאמימ,לאמים,tecolithos,0,0
לאמימ,לאמים,petrinus,0,0
לאמימ,לאמים,popularis,0,0
לבימ,לבים,anguis,0,0
לבנ,לבן,albus,12,103
לבנ,לבן,candidus,3,103
לבנ,לבן,lelepris,0,103
לבנ,לבן,ophthalmias,0,103
לבנונ,לבנון,libanus,48,54
לבנונ,לבנון,tusculum,0,54
לבנונ,לבנון,tureus,0,54
לויתנ,לויתן,draco,0,3
לויתנ,לויתן,serpens,1,3
לויתנ,לויתן,anguis,0,3
לחמ,לחם,panis,205,461
לחמ,לחם,ligo,2,461
לחמ,לחם,uincio,0,461
לחמ,לחם,necto,0,461
לחמ,לחם,opus,4,461
לחמ,לחם,uolo,7,461
לחמ,לחם,postulo,3,461
לחמ,לחם,rogo,2,461
לחמ,לחם,peto,3,461
לחמ,לחם,oro,2,461
לחמ,לחם,necesse,0,461
לחמ,לחם,quaero,4,461
לחמ,לחם,quaeso,0,461
לחמ,לחם,necessarius,2,461
לחמ,לחם,interrogo,2,461
לחמ,לחם,obsecro,3,461
לחמ,לחם,desidero,4,461
לחמ,לחם,bellum,15,461
לחמ,לחם,mars,0,461
לחמ,לחם,arma,1,461
לחמ,לחם,acies,2,461
לחמ,לחם,bello,5,461
לחמ,לחם,pugna,6,461
לחמ,לחם,belli,0,461
לחמ,לחם,proelium,6,461
לחמ,לחם,mensa,9,461
לחמ,לחם,ripa,0,461
לחמ,לחם,tabula,2,461
לחמ,לחם,cibus,23,461
לחמ,לחם,uictus,3,461
לחצ,לחץ,pressura,0,21
לכ,לך,abeo,0,0
לכ,לך,discedo,0,0
לכ,לך,abito,0,0
לכ,לך,cursito,0,0
למודימ,למודים,cultus,0,0
לקחתמ,לקחתם,capio,0,0
לקחתמ,לקחתם,sumo,0,0
לקחתמ,לקחתם,accipio,0,0
לקחתמ,לקחתם,recipio,0,0
לקחתמ,לקחתם,impetro,0,0
לקחתמ,לקחתם,excipio,0,0
לשונ,לשון,uerbum,2,79
לשונ,לשון,taceo,0,79
לשונ,לשון,oratio,0,79
לשונ,לשון,lingua,70,79
לשנ,לשן,uerbum,0,3
לשנ,לשן,taceo,0,3
לשנ,לשן,oratio,0,3
לשנ,לשן,lingua,2,3
מ,ם,quatio,0,0
מ,ם,concutio,0,0
מ,ם,quasso,0,0
מאזנימ,מאזנים,iugum,0,14
מאזנימ,מאזנים,linea,0,14
מאנ,מאן,uolo,4,67
מאנ,מאן,cupio,0,67
מאנ,מאן,opto,0,67
מאנ,מאן,utinam,0,67
מאנ,מאן,uoluntas,0,67
מאנ,מאן,placeo,0,67
מאנ,מאן,quasi,2,67
מאנ,מאן,sicut,4,67
מאנ,מאן,cupiditas,0,67
מאנ,מאן,similis,2,67
מאנ,מאן,eligo,0,67
מאנ,מאן,deligo,0,67
מאנ,מאן,lubet,0,67
מאנ,מאן,obsecro,0,67
מאתימ,מאתים,centum,0,0
מאתימ,מאתים,ducenti,0,0
מאתימ,מאתים,duceni,0,0
מאתימ,מאתים,nonagenarius,0,0
מאתימ,מאתים,nonaginta,0,0
מאתימ,מאתים,quinquagenarius,0,0
מאתימ,מאתים,quinquaginta,0,0
מביאימ,מביאים,fero,0,0
מביאימ,מביאים,porto,0,0
מביאימ,מביאים,gero,0,0
מביאימ,מביאים,affero,0,0
מביאימ,מביאים,adduco,0,0
מביאימ,מביאים,educo,0,0
מביאימ,מביאים,duco,0,0
מביאימ,מביאים,induco,0,0
מביאימ,מביאים,defero,0,0
מביאימ,מביאים,introduco,0,0
מביאימ,מביאים,infero,0,0
מביאימ,מביאים,offertor,0,0
מבינ,מבין,intellego,0,0
מבקשימ,מבקשים,peto,0,0
מבקשימ,מבקשים,quaero,0,0
מגנ,מגן,ostium,1,44
מגנ,מגן,arma,2,44
מגנ,מגן,bracchium,0,44
מגנ,מגן,telum,0,44
מגנ,מגן,armo,4,44
מגנ,מגן,tutator,0,44
מהימנ,מהימן,fidelis,0,0
מהימנ,מהימן,fides,0,0
מהימנ,מהימן,hercules,0,0
מהימנ,מהימן,fidus,0,0
מהלכינ,מהלכין,ambulo,0,0
מהלכינ,מהלכין,ambulatio,0,0
מהללימ,מהללים,terror,0,0
מהללימ,מהללים,fabella,0,0
מוליכ,מוליך,duco,0,0
מוליכ,מוליך,ago,0,0
מוליכ,מוליך,affero,0,0
מוליכ,מוליך,adduco,0,0
מוליכ,מוליך,educo,0,0
מוליכ,מוליך,fero,0,0
מוליכ,מוליך,deduco,0,0
מוליכ,מוליך,induco,0,0
מוליכ,מוליך,defero,0,0
מוליכ,מוליך,introduco,0,0
מוליכ,מוליך,infero,0,0
מוליכ,מוליך,offertor,0,0
מוליכ,מוליך,plumbum,0,0
מועדימ,מועדים,tempus,0,0
מועדימ,מועדים,occasio,0,0
מועדימ,מועדים,facultas,0,0
מועדימ,מועדים,potestas,0,0
מופתימ,מופתים,portendo,0,0
מזונ,מזון,cibus,0,2
מזונ,מזון,uictus,0,2
מחנ,מחן,insitium,0,0
מחנימ,מחנים,insitium,0,14
מטעמימ,מטעמים,edulis,0,8
מימ,מים,aqua,429,475
מימ,מים,meio,0,475
מימ,מים,aquae,0,475
מימ,מים,unda,1,475
מימ,מים,lympha,0,475
מינ,מין,progenies,0,18
מינ,מין,familia,0,18
מינ,מין,gener,0,18
מינ,מין,genu,0,18
מינ,מין,cognatio,0,18
מינ,מין,natio,0,18
מינ,מין,genus,17,18
מינ,מין,gentis,0,18
מינ,מין,stirps,0,18
מינ,מין,gens,0,18
מינ,מין,generis,0,18
מינ,מין,quasi,0,18
מינ,מין,sicut,1,18
מינ,מין,similis,0,18
מינ,מין,tamquam,0,18
מינ,מין,par,0,18
מינ,מין,similitudo,1,18
מינ,מין,instar,0,18
מישרימ,מישרים,pactum,0,10
מישרימ,מישרים,testamentum,0,10
מישרימ,מישרים,foedus,0,10
מכונ,מכון,promptus,0,12
מכונ,מכון,parito,0,12
מכונ,מכון,locus,4,12
מכונ,מכון,regio,0,12
מכונ,מכון,ager,0,12
מכרתמ,מכרתם,uendo,0,0
מכרתמ,מכרתם,restituo,0,0
מכרתמ,מכרתם,soluo,0,0
מכרתמ,מכרתם,trado,0,0
מכרתמ,מכרתם,redeo,0,0
מכרתמ,מכרתם,reuorto,0,0
מכרתמ,מכרתם,stipendium,0,0
מכרתמ,מכרתם,libero,0,0
מכרתמ,מכרתם,reddo,0,0
מלאימ,מלאים,plenus,0,15
מלאכ,מלאך,nuntius,77,187
מלאכ,מלאך,legatus,2,187
מלאכ,מלאך,angelus,86,187
מלאכימ,מלאכים,nuntius,0,0
מלאכימ,מלאכים,legatus,0,0
מלאכימ,מלאכים,angelus,0,0
מלינ,מלין,causa,0,0
מלינ,מלין,argumentum,0,0
מלינ,מלין,contio,0,0
מלינ,מלין,tabula,0,0
מלינ,מלין,fabula,0,0
מלינ,מלין,ob,0,0
מלינ,מלין,ratio,0,0
מלינ,מלין,uerbi,0,0
מלינ,מלין,oratio,0,0
מלינ,מלין,uerbum,0,0
מלינ,מלין,sermo,0,0
מלינ,מלין,uox,0,0
מלכ,מלך,praetor,0,2091
מלכ,מלך,regnum,77,2091
מלכ,מלך,palatium,24,2091
מלכ,מלך,regina,28,2091
מלכ,מלך,rex,1794,2091
מלכ,מלך,tyrannus,4,2091
מלכ,מלך,dominus,529,2091
מלכ,מלך,princeps,154,2091
מלכ,מלך,regis,0,2091
מלכ,מלך,regem,0,2091
מלכ,מלך,regi,0,2091
מלכ,מלך,regno,202,2091
מלכ,מלך,auctoritas,0,2091
מלכ,מלך,erus,0,2091
מלכ,מלך,potestas,8,2091
מלכימ,מלכים,rex,0,0
מלכימ,מלכים,tyrannus,0,0
מלכימ,מלכים,dominus,0,0
מלכימ,מלכים,princeps,0,0
מלכימ,מלכים,regis,0,0
מלכימ,מלכים,regem,0,0
מלכימ,מלכים,regi,0,0
מלכינ,מלכין,rex,0,0
מלכינ,מלכין,tyrannus,0,0
מלכינ,מלכין,dominus,0,0
מלכינ,מלכין,princeps,0,0
מלכינ,מלכין,regis,0,0
מלכינ,מלכין,regem,0,0
מלכינ,מלכין,regi,0,0
מלכמ,מלכם,rex,1,3
מלכמ,מלכם,tyrannus,0,3
מלכמ,מלכם,dominus,0,3
מלכמ,מלכם,princeps,0,3
מלכמ,מלכם,regis,0,3
מלכמ,מלכם,regem,0,3
מלכמ,מלכם,regi,0,3
מנ,מן,etenim,0,1137
מנ,מן,uerus,3,1137
מנ,מן,hercules,0,1137
מנ,מן,ueritas,2,1137
מנ,מן,frons,1,1137
מנ,מן,praeduco,0,1137
מנ,מן,unus,59,1137
מנ,מן,alienus,8,1137
מנ,מן,aliter,0,1137
מנ,מן,quisquam,22,1137
מנ,מן,alius,17,1137
מנ,מן,alter,17,1137
מנ,מן,sisto,0,1137
מנ,מן,sto,17,1137
מנ,מן,constituo,17,1137
מנ,מן,erigo,3,1137
מנ,מן,gingiua,0,1137
מנ,מן,equidem,0,1137
מנ,מן,conuerto,7,1137
מנ,מן,uerto,6,1137
מנ,מן,dos,0,1137
מנ,מן,pars,38,1137
מנ,מן,medius,27,1137
מנ,מן,medion,0,1137
מנ,מן,centrum,0,1137
מנ,מן,medio,0,1137
מנ,מן,mensis,7,1137
מנ,מן,totus,5,1137
מנ,מן,uniuersus,42,1137
מנ,מן,cunctus,26,1137
מנ,מן,omnis,166,1137
מנ,מן,uultus,6,1137
מנ,מן,facies,34,1137
מנ,מן,os,26,1137
מנ,מן,ora,0,1137
מנ,מן,persona,1,1137
מנ,מן,filius,183,1137
מנ,מן,natus,0,1137
מנ,מן,gnatus,0,1137
מנ,מן,progenies,0,1137
מנ,מן,proles,0,1137
מנ,מן,nascor,3,1137
מנ,מן,filium,0,1137
מנ,מן,filii,0,1137
מנ,מן,filio,0,1137
מסכ,מסך,obnubo,0,28
מסכ,מסך,uelaris,0,28
מעונ,מעון,confugium,0,23
מעונ,מעון,refugium,0,23
מעינ,מעין,fons,17,17
מעינ,מעין,scatebra,0,17
מעלימ,מעלים,educo,0,0
מענ,מען,causa,0,0
מענ,מען,propter,0,0
מענ,מען,quia,0,0
מענ,מען,ratio,0,0
מענ,מען,ob,0,0
מענ,מען,sicut,0,0
מענ,מען,iubeo,0,0
מענ,מען,ordo,0,0
מענ,מען,impero,0,0
מענ,מען,quantus,0,0
מפתימ,מפתים,portendo,0,0
מצרימ,מצרים,aegyptius,45,580
מצרימ,מצרים,aegyptus,480,580
מצרימ,מצרים,iris,0,580
מקבצ,מקבץ,congrego,0,0
מקבצ,מקבץ,simul,0,0
מקבצ,מקבץ,colligo,0,0
מקומ,מקום,locus,317,365
מקומ,מקום,regio,6,365
מקומ,מקום,ager,3,365
מקמ,מקם,locus,0,0
מקמ,מקם,regio,0,0
מקמ,מקם,ager,0,0
מקנ,מקן,probata,0,0
מרגלימ,מרגלים,speculator,0,0
מרגלימ,מרגלים,explorator,0,0
מרומ,מרום,caelum,2,40
מרומ,מרום,caelus,0,40
מרומ,מרום,hercules,0,40
מרומ,מרום,polus,0,40
מרומ,מרום,caeli,0,40
מרומ,מרום,aether,0,40
מרומ,מרום,supremitas,0,40
מרומ,מרום,altitudo,5,40
מרומ,מרום,arx,1,40
מרעימ,מרעים,impius,0,0
מרעימ,מרעים,malus,0,0
מרעימ,מרעים,improbus,0,0
משחקימ,משחקים,ludus,0,0
משחקימ,משחקים,ludo,0,0
משכנ,משכן,cala,0,116
משכנ,משכן,tabernaculum,92,116
משכנ,משכן,scaena,0,116
משלימ,משלים,praetor,0,0
משנ,משן,alter,0,0
משנ,משן,deinde,0,0
משנ,משן,iterum,0,0
משנ,משן,secundo,0,0
משנ,משן,proximus,0,0
משנ,משן,secundus,0,0
משענ,משען,uis,0,2
משענ,משען,robur,1,2
משענ,משען,fortitudo,0,2
משענ,משען,potentia,0,2
משפטימ,משפטים,scitus,0,0
משפטימ,משפטים,decretorius,0,0
משפטימ,משפטים,iudicium,0,0
משקופ,משקוף,hyperthyrum,0,3
משקימ,משקים,praegustator,0,0
מתימ,מתים,morior,0,0
מתימ,מתים,pereo,0,0
מתימ,מתים,occido,0,0
מתימ,מתים,cado,0,0
מתימ,מתים,mors,0,0
מתימ,מתים,interfacio,0,0
מתימ,מתים,occaedes,0,0
מתימ,מתים,obeo,0,0
מתימ,מתים,percutio,0,0
מתימ,מתים,efflicto,0,0
מתימ,מתים,emortuus,0,0
מתימ,מתים,corporis,0,0
מתימ,מתים,cadauer,0,0
מתימ,מתים,corpus,0,0
מתימ,מתים,mortuus,0,0
מתכנשינ,מתכנשין,congrego,0,0
מתכנשינ,מתכנשין,simul,0,0
מתכנשינ,מתכנשין,colligo,0,0
מתמ,מתם,liceor,0,2
מתמ,מתם,patior,0,2
מתמ,מתם,sino,0,2
מתמ,מתם,luceo,0,2
מתמ,מתם,medela,0,2
מתנ,מתן,lumbus,0,8
מתנבאימ,מתנבאים,coniector,0,0
מתנימ,מתנים,lumbus,21,42
מתננ,מתנן,doron,0,0
מתננ,מתנן,charisma,0,0
נאמ,נאם,dico,197,341
נאמ,נאם,loquor,27,341
נאמ,נאם,aio,161,341
נאמ,נאם,uoco,6,341
נאמ,נאם,appello,0,341
נאמ,נאם,fidelis,1,341
נאמ,נאם,fides,0,341
נאמ,נאם,hercules,0,341
נאמ,נאם,fidus,0,341
נאמ,נאם,inquam,2,341
נאמ,נאם,for,0,341
נאמ,נאם,respondeo,3,341
נאמנ,נאמן,fidelis,0,0
נאמנ,נאמן,fides,0,0
נאמנ,נאמן,hercules,0,0
נאמנ,נאמן,fidus,0,0
נאמנימ,נאמנים,fidelis,0,0
נאמנימ,נאמנים,fides,0,0
נאמנימ,נאמנים,hercules,0,0
נאמנימ,נאמנים,fidus,0,0
נאספימ,נאספים,congrego,0,0
נאספימ,נאספים,simul,0,0
נאספימ,נאספים,colligo,0,0
נבאימ,נבאים,propheta,0,0
נבאימ,נבאים,expositor,0,0
נבונ,נבון,sapientia,0,0
נבונ,נבון,sapienter,0,0
נבונ,נבון,prudens,0,0
נבונ,נבון,sapio,0,0
נביאימ,נביאים,propheta,0,0
נביאימ,נביאים,expositor,0,0
נביאמ,נביאם,propheta,0,0
נביאמ,נביאם,expositor,0,0
נבנימ,נבנים,cognitus,0,0
נגפ,נגף,pulto,0,50
נגפ,נגף,plaga,8,50
נגפ,נגף,uulnus,0,50
נגפ,נגף,ictus,0,50
נדיבימ,נדיבים,praetor,0,0
נהרימ,נהרים,flumen,0,0
נהרימ,נהרים,fluuius,0,0
נהרימ,נהרים,amnis,0,0
נהרימ,נהרים,amicimen,0,0
נותנ,נותן,do,0,0
נותנ,נותן,trado,0,0
נותנ,נותן,dono,0,0
נותנ,נותן,tribuo,0,0
נותנ,נותן,concedo,0,0
נותנ,נותן,soluo,0,0
נותנ,נותן,reddo,0,0
נותנ,נותן,stipendium,0,0
נזמ,נזם,spicifer,0,16
נחמ,נחם,hortor,0,84
נחמ,נחם,uolo,1,84
נחמ,נחם,oro,1,84
נחמ,נחם,obsecro,1,84
נחמ,נחם,rogo,1,84
נחמ,נחם,peto,0,84
נחמ,נחם,uoco,3,84
נינ,נין,semen,1,3
נינ,נין,stirps,1,3
נינ,נין,proles,0,3
נינ,נין,semento,0,3
נכונ,נכון,promptus,0,0
נכונ,נכון,parito,0,0
נכנימ,נכנים,promptus,0,0
נכנימ,נכנים,parito,0,0
נלחמ,נלחם,bellor,0,0
נלחמ,נלחם,pugno,0,0
נלחמ,נלחם,gero,0,0
נלחמ,נלחם,bellum,0,0
נלחמימ,נלחמים,bellum,0,0
נלחמימ,נלחמים,mars,0,0
נלחמימ,נלחמים,arma,0,0
נלחמימ,נלחמים,acies,0,0
נלחמימ,נלחמים,bello,0,0
נלחמימ,נלחמים,pugna,0,0
נלחמימ,נלחמים,belli,0,0
נלחמימ,נלחמים,proelium,0,0
נלכ,נלך,iter,0,0
נלכ,נלך,martius,0,0
נלכ,נלך,agmen,0,0
נלכ,נלך,pergo,0,0
נמצאימ,נמצאים,inuenio,0,0
נמצאימ,נמצאים,reperio,0,0
נסכ,נסך,foedus,0,74
נסכ,נסך,pax,0,74
נסכ,נסך,libatio,6,74
נסכ,נסך,indutiae,0,74
נעימ,נעים,amoenus,0,7
נעלימ,נעלים,calceamentum,0,0
נעלימ,נעלים,calceus,0,0
נעלימ,נעלים,calceatus,0,0
נערימ,נערים,adulescens,0,0
נערימ,נערים,iuuenis,0,0
נערימ,נערים,adulescentulus,0,0
נערימ,נערים,peradulescentulus,0,0
נערימ,נערים,puellus,0,0
נערימ,נערים,puerulus,0,0
נפכ,נפך,carbo,0,4
נפכ,נפך,anthracitis,0,4
נפלינ,נפלין,cado,0,0
נפלינ,נפלין,concido,0,0
נפלינ,נפלין,ruo,0,0
נפלינ,נפלין,incido,0,0
נפלינ,נפלין,ruina,0,0
נפקינ,נפקין,liceor,0,0
נפקינ,נפקין,patior,0,0
נפקינ,נפקין,sino,0,0
נפקינ,נפקין,luceo,0,0
נצבימ,נצבים,sisto,0,0
נצבימ,נצבים,sto,0,0
נצבימ,נצבים,constituo,0,0
נצבימ,נצבים,erigo,0,0
נצבימ,נצבים,aduenio,0,0
נצבימ,נצבים,praesidium,0,0
נצבימ,נצבים,custodia,0,0
נקדימ,נקדים,uarius,0,3
נקמ,נקם,ius,0,38
נקמ,נקם,iustitia,1,38
נקמ,נקם,fas,0,38
נקמ,נקם,iudicium,2,38
נקמ,נקם,supplicium,0,38
נקמ,נקם,aptus,0,38
נקמ,נקם,uisito,2,38
נקמ,נקם,causa,1,38
נקמ,נקם,aequitas,0,38
נקמ,נקם,poena,1,38
נקמ,נקם,ultorius,0,38
נשימ,נשים,coniunx,0,0
נשימ,נשים,muliebris,0,0
נשימ,נשים,uira,0,0
נשימ,נשים,femina,0,0
נשימ,נשים,uxor,0,0
נשימ,נשים,mulier,0,0
נשכ,נשך,partitudo,0,21
נשרימ,נשרים,aquila,0,0
נשרימ,נשרים,fastigium,0,0
נשרימ,נשרים,plancus,0,0
נתנ,נתן,do,956,1729
נתנ,נתן,trado,236,1729
נתנ,נתן,dono,3,1729
נתנ,נתן,tribuo,37,1729
נתנ,נתן,concedo,8,1729
נתנ,נתן,soluo,5,1729
נתנ,נתן,reddo,19,1729
נתנ,נתן,stipendium,0,1729
נתנ,נתן,impono,15,1729
נתנ,נתן,impetus,1,1729
נתנ,נתן,oppugno,0,1729
נתנ,נתן,libero,9,1729
נתנ,נתן,deditio,0,1729
נתנ,נתן,eruo,8,1729
נתנ,נתן,eripio,0,1729
נתנ,נתן,pono,168,1729
נתנ,נתן,loco,0,1729
נתנ,נתן,statuo,5,1729
נתנ,נתן,colloco,0,1729
נתנ,נתן,locus,52,1729
נתתמ,נתתם,do,0,0
נתתמ,נתתם,trado,0,0
נתתמ,נתתם,dono,0,0
נתתמ,נתתם,tribuo,0,0
נתתמ,נתתם,concedo,0,0
נתתמ,נתתם,soluo,0,0
נתתמ,נתתם,reddo,0,0
נתתמ,נתתם,stipendium,0,0
סגדינ,סגדין,adoro,0,0
סגדינ,סגדין,colo,0,0
סגדינ,סגדין,basio,0,0
סוסימ,סוסים,equus,0,0
סוסימ,סוסים,sonipes,0,0
סוסימ,סוסים,currus,0,0
סוסימ,סוסים,eques,0,0
סוסימ,סוסים,equitatus,0,0
סוסימ,סוסים,equa,0,0
סוסימ,סוסים,equi,0,0
סוסימ,סוסים,equum,0,0
סוסימ,סוסים,equo,0,0
סופ,סוף,ruber,10,33
סופ,סוף,rufus,0,33
סופ,סוף,rubeus,0,33
סופ,סוף,burrus,0,33
סופ,סוף,russus,0,33
סופ,סוף,aurora,0,33
סופ,סוף,mane,0,33
סופ,סוף,usque,6,33
סופ,סוף,dum,0,33
סופ,סוף,quoad,0,33
סופ,סוף,donec,1,33
סופ,סוף,mare,19,33
סופ,סוף,pontus,0,33
סופ,סוף,pelagus,1,33
סופ,סוף,aequor,0,33
סופ,סוף,litus,1,33
סופ,סוף,ora,0,33
סופ,סוף,maris,0,33
סופ,סוף,finis,3,33
סופ,סוף,terminus,1,33
סופ,סוף,ultimo,0,33
סופ,סוף,exitus,0,33
סופ,סוף,euentus,0,33
סופ,סוף,legio,0,33
סופ,סוף,extremus,1,33
סופ,סוף,posterus,0,33
סופ,סוף,denique,0,33
סופ,סוף,nouissimus,1,33
סכ,סך,tabernaculum,0,2
סכ,סך,scaena,0,2
סכ,סך,locus,0,2
סכ,סך,regio,0,2
סכ,סך,ager,0,2
סלעימ,סלעים,saxum,0,0
סלעימ,סלעים,rupes,0,0
סלעימ,סלעים,lapis,0,0
סלעימ,סלעים,petra,0,0
סלעימ,סלעים,scopulus,0,0
סלעימ,סלעים,petro,0,0
סלעימ,סלעים,canna,0,0
סלקנ,סלקן,ascendo,0,0
סלקנ,סלקן,mons,0,0
סלקנ,סלקן,escendo,0,0
סמימ,סמים,acerra,0,0
סמכ,סמך,impono,4,36
סמכ,סמך,impetus,0,36
סמכ,סמך,oppugno,0,36
ספ,סף,porta,2,28
ספ,סף,ianua,1,28
ספ,סף,fores,0,28
ספ,סף,foras,0,28
ספ,סף,ostium,5,28
ספ,סף,foris,1,28
ספ,סף,limen,7,28
ספרימ,ספרים,liber,0,0
ספרימ,ספרים,uolumen,0,0
ספרימ,ספרים,libellus,0,0
ספרימ,ספרים,tabula,0,0
עבדימ,עבדים,seruitus,0,0
עבדימ,עבדים,seruitium,0,0
עבדימ,עבדים,seruus,0,0
עבדימ,עבדים,seruio,0,0
עבדימ,עבדים,famulus,0,0
עבדימ,עבדים,mancipium,0,0
עבדימ,עבדים,puer,0,0
עבדימ,עבדים,domesticus,0,0
עבדימ,עבדים,filia,0,0
עבדימ,עבדים,nascor,0,0
עבדימ,עבדים,pueri,0,0
עבדימ,עבדים,puerum,0,0
עבדימ,עבדים,natus,0,0
עבדימ,עבדים,filius,0,0
עבימ,עבים,nubes,0,0
עבימ,עבים,nimbus,0,0
עבימ,עבים,nebula,0,0
עבימ,עבים,nubis,0,0
עבימ,עבים,nubila,0,0
עברימ,עברים,praetermeo,0,7
עברימ,עברים,pertranseo,0,7
עדימ,עדים,testimonium,0,0
עדימ,עדים,testis,0,0
עדנ,עדן,tempus,3,28
עדנ,עדן,occasio,0,28
עדנ,עדן,facultas,0,28
עדנ,עדן,potestas,0,28
עדנ,עדן,luxuria,0,28
עדנ,עדן,fastidium,0,28
עדנינ,עדנין,annus,0,0
עדנינ,עדנין,incassus,0,0
עדנינ,עדנין,emissicius,0,0
עדנינ,עדנין,tempus,0,0
עדנינ,עדנין,occasio,0,0
עדנינ,עדנין,facultas,0,0
עדנינ,עדנין,potestas,0,0
עדרימ,עדרים,pastor,0,0
עדרימ,עדרים,opilio,0,0
עדרימ,עדרים,ouilis,0,0
עדרימ,עדרים,probata,0,0
עדשימ,עדשים,lenticula,0,0
עולמ,עולם,siquando,0,268
עולמ,עולם,praeolo,0,268
עולמ,עולם,aeternus,69,268
עולמ,עולם,perpes,0,268
עולמ,עולם,imperium,0,268
עולמ,עולם,principium,3,268
עולמ,עולם,initium,4,268
עולמ,עולם,magistratus,1,268
עולמ,עולם,regnum,10,268
עולמ,עולם,honor,0,268
עולמ,עולם,ratio,0,268
עולמ,עולם,officium,2,268
עולמ,עולם,potestas,1,268
עולמ,עולם,uis,0,268
עולמ,עולם,primus,1,268
עולמ,עולם,tempus,3,268
עולמ,עולם,tum,0,268
עולמ,עולם,longus,0,268
עולמ,עולם,diu,0,268
עולמ,עולם,aetas,0,268
עולמ,עולם,temporis,0,268
עולמימ,עולמים,praeolo,0,0
עולמימ,עולמים,aeternus,0,0
עולמימ,עולמים,perpes,0,0
עונ,עון,iniquitas,158,181
עונ,עון,iniustus,0,181
עונ,עון,pecco,15,181
עונ,עון,error,1,181
עונ,עון,peccatum,46,181
עונ,עון,perducto,0,181
עופ,עוף,trygona,0,82
עופ,עוף,gauia,0,82
עורימ,עורים,caecus,0,0
עורימ,עורים,caeco,0,0
עזימ,עזים,capra,0,0
עזימ,עזים,caper,0,0
עזימ,עזים,hircus,0,0
עזימ,עזים,caprinus,0,0
עזימ,עזים,hircinus,0,0
עזימ,עזים,haedus,0,0
עזימ,עזים,haedinus,0,0
עזימ,עזים,haedulus,0,0
עזימ,עזים,crinis,0,0
עזימ,עזים,come,0,0
עזימ,עזים,capillus,0,0
עזימ,עזים,caesaries,0,0
עינ,עין,perspecto,0,779
עינ,עין,placeo,57,779
עינ,עין,oculus,396,779
עינ,עין,oculi,0,779
עינ,עין,lumen,2,779
עינ,עין,uisio,8,779
עינ,עין,species,5,779
עינ,עין,uisus,2,779
עינ,עין,fons,27,779
עינ,עין,scatebra,0,779
עינימ,עינים,oculus,0,0
עינימ,עינים,oculi,0,0
עינימ,עינים,lumen,0,0
עינימ,עינים,uultus,0,0
עינימ,עינים,facies,0,0
עינימ,עינים,os,0,0
עינימ,עינים,ora,0,0
עינימ,עינים,persona,0,0
עינינ,עינין,oculus,0,0
עינינ,עינין,oculi,0,0
עינינ,עינין,lumen,0,0
עיפ,עיף,linquo,0,20
עירמ,עירם,nudus,9,10
עליונ,עליון,desursum,0,31
עליונ,עליון,altus,6,31
עליונ,עליון,celsus,0,31
עליונ,עליון,excelsus,6,31
עליונ,עליון,sublimis,1,31
עליונ,עליון,superus,0,31
עליונ,עליון,alo,0,31
עליונ,עליון,summus,0,31
עליונ,עליון,supremitas,0,31
עליונינ,עליונין,supremitas,0,0
עלימ,עלים,ascendo,0,0
עלימ,עלים,mons,0,0
עלימ,עלים,escendo,0,0
עלמ,עלם,praeolo,0,31
עלמ,עלם,aeternus,2,31
עלמ,עלם,perpes,0,31
עלמימ,עלמים,aeternus,0,0
עלמימ,עלמים,perpes,0,0
עלמינ,עלמין,praeolo,0,0
עלעינ,עלעין,costa,0,0
עמ,עם,statim,17,2264
עמ,עם,continuus,0,2264
עמ,עם,simul,13,2264
עמ,עם,populus,1309,2264
עמ,עם,qui,836,2264
עמ,עם,humanus,1,2264
עמ,עם,iste,107,2264
עמ,עם,orbis,2,2264
עמ,עם,plebs,18,2264
עמ,עם,mundum,0,2264
עמ,עם,uir,197,2264
עמ,עם,homo,60,2264
עמ,עם,pateo,0,2264
עמ,עם,aperio,11,2264
עמ,עם,patefacio,0,2264
עמ,עם,progenies,1,2264
עמ,עם,familia,12,2264
עמ,עם,gener,1,2264
עמ,עם,genu,1,2264
עמ,עם,cognatio,4,2264
עמ,עם,natio,9,2264
עמ,עם,genus,8,2264
עמ,עם,gentis,0,2264
עמ,עם,stirps,8,2264
עמ,עם,gens,83,2264
עמ,עם,generis,0,2264
עמ,עם,ipse,105,2264
עמ,עם,sui,82,2264
עמ,עם,prouincia,11,2264
עמ,עם,tribus,12,2264
עמ,עם,inquam,17,2264
עמ,עם,quantulus,0,2264
עמ,עם,quoad,0,2264
עמ,עם,animus,5,2264
עמ,עם,mens,6,2264
עמ,עם,cor,72,2264
עמ,עם,cordis,0,2264
עמ,עם,pectus,0,2264
עמ,עם,dominus,738,2264
עמ,עם,auctoritas,0,2264
עמ,עם,erus,0,2264
עמ,עם,potestas,3,2264
עמ,עם,uulgus,23,2264
עמ,עם,turba,13,2264
עמ,עם,exercitus,85,2264
עמ,עם,militia,9,2264
עמ,עם,hospes,0,2264
עמ,עם,tecolithos,0,2264
עמ,עם,petrinus,0,2264
עמ,עם,popularis,0,2264
עמ,עם,nox,39,2264
עמ,עם,noctis,0,2264
עמ,עם,noctem,0,2264
עמ,עם,nocturnus,0,2264
עמ,עם,filia,47,2264
עמ,עם,nascor,7,2264
עמ,עם,puer,33,2264
עמ,עם,pueri,0,2264
עמ,עם,puerum,0,2264
עמ,עם,natus,0,2264
עמ,עם,filius,322,2264
עמ,עם,pater,158,2264
עמ,עם,genitor,0,2264
עמ,עם,parens,1,2264
עמ,עם,paternus,0,2264
עמ,עם,patri,0,2264
עמ,עם,patrem,0,2264
עמ,עם,patris,0,2264
עמ,עם,uultus,3,2264
עמ,עם,facies,46,2264
עמ,עם,os,38,2264
עמ,עם,ora,0,2264
עמ,עם,persona,1,2264
עמדימ,עמדים,sisto,0,0
עמדימ,עמדים,sto,0,0
עמדימ,עמדים,constituo,0,0
עמדימ,עמדים,erigo,0,0
עמימ,עמים,gens,0,0
עמימ,עמים,natio,0,0
עמימ,עמים,populus,0,0
עמימ,עמים,prouincia,0,0
עמימ,עמים,tribus,0,0
עמימ,עמים,plebs,0,0
עמימ,עמים,uulgus,0,0
עמימ,עמים,turba,0,0
עמימ,עמים,exercitus,0,0
עמימ,עמים,militia,0,0
עמימ,עמים,hospes,0,0
עמימ,עמים,tecolithos,0,0
עמימ,עמים,petrinus,0,0
עמימ,עמים,popularis,0,0
עמקימ,עמקים,tibia,0,0
עמקימ,עמקים,fistula,0,0
עמרימ,עמרים,farratus,0,0
ענ,ען,rescribo,0,0
ענ,ען,exaudio,0,0
ענ,ען,respondeo,0,0
ענ,ען,ausculto,0,0
ענ,ען,humilio,0,0
ענבימ,ענבים,uua,0,0
ענוימ,ענוים,mendicus,0,0
עניימ,עניים,mendicus,0,0
עננ,ענן,nubiuagus,0,83
עננ,ענן,nubes,58,83
עננ,ענן,nimbus,0,83
עננ,ענן,nebula,8,83
עננ,ענן,nubis,1,83
עננ,ענן,nubila,0,83
ענקימ,ענקים,quasi,0,0
ענקימ,ענקים,similis,0,0
ענקימ,ענקים,tamquam,0,0
ענקימ,ענקים,sicut,0,0
ענקימ,ענקים,uelut,0,0
עפלימ,עפלים,sessio,0,0
עצ,עץ,arbor,17,274
עצ,עץ,lignum,217,274
עצ,עץ,silua,6,274
עצ,עץ,tignum,0,274
עצ,עץ,materia,0,274
עצומ,עצום,ualidus,0,26
עצומ,עצום,fortis,17,26
עצומ,עצום,robustus,6,26
עצומ,עצום,firmus,0,26
עצומ,עצום,uehemens,0,26
עצומימ,עצומים,ualidus,0,0
עצומימ,עצומים,fortis,0,0
עצומימ,עצומים,robustus,0,0
עצומימ,עצומים,firmus,0,0
עצומימ,עצומים,uehemens,0,0
עצימ,עצים,silua,0,0
עצימ,עצים,tignum,0,0
עצימ,עצים,materia,0,0
עצימ,עצים,lignum,0,0
עצמ,עצם,tempus,3,108
עצמ,עצם,occasio,0,108
עצמ,עצם,facultas,0,108
עצמ,עצם,potestas,0,108
עצמ,עצם,ossum,0,108
עצמ,עצם,redo,0,108
עקדימ,עקדים,peralbus,0,0
עקדימ,עקדים,percandidus,0,0
עקדימ,עקדים,albus,0,0
עקדימ,עקדים,candidus,0,0
עקדימ,עקדים,lelepris,0,0
עקדימ,עקדים,ophthalmias,0,0
עקרבימ,עקרבים,scorpionius,0,0
עקרבימ,עקרבים,scorpio,0,0
ערבימ,ערבים,uespertinus,0,0
ערבימ,ערבים,uesper,0,0
ערבימ,ערבים,crepusculum,0,0
ערבימ,ערבים,occidens,0,0
ערבימ,ערבים,occasus,0,0
ערבימ,ערבים,uesperus,0,0
ערומ,ערום,nudus,14,27
ערימ,ערים,urbs,0,0
ערימ,ערים,ciuitas,0,0
ערימ,ערים,oppidum,0,0
ערימ,ערים,moenia,0,0
ערימ,ערים,publicus,0,0
ערימ,ערים,athenae,0,0
ערימ,ערים,municipium,0,0
ערימ,ערים,urbem,0,0
ערימ,ערים,urbis,0,0
עריצימ,עריצים,iniurius,0,0
ערכ,ערך,praeparo,8,86
ערכ,ערך,oppositus,0,86
ערלימ,ערלים,tonsilis,0,0
ערמ,ערם,nudus,0,4
ערפ,ערף,rigoratus,0,39
ערפ,ערף,ceruix,22,39
ערפ,ערף,collum,1,39
עשוקימ,עשוקים,iniurius,0,1
עשימ,עשים,natura,0,0
עשימ,עשים,qualis,0,0
עשנ,עשן,fumus,15,27
עשנ,עשן,fumo,2,27
עשנ,עשן,ceu,0,27
עשנ,עשן,uelut,0,27
עשרימ,עשרים,alter,3,272
עשרימ,עשרים,deinde,0,272
עשרימ,עשרים,iterum,0,272
עשרימ,עשרים,secundo,0,272
עשרימ,עשרים,proximus,0,272
עשרימ,עשרים,secundus,10,272
עשרימ,עשרים,duo,31,272
עשרימ,עשרים,uter,0,272
עשרימ,עשרים,bini,1,272
עשרימ,עשרים,uicesimus,51,272
עשרימ,עשרים,uiginti,209,272
עשרימ,עשרים,uiceni,0,272
עשרימ,עשרים,centum,32,272
עשרימ,עשרים,nouo,0,272
עשרימ,עשרים,nouendialis,0,272
עשרימ,עשרים,septeni,0,272
עשרימ,עשרים,hebdomada,0,272
עשרימ,עשרים,octo,14,272
עשרימ,עשרים,quinquaginta,7,272
עשרימ,עשרים,quindecim,3,272
עשרימ,עשרים,quinque,46,272
עשרימ,עשרים,quadraginta,6,272
עשרימ,עשרים,quattuor,25,272
עשרימ,עשרים,quartus,6,272
עשרימ,עשרים,tertius,9,272
עשרימ,עשרים,tertio,0,272
עשרינ,עשרין,uicesimus,0,0
עשרינ,עשרין,uiginti,0,0
עשרינ,עשרין,uiceni,0,0
עשרינ,עשרין,centum,0,0
עתודימ,עתודים,hircinus,0,0
עתידינ,עתידין,promptus,0,0
עתידינ,עתידין,parito,0,0
עתימ,עתים,tempus,0,0
עתימ,עתים,occasio,0,0
עתימ,עתים,facultas,0,0
עתימ,עתים,potestas,0,0
פגרימ,פגרים,ordo,0,0
פגרימ,פגרים,homo,0,0
פגרימ,פגרים,corpus,0,0
פדנ,פדן,amicimen,0,11
פלגשימ,פלגשים,concubina,0,0
פלגשימ,פלגשים,femella,0,0
פלגשימ,פלגשים,uirguncula,0,0
פלחינ,פלחין,praeseruio,0,0
פלשתימ,פלשתים,syron,0,0
פמ,פם,aurum,0,0
פמ,פם,os,0,0
פמ,פם,labium,0,0
פמ,פם,labrum,0,0
פמ,פם,osculum,0,0
פנ,פן,contradictio,0,116
פנ,פן,ipse,4,116
פנ,פן,sui,5,116
פנ,פן,frons,0,116
פנ,פן,praeduco,0,116
פנ,פן,duco,1,116
פנ,פן,praecedo,0,116
פנ,פן,credo,0,116
פנ,פן,considero,0,116
פנ,פן,existimo,0,116
פנ,פן,iudico,1,116
פנ,פן,teneo,0,116
פנ,פן,numquam,0,116
פנ,פן,umquam,1,116
פנ,פן,inocciduus,0,116
פנ,פן,uultus,1,116
פנ,פן,facies,3,116
פנ,פן,os,1,116
פנ,פן,ora,0,116
פנ,פן,persona,0,116
פנ,פן,prior,0,116
פנ,פן,olim,0,116
פנ,פן,superus,0,116
פנ,פן,quondam,0,116
פנ,פן,antea,0,116
פנ,פן,pristinus,0,116
פנ,פן,primus,0,116
פנימ,פנים,frons,0,0
פנימ,פנים,praeduco,0,0
פנימ,פנים,iaceo,0,0
פנימ,פנים,uultus,0,0
פנימ,פנים,facies,0,0
פנימ,פנים,os,0,0
פנימ,פנים,ora,0,0
פנימ,פנים,persona,0,0
פנימ,פנים,prior,0,0
פנימ,פנים,olim,0,0
פנימ,פנים,superus,0,0
פנימ,פנים,quondam,0,0
פנימ,פנים,antea,0,0
פנימ,פנים,pristinus,0,0
פנימ,פנים,primus,0,0
פסחימ,פסחים,claudus,0,0
פסימ,פסים,uarius,0,0
פעלימ,פעלים,opus,0,0
פעלימ,פעלים,facinus,0,0
פעלימ,פעלים,res,0,0
פעלימ,פעלים,negotium,0,0
פעלימ,פעלים,opero,0,0
פעמ,פעם,semel,10,104
פעמ,פעם,insemel,0,104
פעמ,פעם,tempus,2,104
פעמ,פעם,occasio,0,104
פעמ,פעם,facultas,0,104
פעמ,פעם,potestas,0,104
פעמימ,פעמים,bis,0,0
פעמימ,פעמים,tempus,0,0
פעמימ,פעמים,occasio,0,0
פעמימ,פעמים,facultas,0,0
פעמימ,פעמים,potestas,0,0
פעמימ,פעמים,ter,0,0
פרדימ,פרדים,mulus,0,0
פרדימ,פרדים,mula,0,0
פרימ,פרים,taurus,0,0
פרימ,פרים,bos,0,0
פרימ,פרים,uitulus,0,0
פרימ,פרים,taurinus,0,0
פרכ,פרך,uis,0,6
פרכ,פרך,uiolentia,0,6
פרכ,פרך,robur,0,6
פרכ,פרך,copia,0,6
פרכ,פרך,inuitus,0,6
פרצ,פרץ,refutatus,0,66
פרצ,פרץ,consaepto,0,66
פרצימ,פרצים,refutatus,0,4
פרצימ,פרצים,insuper,0,4
פרצימ,פרצים,supernus,0,4
פרשימ,פרשים,equus,0,0
פרשימ,פרשים,equitatus,0,0
פרשימ,פרשים,equester,0,0
פרשימ,פרשים,ala,0,0
פרשימ,פרשים,eques,0,0
פרשימ,פרשים,sonipes,0,0
פרשימ,פרשים,currus,0,0
פרשימ,פרשים,equa,0,0
פרשימ,פרשים,equi,0,0
פרשימ,פרשים,equum,0,0
פרשימ,פרשים,equo,0,0
פשתימ,פשתים,lineus,0,0
פשתימ,פשתים,linum,0,0
פתנ,פתן,clipeus,0,4
פתנ,פתן,scutum,0,4
פתנ,פתן,parma,0,4
פתרנ,פתרן,collatio,0,0
צאנ,צאן,agnos,0,225
צאנ,צאן,agnus,3,225
צאנ,צאן,agninus,0,225
צאנ,צאן,probata,0,225
צאנ,צאן,ouilis,0,225
צאנ,צאן,ouis,106,225
צאנ,צאן,pecus,28,225
צאנ,צאן,grex,103,225
צאנ,צאן,pecuarius,0,225
צבאימ,צבאים,bellor,0,4
צבאימ,צבאים,tam,0,4
צבאימ,צבאים,quantus,0,4
צדיקימ,צדיקים,iudicium,0,0
צדיקימ,צדיקים,iustus,0,0
צדיקימ,צדיקים,ius,0,0
צדיקימ,צדיקים,iustitia,0,0
צדיקימ,צדיקים,dexter,0,0
צדיקימ,צדיקים,aequitas,0,0
צדיקימ,צדיקים,aequus,0,0
צדיקימ,צדיקים,iustifico,0,0
צדיקימ,צדיקים,oportet,0,0
צדיקימ,צדיקים,pulcher,0,0
צדיקימ,צדיקים,mereo,0,0
צדיקימ,צדיקים,dignus,0,0
צדיקימ,צדיקים,rego,0,0
צדיקמ,צדיקם,iudicium,0,0
צדיקמ,צדיקם,iustus,0,0
צדיקמ,צדיקם,ius,0,0
צדיקמ,צדיקם,iustitia,0,0
צדיקמ,צדיקם,dexter,0,0
צדיקמ,צדיקם,aequitas,0,0
צדיקמ,צדיקם,aequus,0,0
צדיקמ,צדיקם,iustifico,0,0
צדיקמ,צדיקם,oportet,0,0
צדיקמ,צדיקם,pulcher,0,0
צדיקמ,צדיקם,mereo,0,0
צדיקמ,צדיקם,dignus,0,0
צדיקמ,צדיקם,rego,0,0
צהרימ,צהרים,meridies,13,19
צהרימ,צהרים,auster,0,19
צומ,צום,tenacitas,0,32
ציצ,ציץ,flos,5,14
ציצ,ציץ,maspetum,0,14
צלמ,צלם,statua,15,28
צלמ,צלם,signum,0,28
צלמ,צלם,similitudo,4,28
צלמ,צלם,simulacrum,2,28
צלמ,צלם,imago,9,28
צמאונ,צמאון,sitio,1,2
צמאונ,צמאון,areo,0,2
צמידימ,צמידים,periscelis,0,0
צפרדעימ,צפרדעים,rana,0,0
צפרדעימ,צפרדעים,calamites,0,0
צרימ,צרים,saxum,0,0
צרימ,צרים,rupes,0,0
צרימ,צרים,lapis,0,0
צרימ,צרים,petra,0,0
צרימ,צרים,scopulus,0,0
קאמינ,קאמין,sisto,0,0
קאמינ,קאמין,sto,0,0
קאמינ,קאמין,constituo,0,0
קאמינ,קאמין,erigo,0,0
קבצ,קבץ,congrego,83,111
קבצ,קבץ,simul,4,111
קבצ,קבץ,colligo,6,111
קברימ,קברים,monumentum,0,0
קברימ,קברים,memoria,0,0
קברימ,קברים,sepulcrum,0,0
קברימ,קברים,tumulus,0,0
קברימ,קברים,bustum,0,0
קדימ,קדים,meridies,3,61
קדימ,קדים,meridianus,1,61
קדימ,קדים,australis,0,61
קדימ,קדים,libonotus,0,61
קדימ,קדים,auster,1,61
קדישינ,קדישין,sacer,0,0
קדישינ,קדישין,sanctus,0,0
קדישינ,קדישין,sancio,0,0
קדמ,קדם,ortus,1,101
קדמ,קדם,exortiuus,0,101
קדמ,קדם,uetus,0,101
קדמ,קדם,senex,0,101
קדמ,קדם,antiquus,9,101
קדמ,קדם,imperium,0,101
קדמ,קדם,principium,4,101
קדמ,קדם,initium,5,101
קדמ,קדם,magistratus,0,101
קדמ,קדם,regnum,1,101
קדמ,קדם,honor,1,101
קדמ,קדם,ratio,0,101
קדמ,קדם,officium,0,101
קדמ,קדם,potestas,1,101
קדמ,קדם,uis,0,101
קדמ,קדם,primus,1,101
קדמ,קדם,rex,16,101
קדמ,קדם,tyrannus,0,101
קדמ,קדם,dominus,20,101
קדמ,קדם,princeps,3,101
קדמ,קדם,regis,0,101
קדמ,קדם,regem,0,101
קדמ,קדם,regi,0,101
קדמ,קדם,sol,1,101
קדמ,קדם,phoebus,0,101
קדמ,קדם,solis,0,101
קדמ,קדם,dea,0,101
קדמ,קדם,caelum,1,101
קדמ,קדם,caelus,0,101
קדמ,קדם,hercules,0,101
קדמ,קדם,deus,11,101
קדמ,קדם,deum,0,101
קדמ,קדם,dei,0,101
קדמ,קדם,deo,0,101
קדמ,קדם,numen,0,101
קדמ,קדם,diuus,0,101
קדמ,קדם,uultus,0,101
קדמ,קדם,facies,5,101
קדמ,קדם,os,0,101
קדמ,קדם,ora,0,101
קדמ,קדם,persona,0,101
קדמ,קדם,prior,0,101
קדמ,קדם,olim,2,101
קדמ,קדם,superus,0,101
קדמ,קדם,quondam,0,101
קדמ,קדם,antea,0,101
קדמ,קדם,pristinus,3,101
קדשימ,קדשים,sacer,0,0
קדשימ,קדשים,sanctus,0,0
קדשימ,קדשים,sancio,0,0
קומ,קום,surgo,230,563
קומ,קום,exsurgo,0,563
קומ,קום,sisto,0,563
קומ,קום,sto,43,563
קומ,קום,constituo,20,563
קומ,קום,erigo,17,563
קומ,קום,quotiens,0,563
קומ,קום,quoniam,6,563
קוצ,קוץ,spina,9,26
קוצרימ,קוצרים,meto,0,0
קוצרימ,קוצרים,demeto,0,0
קטנ,קטן,paruus,66,105
קטנ,קטן,minoro,0,105
קטנ,קטן,exiguus,0,105
קטנ,קטן,paulum,0,105
קטנ,קטן,breuis,0,105
קטנ,קטן,modicus,2,105
קטנ,קטן,paulus,0,105
קטנ,קטן,iuuenis,4,105
קטנ,קטן,adulescens,0,105
קטנ,קטן,nouus,1,105
קטנ,קטן,puer,7,105
קטנ,קטן,adulescentia,0,105
קטנ,קטן,iuuentus,0,105
קטנ,קטן,iuuenta,0,105
קטנ,קטן,aetas,0,105
קטנ,קטן,nuperus,0,105
קימ,קים,seditio,0,1
קימ,קים,discordia,0,1
קימ,קים,ciuilis,0,1
קימ,קים,factio,0,1
קימ,קים,tumultus,0,1
קימ,קים,status,0,1
קימינ,קימין,sisto,0,0
קימינ,קימין,sto,0,0
קימינ,קימין,constituo,0,0
קימינ,קימין,erigo,0,0
קיצ,קיץ,aestas,6,30
קיצ,קיץ,aestiuus,1,30
קיצ,קיץ,palma,0,30
קלונ,קלון,humilito,0,15
קלעימ,קלעים,uelum,0,0
קלעימ,קלעים,carbasus,0,0
קלעימ,קלעים,uelifico,0,0
קלעימ,קלעים,ueli,0,0
קמ,קם,surgo,0,0
קמ,קם,exsurgo,0,0
קסמימ,קסמים,oraculum,0,0
קצ,קץ,tempus,4,43
קצ,קץ,occasio,0,43
קצ,קץ,facultas,0,43
קצ,קץ,potestas,0,43
קצ,קץ,equidem,0,43
קצ,קץ,conuerto,0,43
קצ,קץ,uerto,1,43
קצ,קץ,dos,0,43
קצ,קץ,pars,0,43
קצ,קץ,finis,13,43
קצ,קץ,terminus,0,43
קצ,קץ,ultimo,0,43
קצ,קץ,exitus,0,43
קצ,קץ,euentus,0,43
קצ,קץ,legio,0,43
קצ,קץ,extremus,1,43
קצ,קץ,posterus,0,43
קצ,קץ,denique,0,43
קצ,קץ,nouissimus,0,43
קצינ,קצין,fundator,0,12
קצינ,קצין,praetor,0,12
קצפ,קצף,animus,0,58
קצפ,קצף,spiritus,3,58
קצפ,קצף,furor,7,58
קצפ,קצף,ira,16,58
קצפ,קצף,cor,4,58
קצפ,קצף,pectus,0,58
קצפ,קצף,amor,0,58
קצפ,קצף,mens,0,58
קצפ,קצף,libido,0,58
קצפ,קצף,pectoralis,0,58
קצפ,קצף,animi,0,58
קצפ,קצף,iracundia,3,58
קצרימ,קצרים,meto,0,0
קצרימ,קצרים,demeto,0,0
קראימ,קראים,arcessitus,0,0
קראימ,קראים,uocatus,0,0
קראנ,קראן,appello,0,0
קראנ,קראן,nomino,0,0
קראנ,קראן,nomen,0,0
קראנ,קראן,inuito,0,0
קראנ,קראן,uoco,0,0
קרבימ,קרבים,attulo,0,0
קרחימ,קרחים,filius,0,0
קרחימ,קרחים,natus,0,0
קרחימ,קרחים,gnatus,0,0
קרחימ,קרחים,progenies,0,0
קרחימ,קרחים,proles,0,0
קרחימ,קרחים,nascor,0,0
קרחימ,קרחים,filium,0,0
קרחימ,קרחים,filii,0,0
קרחימ,קרחים,filio,0,0
קרנ,קרן,sententia,0,56
קרנ,קרן,glorifico,0,56
קרנ,קרן,opinor,0,56
קרנ,קרן,ala,0,56
קרנ,קרן,columna,0,56
קרנ,קרן,penna,0,56
קרנ,קרן,cornu,42,56
קרנ,קרן,tuba,5,56
קרנ,קרן,lituus,0,56
קרנ,קרן,bucina,1,56
קרנ,קרן,tubula,0,56
קרנימ,קרנים,ala,0,1
קרנימ,קרנים,columna,0,1
קרנימ,קרנים,penna,0,1
קרנימ,קרנים,cornu,0,1
קרנינ,קרנין,ala,0,0
קרנינ,קרנין,columna,0,0
קרנינ,קרנין,penna,0,0
קרנינ,קרנין,cornu,0,0
ראימ,ראים,uideo,0,0
ראימ,ראים,cerno,0,0
ראימ,ראים,conspicio,0,0
ראימ,ראים,aspicio,0,0
ראימ,ראים,animaduerto,0,0
ראימ,ראים,obseruo,0,0
ראיתמ,ראיתם,uideo,0,0
ראיתמ,ראיתם,cerno,0,0
ראיתמ,ראיתם,conspicio,0,0
ראיתמ,ראיתם,aspicio,0,0
ראיתמ,ראיתם,animaduerto,0,0
ראיתמ,ראיתם,obseruo,0,0
ראשונ,ראשון,prior,35,161
ראשונ,ראשון,olim,0,161
ראשונ,ראשון,superus,0,161
ראשונ,ראשון,quondam,0,161
ראשונ,ראשון,antea,0,161
ראשונ,ראשון,pristinus,4,161
ראשונ,ראשון,primus,75,161
ראשונ,ראשון,capularis,0,161
ראשימ,ראשים,imperium,0,0
ראשימ,ראשים,principium,0,0
ראשימ,ראשים,initium,0,0
ראשימ,ראשים,magistratus,0,0
ראשימ,ראשים,regnum,0,0
ראשימ,ראשים,honor,0,0
ראשימ,ראשים,ratio,0,0
ראשימ,ראשים,officium,0,0
ראשימ,ראשים,potestas,0,0
ראשימ,ראשים,uis,0,0
ראשימ,ראשים,primus,0,0
ראשימ,ראשים,praetor,0,0
ראשינ,ראשין,caput,0,0
ראשנ,ראשן,primus,0,0
ראשנ,ראשן,capularis,0,0
ראשנימ,ראשנים,prior,0,0
ראשנימ,ראשנים,olim,0,0
ראשנימ,ראשנים,superus,0,0
ראשנימ,ראשנים,quondam,0,0
ראשנימ,ראשנים,antea,0,0
ראשנימ,ראשנים,pristinus,0,0
ראשנימ,ראשנים,primus,0,0
ראשנימ,ראשנים,capularis,0,0
רבבנ,רבבן,mille,0,0
רבבנ,רבבן,innumerabilitas,0,0
רבונ,רבון,mille,0,0
רבונ,רבון,innumerabilitas,0,0
רביבימ,רביבים,ceu,0,4
רביבימ,רביבים,uelut,0,4
רבימ,רבים,magnus,0,0
רבימ,רבים,multus,0,0
רבימ,רבים,amplus,0,0
רבימ,רבים,complures,0,0
רבימ,רבים,superus,0,0
רבימ,רבים,annualis,0,0
רבימ,רבים,longus,0,0
רבימ,רבים,diu,0,0
רבימ,רבים,procul,0,0
רבימ,רבים,absum,0,0
רבימ,רבים,summus,0,0
רבימ,רבים,grandis,0,0
רבעימ,רבעים,gens,0,0
רבעימ,רבעים,genus,0,0
רבעימ,רבעים,progenies,0,0
רבעימ,רבעים,generatio,0,0
רבעימ,רבעים,saeculum,0,0
רבעימ,רבעים,natio,0,0
רבעימ,רבעים,quartus,0,0
רברבינ,רברבין,magnus,0,0
רברבינ,רברבין,ingens,0,0
רברבינ,רברבין,immanis,0,0
רברבינ,רברבין,uastus,0,0
רברבינ,רברבין,grandis,0,0
רברבינ,רברבין,multus,0,0
רברבינ,רברבין,superus,0,0
רברבינ,רברבין,summus,0,0
רברבינ,רברבין,alo,0,0
רברבנ,רברבן,magnus,0,0
רברבנ,רברבן,ingens,0,0
רברבנ,רברבן,immanis,0,0
רברבנ,רברבן,uastus,0,0
רברבנ,רברבן,grandis,0,0
רברבנ,רברבן,multus,0,0
רברבנ,רברבן,superus,0,0
רברבנ,רברבן,summus,0,0
רברבנ,רברבן,alo,0,0
רגלימ,רגלים,pedum,0,2
רגלימ,רגלים,pedes,0,2
רגלימ,רגלים,pes,0,2
רדימ,רדים,intellego,0,0
רדימ,רדים,nescio,0,0
רדפ,רדף,diuinus,0,115
רדפ,רדף,diuus,0,115
רדפ,רדף,inclitus,0,115
רדפ,רדף,persequor,81,115
רדפ,רדף,sequor,19,115
רדפ,רדף,fugo,1,115
רדפ,רדף,insequor,0,115
רדפ,רדף,studium,0,115
רוזנימ,רוזנים,praetor,0,0
רומ,רום,altitudo,8,127
רומ,רום,arx,0,127
רזינ,רזין,mysterium,0,0
רחומ,רחום,miseresco,0,15
רחימ,רחים,molaris,0,5
רחמ,רחם,misericordia,8,65
רחמ,רחם,clementia,0,65
רחמ,רחם,misero,0,65
רחמ,רחם,noctua,0,65
רחמ,רחם,misereo,4,65
רחמ,רחם,uterus,6,65
רחמ,רחם,miseresco,0,65
רחמימ,רחמים,misericordia,16,26
רחמימ,רחמים,clementia,0,26
רחמימ,רחמים,misero,0,26
רחמימ,רחמים,noctua,0,26
רחמימ,רחמים,misereo,1,26
רחמימ,רחמים,miseresco,0,26
רחמימ,רחמים,causa,0,26
רחמימ,רחמים,gratus,0,26
רחמימ,רחמים,propter,0,26
רחמימ,רחמים,grates,0,26
רחמימ,רחמים,gratia,1,26
רחצ,רחץ,spes,0,68
רחצ,רחץ,spero,0,68
רחצ,רחץ,exspectatio,0,68
רחקימ,רחקים,procul,0,0
ריקמ,ריקם,inanis,1,14
ריקמ,ריקם,uacuus,12,14
ריקמ,ריקם,cassus,0,14
רכ,רך,molleo,0,18
רמ,רם,altus,0,0
רמ,רם,celsus,0,0
רמ,רם,excelsus,0,0
רמ,רם,sublimis,0,0
רמ,רם,superus,0,0
רמ,רם,alo,0,0
רמ,רם,summus,0,0
רמ,רם,sublimo,0,0
רעיונ,רעיון,consideratio,0,5
רעימ,רעים,pastor,0,0
רעימ,רעים,opilio,0,0
רעימ,רעים,impius,0,0
רעימ,רעים,malus,0,0
רעימ,רעים,improbus,0,0
רעינ,רעין,consideratio,0,0
רעינ,רעין,suspicio,0,0
רעמ,רעם,tonitrus,1,12
רעמ,רעם,fulmen,0,12
רעמ,רעם,tonitruo,0,12
רפאימ,רפאים,sapientipotens,0,25
רפאימ,רפאים,libitinarius,0,25
רצ,רץ,curro,0,0
רצ,רץ,decurro,0,0
רצ,רץ,percurro,0,0
רצ,רץ,discurro,0,0
רצונ,רצון,cognobilis,0,39
רצונ,רצון,catulitio,0,39
רצונ,רצון,prolubium,0,39
רשעימ,רשעים,peccator,0,0
רשעימ,רשעים,peccatrix,0,0
רשעימ,רשעים,impius,0,0
רשעימ,רשעים,malus,0,0
רשעימ,רשעים,improbus,0,0
שביבינ,שביבין,flamma,0,0
שביבינ,שביבין,ignis,0,0
שבעימ,שבעים,septuaginta,0,0
שבעימ,שבעים,septuageni,0,0
שבעימ,שבעים,centum,0,0
שבעימ,שבעים,septeni,0,0
שבעימ,שבעים,hebdomada,0,0
שבעימ,שבעים,septingenti,0,0
שבעימ,שבעים,septingenties,0,0
שבעימ,שבעים,quinquaginta,0,0
שבעימ,שבעים,quindecim,0,0
שבעימ,שבעים,quinque,0,0
שבעתימ,שבעתים,septeni,0,0
שבעתימ,שבעתים,hebdomada,0,0
שבתונ,שבתון,requies,5,10
שבתונ,שבתון,conquiesco,0,10
שגיאנ,שגיאן,multus,0,0
שגיאנ,שגיאן,magnus,0,0
שגיאנ,שגיאן,longus,0,0
שגיאנ,שגיאן,diu,0,0
שגיאנ,שגיאן,procul,0,0
שגיאנ,שגיאן,superus,0,0
שגיאנ,שגיאן,absum,0,0
שגיאנ,שגיאן,summus,0,0
שגיאנ,שגיאן,grandis,0,0
שדימ,שדים,subsalsus,0,3
שדימ,שדים,diuinitas,0,3
שומ,שום,pono,0,0
שומ,שום,loco,0,0
שומ,שום,statuo,0,0
שומ,שום,colloco,0,0
שומ,שום,locus,0,0
שחינ,שחין,ulcus,8,12
שחינ,שחין,uulnus,4,12
שחינ,שחין,plago,0,12
שחינ,שחין,traho,0,12
שחינ,שחין,rapio,0,12
שחקימ,שחקים,nubes,0,0
שחקימ,שחקים,nimbus,0,0
שחקימ,שחקים,nebula,0,0
שחקימ,שחקים,nubis,0,0
שחקימ,שחקים,nubila,0,0
שטנ,שטן,diabolus,0,22
שטנ,שטן,prodicius,0,22
שטנ,שטן,obiector,0,22
שימ,שים,pono,289,516
שימ,שים,loco,0,516
שימ,שים,statuo,10,516
שימ,שים,colloco,1,516
שימ,שים,locus,20,516
שכמ,שכם,humerus,2,135
שכמ,שכם,umerus,10,135
שכמ,שכם,crudus,0,135
שכנ,שכן,interquiesco,0,112
שכנ,שכן,habito,67,112
שלומ,שלום,pax,124,205
שלומ,שלום,otium,1,205
שלומ,שלום,saluus,1,205
שלומ,שלום,tueor,0,205
שלומ,שלום,salutaris,0,205
שלומ,שלום,saluator,0,205
שלומ,שלום,salus,2,205
שלומ,שלום,ualeo,2,205
שלומ,שלום,ualetudo,0,205
שלומ,שלום,gaudeo,0,205
שלומ,שלום,laetor,0,205
שלומ,שלום,laeto,0,205
שלומ,שלום,grando,0,205
שלומ,שלום,gaudium,3,205
שלומ,שלום,fruor,0,205
שלומ,שלום,delecto,0,205
שלומ,שלום,uoluptas,0,205
שלומ,שלום,laetitia,2,205
שלושימ,שלושים,triceni,0,0
שלושימ,שלושים,triginta,0,0
שלחנ,שלחן,unus,5,57
שלחנ,שלחן,complures,0,57
שלחנ,שלחן,alter,1,57
שלחנ,שלחן,quisque,0,57
שלחנ,שלחן,mensa,51,57
שלחנ,שלחן,ripa,0,57
שלחנ,שלחן,tabula,0,57
שלחתמ,שלחתם,mitto,0,0
שלחתמ,שלחתם,littera,0,0
שלחתמ,שלחתם,dimitto,0,0
שלחתמ,שלחתם,aufero,0,0
שלטנ,שלטן,imperium,0,2
שלטנ,שלטן,principium,0,2
שלטנ,שלטן,initium,0,2
שלטנ,שלטן,magistratus,2,2
שלטנ,שלטן,regnum,0,2
שלטנ,שלטן,honor,0,2
שלטנ,שלטן,ratio,0,2
שלטנ,שלטן,officium,0,2
שלטנ,שלטן,potestas,1,2
שלטנ,שלטן,uis,0,2
שלטנ,שלטן,primus,0,2
שלטנ,שלטן,auctoritas,0,2
שלטנ,שלטן,licentia,0,2
שלישימ,שלישים,triceni,0,0
שלישימ,שלישים,triginta,0,0
שלמ,שלם,uendo,1,202
שלמ,שלם,restituo,9,202
שלמ,שלם,soluo,2,202
שלמ,שלם,trado,4,202
שלמ,שלם,redeo,0,202
שלמ,שלם,reuorto,1,202
שלמ,שלם,stipendium,0,202
שלמ,שלם,libero,1,202
שלמ,שלם,reddo,44,202
שלמ,שלם,pax,9,202
שלמ,שלם,otium,0,202
שלמ,שלם,pacalis,0,202
שלמ,שלם,pacifero,0,202
שלמ,שלם,conficio,0,202
שלמ,שלם,perficio,2,202
שלמימ,שלמים,incolumitas,0,0
שלשומ,שלשום,dies,1,24
שלשומ,שלשום,hodie,1,24
שלשומ,שלשום,itis,0,24
שלשומ,שלשום,diei,0,24
שלשומ,שלשום,lux,0,24
שלשומ,שלשום,tertius,13,24
שלשומ,שלשום,tertio,0,24
שלשימ,שלשים,centum,0,5
שלשימ,שלשים,ducenti,0,5
שלשימ,שלשים,duceni,0,5
שלשימ,שלשים,duo,0,5
שלשימ,שלשים,uter,0,5
שלשימ,שלשים,bini,0,5
שלשימ,שלשים,septuaginta,0,5
שלשימ,שלשים,septuageni,0,5
שלשימ,שלשים,uicesimus,0,5
שלשימ,שלשים,uiginti,0,5
שלשימ,שלשים,uiceni,0,5
שלשימ,שלשים,septeni,0,5
שלשימ,שלשים,hebdomada,0,5
שלשימ,שלשים,octo,0,5
שלשימ,שלשים,quinquaginta,0,5
שלשימ,שלשים,quindecim,0,5
שלשימ,שלשים,quinque,0,5
שלשימ,שלשים,quadraginta,0,5
שלשימ,שלשים,quattuor,0,5
שלשימ,שלשים,tres,0,5
שלשימ,שלשים,terni,0,5
שלשימ,שלשים,triceni,0,5
שלשימ,שלשים,triginta,0,5
שלשימ,שלשים,treceni,0,5
שלשימ,שלשים,trecenti,0,5
שלשימ,שלשים,tertius,4,5
שלשימ,שלשים,tertio,0,5
שלשימ,שלשים,tripedaneus,0,5
שלשמ,שלשם,dies,0,0
שלשמ,שלשם,hodie,0,0
שלשמ,שלשם,itis,0,0
שלשמ,שלשם,diei,0,0
שלשמ,שלשם,lux,0,0
שלשמ,שלשם,tertius,0,0
שלשמ,שלשם,tertio,0,0
שמ,שם,ibi,304,1313
שמ,שם,impono,9,1313
שמ,שם,impetus,2,1313
שמ,שם,oppugno,0,1313
שמ,שם,constituo,17,1313
שמ,שם,pono,61,1313
שמ,שם,nomen,574,1313
שמ,שם,uerbum,28,1313
שמ,שם,sermo,20,1313
שמ,שם,nomino,12,1313
שמ,שם,cognominis,0,1313
שמ,שם,caelum,31,1313
שמ,שם,caelus,0,1313
שמ,שם,hercules,0,1313
שמ,שם,polus,0,1313
שמ,שם,caeli,0,1313
שמ,שם,aether,0,1313
שמ,שם,totus,9,1313
שמ,שם,uniuersus,49,1313
שמ,שם,cunctus,53,1313
שמ,שם,omnis,178,1313
שמ,שם,signum,7,1313
שמ,שם,symbolus,0,1313
שמ,שם,loco,0,1313
שמ,שם,statuo,4,1313
שמ,שם,colloco,1,1313
שמ,שם,locus,129,1313
שמ,שם,regio,15,1313
שמ,שם,ager,13,1313
שמונימ,שמונים,octoginta,0,0
שמונימ,שמונים,octogeni,0,0
שמונימ,שמונים,octogenarius,0,0
שמחימ,שמחים,gaudeo,0,0
שמחימ,שמחים,laetor,0,0
שמחימ,שמחים,ualeo,0,0
שמחימ,שמחים,laeto,0,0
שמחימ,שמחים,grando,0,0
שמחימ,שמחים,gaudium,0,0
שמחימ,שמחים,fruor,0,0
שמחימ,שמחים,delecto,0,0
שמחימ,שמחים,uoluptas,0,0
שמחימ,שמחים,laetitia,0,0
שמימ,שמים,aurora,0,313
שמימ,שמים,mane,2,313
שמימ,שמים,usque,14,313
שמימ,שמים,dum,0,313
שמימ,שמים,quoad,0,313
שמימ,שמים,donec,7,313
שמימ,שמים,caelum,297,313
שמימ,שמים,caelus,0,313
שמימ,שמים,hercules,0,313
שמימ,שמים,polus,0,313
שמימ,שמים,caeli,0,313
שמימ,שמים,aether,1,313
שמימ,שמים,pono,8,313
שמימ,שמים,loco,0,313
שמימ,שמים,statuo,1,313
שמימ,שמים,colloco,0,313
שמימ,שמים,locus,14,313
שממ,שמם,solitudo,8,70
שממ,שמם,desero,10,70
שממ,שמם,mictus,0,70
שמנ,שמן,oleum,124,175
שמנ,שמן,olearius,0,175
שמנ,שמן,olearis,0,175
שמנ,שמן,unguentum,12,175
שמנימ,שמנים,centum,0,0
שמנימ,שמנים,octoginta,0,0
שמנימ,שמנים,octogeni,0,0
שמנימ,שמנים,octogenarius,0,0
שמנימ,שמנים,quinquaginta,0,0
שמנימ,שמנים,quindecim,0,0
שמנימ,שמנים,quinque,0,0
שמעימ,שמעים,audio,0,0
שמעימ,שמעים,exaudio,0,0
שמעימ,שמעים,ausculto,0,0
שמעינ,שמעין,audio,0,0
שמעינ,שמעין,exaudio,0,0
שמעינ,שמעין,ausculto,0,0
שמעתמ,שמעתם,audio,0,0
שמעתמ,שמעתם,exaudio,0,0
שמעתמ,שמעתם,ausculto,0,0
שמרימ,שמרים,custodia,0,1
שמרימ,שמרים,uigilia,0,1
שמרימ,שמרים,praesidium,0,1
שמרימ,שמרים,carcer,0,1
שמרימ,שמרים,uinculum,0,1
שמרימ,שמרים,custos,0,1
שנ,שן,promunturium,0,44
שנ,שן,succinctus,0,44
שנ,שן,duo,0,44
שנ,שן,uterque,1,44
שנ,שן,uter,0,44
שנ,שן,bini,0,44
שנ,שן,eboreus,0,44
שנ,שן,ebur,2,44
שנ,שן,uia,0,44
שנ,שן,iter,0,44
שנ,שן,semita,0,44
שנ,שן,modus,1,44
שנ,שן,dens,26,44
שנימ,שנים,decem,15,656
שנימ,שנים,deni,1,656
שנימ,שנים,alter,30,656
שנימ,שנים,deinde,0,656
שנימ,שנים,iterum,0,656
שנימ,שנים,secundo,0,656
שנימ,שנים,proximus,4,656
שנימ,שנים,secundus,19,656
שנימ,שנים,centum,35,656
שנימ,שנים,ducenti,11,656
שנימ,שנים,duceni,0,656
שנימ,שנים,duplus,0,656
שנימ,שנים,duplex,5,656
שנימ,שנים,duo,382,656
שנימ,שנים,uter,1,656
שנימ,שנים,bini,11,656
שנימ,שנים,duodecim,90,656
שנימ,שנים,duodecimus,18,656
שנימ,שנים,uncia,0,656
שנימ,שנים,uicesimus,11,656
שנימ,שנים,uiginti,34,656
שנימ,שנים,uiceni,0,656
שנימ,שנים,annus,74,656
שנימ,שנים,anni,0,656
שנימ,שנים,sexageni,0,656
שנימ,שנים,sexagenarius,0,656
שנימ,שנים,incassus,0,656
שנימ,שנים,emissicius,0,656
שנימ,שנים,triceni,0,656
שנימ,שנים,triginta,36,656
שנינ,שנין,differo,0,0
שנינ,שנין,dissentio,0,0
שנינ,שנין,disto,0,0
שנינ,שנין,supero,0,0
שנינ,שנין,uinco,0,0
שנינ,שנין,intersum,0,0
שנינ,שנין,dens,0,0
שנתימ,שנתים,alter,0,0
שנתימ,שנתים,deinde,0,0
שנתימ,שנתים,iterum,0,0
שנתימ,שנתים,secundo,0,0
שנתימ,שנתים,proximus,0,0
שנתימ,שנתים,secundus,0,0
שנתימ,שנתים,duo,0,0
שנתימ,שנתים,uter,0,0
שנתימ,שנתים,bini,0,0
שנתימ,שנתים,annus,0,0
שנתימ,שנתים,incassus,0,0
שנתימ,שנתים,emissicius,0,0
שערימ,שערים,hordeum,0,3
שערימ,שערים,hordeius,0,3
שערימ,שערים,porta,1,3
שערימ,שערים,ianua,0,3
שערימ,שערים,fores,0,3
שערימ,שערים,limen,0,3
שערימ,שערים,ostium,0,3
שערימ,שערים,portae,0,3
שפטימ,שפטים,arbiter,0,0
שפכ,שפך,effundo,61,94
שפכ,שפך,offundo,0,94
שפכ,שפך,defundo,0,94
שפתימ,שפתים,labium,1,1
שפתימ,שפתים,labrum,0,1
שקוצ,שקוץ,abominatio,13,23
שקוצימ,שקוצים,abominatio,0,0
שקימ,שקים,cilicium,0,0
שקימ,שקים,saccus,0,0
שקצ,שקץ,idolum,0,14
שקצ,שקץ,simulacrum,0,14
שקצ,שקץ,imaginis,0,14
שקצ,שקץ,umbra,0,14
שקצ,שקץ,imago,0,14
שרימ,שרים,praetor,0,0
שרצ,שרץ,pareas,0,21
ששונ,ששון,hippegus,0,17
ששונ,ששון,gaudimonium,0,17
ששונ,ששון,laetatio,0,17
ששונ,ששון,dilaudo,0,17
ששונ,ששון,collaudatio,0,17
ששונ,ששון,festiuitas,0,17
ששימ,ששים,duo,0,0
ששימ,ששים,uter,0,0
ששימ,ששים,bini,0,0
ששימ,ששים,centum,0,0
ששימ,ששים,sexageni,0,0
ששימ,ששים,sexagenarius,0,0
ששימ,ששים,quinquaginta,0,0
ששימ,ששים,quindecim,0,0
ששימ,ששים,quinque,0,0
ששימ,ששים,treceni,0,0
ששימ,ששים,trecenti,0,0
שתימ,שתים,decem,0,0
שתימ,שתים,deni,0,0
שתימ,שתים,alter,0,0
שתימ,שתים,deinde,0,0
שתימ,שתים,iterum,0,0
שתימ,שתים,secundo,0,0
שתימ,שתים,proximus,0,0
שתימ,שתים,secundus,0,0
שתימ,שתים,duo,0,0
שתימ,שתים,uter,0,0
שתימ,שתים,bini,0,0
שתימ,שתים,duodecim,0,0
שתימ,שתים,bibo,0,0
שתימ,שתים,poto,0,0
שתימ,שתים,potus,0,0
שתינ,שתין,sexageni,0,2
שתינ,שתין,sexagenarius,0,2
תאבדונ,תאבדון,pereo,0,0
תאבדונ,תאבדון,perdo,0,0
תאבדונ,תאבדון,amitto,0,0
תאבדונ,תאבדון,mors,0,0
תאבדונ,תאבדון,deleo,0,0
תאבדונ,תאבדון,intereo,0,0
תאבדונ,תאבדון,ruina,0,0
תאבדונ,תאבדון,disperdo,0,0
תאבדונ,תאבדון,interfacio,0,0
תאבדונ,תאבדון,morior,0,0
תאבדונ,תאבדון,exitium,0,0
תאבדונ,תאבדון,occido,0,0
תאמרונ,תאמרון,dico,0,0
תאמרונ,תאמרון,loquor,0,0
תאמרונ,תאמרון,aio,0,0
תאמרונ,תאמרון,uoco,0,0
תאמרונ,תאמרון,appello,0,0
תבנ,תבן,apluda,0,16
תברכ,תברך,benedico,0,0
תדברונ,תדברון,loquor,0,0
תדברונ,תדברון,fabulor,0,0
תהומ,תהום,abyssus,21,23
תהמ,תהם,persono,0,0
תוכ,תוך,intus,0,371
תוכ,תוך,familia,3,371
תוכ,תוך,medius,262,371
תוכ,תוך,medion,0,371
תוכ,תוך,centrum,0,371
תוכ,תוך,medio,0,371
תוספ,תוסף,accedo,0,0
תוספ,תוסף,adicio,0,0
תוספ,תוסף,adiungo,0,0
תוספ,תוסף,addo,0,0
תורינ,תורין,monstrificus,0,0
תחנונ,תחנון,indigeo,0,6
תימנ,תימן,libonotus,0,31
תימנ,תימן,meridies,7,31
תימנ,תימן,meridianus,6,31
תימנ,תימן,australis,0,31
תימנ,תימן,auster,11,31
תכינ,תכין,praeparo,0,0
תלכ,תלך,discedo,0,0
תלכ,תלך,recedo,0,0
תלכ,תלך,abeo,0,0
תלתינ,תלתין,triceni,0,0
תלתינ,תלתין,triginta,0,0
תמ,תם,acacia,0,26
תמ,תם,mundus,0,26
תמ,תם,purus,1,26
תמ,תם,finis,0,26
תמ,תם,exitus,0,26
תמ,תם,euentus,0,26
תמ,תם,legio,0,26
תמ,תם,extremus,0,26
תמ,תם,posterus,0,26
תמ,תם,denique,0,26
תמ,תם,nouissimus,1,26
תמימ,תמים,irreprehensus,0,77
תמימ,תמים,perficio,0,77
תמצאונ,תמצאון,inuenio,0,0
תמצאונ,תמצאון,reperio,0,0
תמרימ,תמרים,palma,0,0
תמתונ,תמתון,morior,0,0
תמתונ,תמתון,pereo,0,0
תמתונ,תמתון,occido,0,0
תמתונ,תמתון,cado,0,0
תמתונ,תמתון,mors,0,0
תמתונ,תמתון,interfacio,0,0
תמתונ,תמתון,occaedes,0,0
תמתונ,תמתון,obeo,0,0
תמתונ,תמתון,percutio,0,0
תנ,תן,do,1,14
תנ,תן,trado,0,14
תנ,תן,dono,0,14
תנ,תן,tribuo,0,14
תנ,תן,concedo,0,14
תנ,תן,soluo,0,14
תנ,תן,reddo,0,14
תנ,תן,stipendium,0,14
תנינ,תנין,draco,5,10
תנינ,תנין,serpens,1,10
תנינ,תנין,anguis,0,10
תסגדונ,תסגדון,adoro,0,0
תסגדונ,תסגדון,colo,0,0
תסגדונ,תסגדון,basio,0,0
תספ,תסף,accedo,0,0
תספ,תסף,adicio,0,0
תספ,תסף,adiungo,0,0
תספ,תסף,addo,0,0
תספונ,תספון,accedo,0,0
תספונ,תספון,adicio,0,0
תספונ,תספון,adiungo,0,0
תספונ,תספון,addo,0,0
תענ,תען,rescribo,0,0
תענ,תען,exaudio,0,0
תענ,תען,respondeo,0,0
תפ,תף,tympanum,12,13
תפימ,תפים,tympanum,0,0
תפלונ,תפלון,cado,0,0
תפלונ,תפלון,concido,0,0
תפלונ,תפלון,ruo,0,0
תפלונ,תפלון,incido,0,0
תפלונ,תפלון,ruina,0,0
תקומ,תקום,surgo,0,0
תקומ,תקום,exsurgo,0,0
תקימ,תקים,sisto,0,0
תקימ,תקים,sto,0,0
תקימ,תקים,constituo,0,0
תקימ,תקים,erigo,0,0
תקמ,תקם,surgo,0,0
תקמ,תקם,exsurgo,0,0
תקפ,תקף,uis,0,6
תקפ,תקף,robur,0,6
תקפ,תקף,fortitudo,2,6
תקפ,תקף,potentia,0,6
תרומ,תרום,sublimo,0,0
תרמ,תרם,sublimo,0,0
תרנ,תרן,malus,2,3
תרנ,תרן,uelum,0,3
תרנ,תרן,tela,0,3
תרפימ,תרפים,idolum,1,15
תרפימ,תרפים,simulacrum,2,15
תרפימ,תרפים,imaginis,0,15
תרפימ,תרפים,umbra,0,15
תרפימ,תרפים,imago,0,15
תשימ,תשים,uerutum,0,0
תשימ,תשים,constituo,0,0
תשימ,תשים,pono,0,0
תשימ,תשים,loco,0,0
תשימ,תשים,statuo,0,0
תשימ,תשים,colloco,0,0
תשימ,תשים,locus,0,0
תשלימ,תשלים,libero,0,0
תשלימ,תשלים,deditio,0,0
תשלימ,תשלים,eruo,0,0
תשלימ,תשלים,eripio,0,0
תשלימ,תשלים,trado,0,0
תשמ,תשם,impono,0,0
תשמ,תשם,impetus,0,0
תשמ,תשם,oppugno,0,0
תשמ,תשם,pono,0,0
תשמ,תשם,loco,0,0
תשמ,תשם,statuo,0,0
תשמ,תשם,colloco,0,0
תשמ,תשם,locus,0,0
תשמעונ,תשמעון,audio,0,0
תשמעונ,תשמעון,exaudio,0,0
תשמעונ,תשמעון,ausculto,0,0
תשעימ,תשעים,centum,0,0
תשעימ,תשעים,ducenti,0,0
תשעימ,תשעים,duceni,0,0
תשעימ,תשעים,nonagenarius,0,0
תשעימ,תשעים,nonaginta,0,0
תשעימ,תשעים,quinquaginta,0,0
תשעימ,תשעים,quindecim,0,0
תשעימ,תשעים,quinque,0,0
תשקינ,תשקין,madefacto,0,0
תשתחוינ,תשתחוין,adoro,0,0
תשתחוינ,תשתחוין,colo,0,0
תשתחוינ,תשתחוין,basio,0,0
תתכ,תתך,do,0,0
תתכ,תתך,trado,0,0
תתכ,תתך,dono,0,0
תתכ,תתך,tribuo,0,0
תתכ,תתך,concedo,0,0
תתכ,תתך,soluo,0,0
תתכ,תתך,reddo,0,0
תתכ,תתך,stipendium,0,0
תתכ,תתך,dictum,0,0
תתכ,תתך,uerbum,0,0
תתכ,תתך,uox,0,0
תתכ,תתך,uersus,0,0
תתכ,תתך,sermo,0,0
תתכ,תתך,carmen,0,0
תתכ,תתך,poema,0,0
תתנ,תתן,uendo,0,0
תתנ,תתן,restituo,0,0
תתנ,תתן,soluo,0,0
תתנ,תתן,trado,0,0
תתנ,תתן,redeo,0,0
תתנ,תתן,reuorto,0,0
תתנ,תתן,stipendium,0,0
תתנ,תתן,libero,0,0
תתנ,תתן,reddo,0,0
תתנ,תתן,do,0,0
תתנ,תתן,dono,0,0
תתנ,תתן,tribuo,0,0
תתנ,תתן,concedo,0,0
תתנ,תתן,deditio,0,0
תתנ,תתן,eruo,0,0
תתנ,תתן,eripio,0,0
