hebrew,greek,cooccurrences,ratio
אשר,μακαριοσ,35,5.20
כל,αρσενικοσ,37,5.16
כל,ερπετοσ,13,5.58
כל,λατρευτοσ,13,5.58
כל,δυναμεισ,12,5.15
אמר,γιεζειοσ,11,5.25
לא,ουχι,116,5.09
לא,λατρευτοσ,13,5.92
לא,ουτε,12,5.08
בן,αμμων,56,5.52
בן,ελεαζαρ,35,6.34
בן,ενιαυσιοσ,32,6.30
בן,εικοσαετησ,30,6.48
בן,βαναιοσ,28,5.07
בן,υιρι,18,6.70
בן,ενιαυυιον,18,6.35
בן,γεννασ,17,6.70
בן,ναυη,16,5.95
בן,ισμαηλ,16,5.36
בן,σαρουιοσ,15,6.28
בן,δυναμεισ,13,6.70
בן,δαμαλεω,12,6.18
בן,νηρ,12,5.36
בן,οζειοσ,12,5.02
בן,ιωαθαμ,12,5.02
בן,ρομελιοσ,11,6.70
בן,φεινεα,11,6.14
בן,πεντησ,11,6.14
בן,τραγυσ,11,6.14
בן,αμνηδειοσ,11,5.67
בן,ιωαχοσ,11,5.26
בן,νοσσοσ,10,6.70
בן,αμμον,10,5.58
בן,εμμωρ,10,5.58
בן,ταγμα,10,5.58
ל,βαδιζοσ,15,5.06
ל,σκανδαλον,10,5.06
כי,οτι,1955,5.13
כי,διοτι,209,5.25
היה,ιστισ,36,5.69
היה,διεξοδοσ,20,6.19
מלך,ασσυριοσ,66,7.57
מלך,βιβλιον,59,5.73
מלך,βαβυλων,49,6.60
מלך,λοιποσ,48,6.47
מלך,συρια,41,5.53
מלך,δανιηλ,38,6.12
מלך,ιωη,32,7.34
מלך,μαρδοχαιοσ,28,6.86
מלך,ιωσαφατ,28,5.70
מלך,αμαν,26,9.67
מלך,ναβουχοδονοροσ,26,8.76
מלך,ιουδαιοσ,24,5.88
מלך,ροβοαμ,23,6.36
מלך,ιωδησ,23,6.20
מלך,ιωραμ,22,6.98
מלך,ση,20,7.44
מלך,εσθηρ,19,7.59
מלך,ευνουχοσ,19,7.06
מלך,ασασ,18,6.26
מלך,αχαζ,17,8.33
מלך,ιωαθαμ,15,10.11
מלך,εζεκιοσ,15,7.70
מלך,οχοζειοσ,14,7.95
מלך,ασσοσ,14,5.21
מלך,αμωσ,14,5.21
מלך,ιωαχοσ,13,10.01
מלך,αρταξερξησ,13,10.01
מלך,ιωσαφοσ,13,8.76
מלך,ιωακειμ,13,7.79
מלך,αζαηλ,13,7.38
מלך,βασιλισσα,13,7.01
מלך,αδρααζαρ,12,7.19
מלך,μηδοσ,11,8.47
מלך,αδωνειοσ,11,6.59
מלך,αδιρ,11,6.59
מלך,ιωσιασ,11,6.59
מלך,βασιλικοσ,10,10.78
מלך,απαντησ,10,6.34
עם,ιλαοσ,11,5.09
עשה,ποιεω,1594,8.00
עשה,ησαυ,68,8.29
עשה,λατρευτοσ,13,9.75
עשה,ποτοσ,13,5.07
עשה,πασχα,12,5.57
עשה,ποιηθησοσ,11,8.25
עשה,εξημαρτοσ,11,5.96
אלהים,λατρευω,22,7.60
אלהים,λατρευισ,18,8.48
אלהים,εκλεξητησ,15,8.18
אלהים,θεοοσ,11,6.33
אלהים,παραδεισοσ,11,5.43
אלהים,ψαλλω,11,5.18
אלהים,ενκατελιποσ,10,7.97
אלהים,σωτηρ,10,5.45
בוא,ηκω,126,8.85
בוא,φερω,93,6.00
בוא,εισαγω,58,8.56
בוא,παραγιγνομαι,55,8.35
בוא,εισπορευομαι,42,9.86
בוא,εισηνεγκοσ,21,8.67
בוא,εσωτεροσ,16,5.90
בוא,επαγω,16,5.70
בוא,ελθοσοσ,13,8.95
בוא,ποθεν,13,5.16
בוא,εισελευσ,11,9.47
בוא,εισοισισ,10,7.94
בוא,απαντησισ,10,5.16
דבר,γραφω,68,6.09
דבר,βιβλιον,60,6.39
דבר,λοιποσ,43,6.35
דבר,λυλησων,36,10.91
דבר,ελαλησ,33,10.83
דבר,λαλασοσ,22,10.40
דבר,λαλυσ,12,10.13
דבר,ησαιασ,11,5.42
דבר,λαλεσισ,10,9.85
ישראל,ισραηλισ,63,9.04
ישראל, ισραησ,39,9.46
ישראל, ισραηλ,36,10.19
ישראל,λυλησων,26,6.79
ישראל,εξημαρτοσ,15,8.49
ישראל,σραηλ,10,10.19
ארץ,χανααν,58,7.54
ארץ,κληρονομεω,38,5.39
ארץ,γαη,36,9.70
ארץ,λιμοσ,27,5.20
ארץ,χαναναιοσ,22,5.27
ארץ,γαλα,18,5.39
ארץ,γηνυσ,17,9.65
ארץ,ρεοισα,14,9.44
ארץ,πετεινοσ,10,5.68
בית,πατριον,51,7.33
בית,βαιθοσ,30,11.10
בית,εικοσαετησ,17,6.70
בית,βαιθλευσ,14,12.21
בית,εσωτεροσ,13,5.67
בית,δυναμεισ,12,11.28
בית,πατρια,12,5.05
בית,οικιοσ,10,11.10
בית,παραπικρεινοσ,10,11.10
בית,κεδρινοσ,10,8.14
בית,οικοι,10,7.19
בית,αχααβ,10,6.79
יום,εκεινοσ,236,6.11
יום,χρονοσ,20,5.48
יום,ογδοοσ,19,6.19
יום,ημεραιοσ,18,10.84
יום,βιοσ,14,9.37
יום,λατρευτοσ,12,11.12
יום,πεντεκαιδεκατοσ,12,8.03
יום,τεσσαρεσκαιδεκατοσ,10,7.09
פנה,ενωπιον,216,6.34
פנה,εναντιον,168,5.60
פנה,εναντι,126,7.89
פנה,προ,95,6.87
פנה,εμπροσθεν,78,8.33
פנה,απεναντι,37,6.28
פנה,προτεροσ,22,5.48
פנה,προσαωπον,15,10.51
פנה,βλεπουσ,14,7.84
פנה,επιβλεπω,12,5.17
פנה,γωνια,11,9.48
פנה,αποστρεψ,11,7.25
איש,πλησιον,52,5.33
איש,παραταξισ,18,5.36
איש,πολεμιστοσ,14,9.21
איש,πολεμιστησ,10,8.33
נתן,ναθοσ,36,11.68
נתן,λευενοσ,20,6.84
נתן,δωσετειοσ,17,10.76
שם,εκειθεν,90,14.16
שם,επικαλεω,29,8.53
שם,εκεισ,23,12.60
שם,επωνομασοσ,19,13.72
שם,συλλαμβανω,14,5.17
יד,παραδιδωμι,75,10.05
יד,εκτεινω,43,11.52
יד,κραταιοσ,24,7.15
יד,εξαιρεω,20,5.64
הוא,εκεινοσ,282,9.32
הוא,εστινοσ,38,11.45
הוא,λεπρα,18,7.68
הוא,ασχημοσυνη,12,8.78
הוא,εξολεθρευω,11,10.57
הוא,λευκοσ,11,6.04
הוא,μιανησ,10,13.97
מן,δερμαω,11,15.44
מן,οψισ,10,6.76
הלך,οδοσ,158,5.03
הלך,απερχομαι,73,13.54
הלך,δευρο,36,11.93
הלך,πορευω,23,17.78
הלך,δευτε,21,12.17
הלך,επορευθησ,20,18.55
הלך,προσταγμα,18,7.10
הלך,πορευοσ,15,14.65
הלך,πορευθησ,13,18.55
עד,εωσ,800,14.82
עד,αιων,109,6.43
עד,εσπερα,41,8.89
עד,μαρτυσ,31,14.68
עד,πλυνησ,17,10.55
עד,καταλειπω,17,5.01
עד,δαν,15,5.62
עד,λουσητησ,14,10.95
עד,εισπορευομαι,14,5.72
עד,μεχρι,12,14.39
עד,αρνοσ,12,5.83
עד,χειμαρροσ,12,5.40
עד,δυσμη,11,5.50
עד,εσπεραιοσ,10,13.84
ראה,φοβεω,74,8.56
ראה,δεικνυμι,44,11.98
ראה,ειδοσ,21,6.76
ראה,οψισ,15,9.83
ראה,λεπρα,15,7.37
ראה,δερμα,14,5.38
ראה,αναβλεπω,13,12.11
ראה,δερμαω,11,14.97
ראה,λευκοσ,11,6.95
ראה,ιδη,10,14.74
ראה,θριξ,10,6.10
ב,μωμοσ,14,16.76
ב,ελπιζω,12,5.67
אם,εαν,369,8.90
אם,ει,236,7.89
אם,αλλα,68,5.24
אם,χαρισ,17,5.09
אם,μεν,12,5.16
אב,πατριον,73,17.81
אב,μητηρ,63,7.10
אב,κοιμαομαι,37,8.16
אב,θαπτω,34,8.10
אב,δημοσ,32,5.31
אב,ομνυμι,30,7.41
אב,ισαακ,27,5.54
אב,πατρια,17,12.16
אב,εικοσαετησ,17,11.37
אב,αβια,15,14.81
אב,γενεσισ,15,8.19
אב,αρσενικοσ,14,7.26
אב,δυναμεισ,12,19.14
אב,ελεαζαρ,11,6.17
אב,ταφοσ,11,6.00
עלה,θυσια,75,6.03
עלה,ολοκαυτωσισ,51,19.69
עלה,κριοσ,42,7.08
עלה,μοσχοσ,38,5.81
עלה,αναφερω,37,15.72
עלה,αμνοσ,35,7.08
עלה,αναγω,32,15.45
עלה,οσμη,24,8.36
עלה,ολοκαυτωμοσ,23,20.35
עלה,αμωμοσ,22,6.58
עלה,ευωδια,21,9.91
עלה,σπονδη,19,12.23
עלה,ανηβηθισ,16,18.88
עלה,ενιαυυιον,16,17.88
עלה,αναβησοσ,16,16.99
עלה,εορτη,16,5.23
עלה,χιμαροσ,15,8.38
עלה,προσφερω,14,5.13
עלה,ενιαυσιοσ,11,6.87
עלה,κορυφη,11,6.15
עלה,αναβαινοσ,10,21.24
ישב,θρονοσ,44,9.58
ישב,κατωκεσοσ,24,21.76
ישב,κατοικοσ,22,15.96
ישב,κατωκειον,21,20.77
ישב,αμορραιοσ,19,5.04
ישב,χαναναιοσ,15,7.25
ישב,απεστρεψησ,13,14.15
ישב,αποστρεψισ,12,7.25
ישב,κατοικησοσ,11,14.08
ישב,προτεροσ,11,5.32
ישב,ετοιμοσ,10,6.22
שמע,φωνη,180,11.78
שמע,εισακουσοσ,27,17.43
שמע,δεησισ,26,12.08
שמע,προσευχη,25,10.96
שמע,εισηκουσισ,24,19.23
שמע,ουσ,18,6.64
שמע,εισηκουσησ,14,20.33
שמע,προσεχω,14,7.07
שמע,εισακουσησ,13,17.77
שמע,ακουστοσ,11,23.24
שמע,εισακουσ,10,16.60
עבד,προσκυνεω,33,5.65
עבד,λατρευισ,22,22.61
עבד,παιδισκη,20,8.22
עבד,ελαλησ,16,10.05
עבד,λειτουργια,13,10.50
הנה,ωδε,22,8.83
הנה,οψισ,12,10.00
הנה,λευκοσ,10,8.03
הנה,επαγω,10,7.75
דוד,σαυλοσ,115,8.65
דוד,αλλοφυλοσ,53,5.96
דוד,τελοσ,39,7.07
דוד,ιωναθοσ,34,9.00
דוד,καθιζω,28,5.43
דוד,θαπτω,24,6.20
דוד,ιωαβοσ,22,5.44
דוד,αβεννηρ,20,9.78
דוד,χεβροσ,20,7.14
דוד,δαυιιδοσ,17,21.24
דוד,αδελφιδοσ,16,19.99
דוד,αγχοσ,15,17.75
דוד,ναθοσ,15,8.65
דוד,αδρααζαρ,13,16.24
דוד,κεειλοσ,12,19.28
דוד,μελχοσ,12,10.38
דוד,ιεσσαι,12,8.71
דוד,ωδη,11,7.07
דוד,δαυιδιοσ,10,22.49
דוד,ερωταω,10,7.50
יצא,αιγυπτοσ,98,5.33
יצא,εκφερω,23,18.35
יצא,εκειθεν,23,5.27
יצא,εξω,22,6.79
יצא,εξοδοσ,20,11.28
יצא,συναντοσιοσ,18,9.91
יצא,επανω,18,5.27
יצא,εικοσαετησ,16,11.94
יצא,κραταιοσ,14,6.00
יצא,δυναμεισ,12,21.35
יצא,αρσενικοσ,12,6.94
יצא,εξηγαγω,11,23.13
יצא,εισπορευομαι,11,5.78
יצא,εξαγαγοσ,10,21.03
שנים,αμφοτεροι,37,19.92
שנים,μεισ,37,5.89
שנים,κριοσ,35,7.03
שנים,εκατον,33,6.14
שנים,αμφοτεροσ,28,16.10
שנים,ενιαυσιοσ,27,20.09
שנים,αμνοσ,23,5.54
שנים,κοκκινοσ,21,14.76
שנים,εβδομηκοντα,20,7.44
שנים,σεμιδαλησ,19,13.73
שנים,τεσσερακοντα,17,5.06
שנים,αμωμοσ,16,5.70
שנים,αναπεποιημνησ,15,19.97
שנים,βυσσοσ,14,11.07
שנים,σικλοσ,14,10.12
שנים,φιαλη,13,13.70
שנים,αργυρεοσ,13,9.40
שנים,τρυβλιον,12,23.35
שנים,αργυροω,12,20.24
שנים,ολκοσ,12,16.87
שנים,λιμοσ,12,5.42
שנים,θυσιανοσ,11,23.19
שנים,δαμαλεω,11,21.41
שנים,αμνηδειοσ,11,21.41
שנים,οκτω,11,6.05
שנים,μισχοσ,11,5.68
שנים,πεντησ,10,21.08
שנים,τραγυσ,10,21.08
שנים,πορφυρα,10,8.43
לקח,λημψοσ,53,19.24
לקח,σεαυτου,31,5.24
לקח,δεχομαι,18,13.68
לקח,λημψομαι,15,18.25
אחד,αμνοσ,37,10.47
אחד,βουσ,33,5.54
אחד,κριοσ,30,7.08
אחד,δευτεροσ,30,6.02
אחד,αιξ,29,12.49
אחד,μοσχοσ,29,6.20
אחד,πληρησ,27,8.54
אחד,μεισ,27,5.05
אחד,χιμαροσ,25,19.55
אחד,χρυσεοσ,22,5.40
אחד,αμφοτεροι,21,13.28
אחד,σεμιδαλησ,19,16.13
אחד,εβδομηκοντα,18,7.87
אחד,πηχυσ,17,6.32
אחד,ενιαυυιον,14,21.90
אחד,αναπεποιημνησ,14,21.90
אחד,απαξ,14,15.41
אחד,σικλοσ,14,11.89
אחד,τρυβλιον,13,29.72
אחד,αμαρτιη,13,21.47
אחד,φιαλη,13,16.10
אחד,δωδεκα,13,7.89
אחד,ολοκαυτωσισ,13,7.02
אחד,αμωμοσ,13,5.44
אחד,αργυροω,12,23.78
אחד,ολκοσ,12,19.81
אחד,ολοκαυτωμοσ,12,14.86
אחד,αργυρεοσ,12,10.19
אחד,θυσιανοσ,11,27.24
אחד,θυμιαματοσ,11,27.24
אחד,θυισκησ,11,21.80
אחד,σπονδη,11,9.91
אחד,ενιαυσιοσ,11,9.62
אחד,δεκατοσ,11,8.17
אחד,μετρον,11,6.29
מות,αποκτεινω,32,7.89
מות,θαπτω,25,8.01
מות,θανοσ,24,26.76
מות,θανατοω,23,26.72
מות,νεκροσ,18,13.94
מות,αποθανοσ,17,22.57
מות,αιδησ,17,9.11
מות,αποθανουντοσ,15,26.14
מות,αυτονησ,11,5.03
מות,αναιρεω,10,8.99
מות,ιωδησ,10,6.97
ידע,επισταμαι,27,18.36
ידע,γνωριζω,26,26.53
ידע,επιγιγνωσκω,25,17.00
ידע,συγκρισισ,13,9.58
ידע,γνωσισ,12,7.58
ידע,γνωστοσ,11,24.32
ידע,ενυπνιον,10,5.41
שוב,αποδιδωμι,32,10.50
שוב,σαββατον,20,9.85
שוב,αιχμαλωσια,14,12.95
שוב,ανομοσ,12,6.32
שוב,παλιν,11,9.88
אחר,μετα,254,5.30
אחר,οπισω,205,23.58
אחר,ετεροσ,75,17.05
אחר,οπισθεν,22,26.47
אחר,γεννασ,17,28.87
אחר,αλλοσ,17,5.06
אחר,κατοπισθεν,15,25.48
אחר,καταδιωκω,14,13.94
אחר,διωκω,11,8.14
אחר,αβεννηρ,11,6.90
אלה,ουτοσ,504,6.38
אלה,δημοσ,28,6.66
אלה,γενεσισ,21,16.42
אלה,πατριον,19,6.64
אלה,ηγεμων,13,19.32
אלה,δανιηλ,13,5.77
אלה,επισκεψισ,10,8.49
עין,πονηροσ,68,8.26
עין,χαρισ,42,16.27
עין,ευθυσ,29,7.31
עין,φαινω,15,12.53
עין,ουσ,15,6.37
עין,αρεστοσ,10,22.28
שלח,αγγελοσ,54,7.70
שלח,εξαποστειλοσ,30,25.66
שלח,εξαποστελησ,23,27.05
שלח,ιουδαιοσ,10,6.42
אתה,ει,132,5.97
אתה,κληρονομεω,15,5.52
שבע,ομνυμι,76,26.24
שבע,εβδομηκοντα,52,22.17
שבע,εβδομοσ,33,10.75
שבע,βηρσαβειοσ,18,23.72
שבע,εορτη,17,7.58
שבע,τεσσερακοντα,16,5.46
שבע,ομοσοσ,15,24.16
שבע,αμφοτεροι,15,9.25
שבע,σικλοσ,14,11.60
שבע,τρυβλιον,13,29.00
שבע,φιαλη,13,15.71
שבע,αργυροω,12,23.20
שבע,ολκοσ,12,19.33
שבע,αναπεποιημνησ,12,18.31
שבע,σεμιδαλησ,12,9.94
שבע,αργυρεοσ,12,9.94
שבע,θυσιανοσ,11,26.58
שבע,δαν,11,6.65
שבע,αζυμοσ,10,7.44
שבע,πιμπλημι,10,7.25
קרא,ονομα,164,6.52
קרא,συναντοσιοσ,39,25.33
קרא,τικτω,30,5.76
קרא,επωνομασοσ,20,24.80
קרא,κηρυσσω,15,19.48
קרא,εκκραζω,15,18.60
קרא,συλλαμβανω,13,8.25
קרא,απαντησ,12,19.25
קרא,επικαλεσοσ,10,24.80
קרא,απαντησισ,10,13.64
קרא,εναντιοσ,10,6.82
אני,γιγνωσκω,75,5.19
אני,διοτι,44,5.25
אני,επιγιγνωσκω,14,10.45
אני,αγιαζω,12,6.47
אכל,αρτοσ,80,11.37
אכל,πυρ,72,7.63
אכל,πινω,48,11.16
אכל,φυγεσθησ,44,28.07
אכל,κρεασ,34,16.44
אכל,θηριον,21,6.77
אכל,ακαθαρτοσ,21,5.29
אכל,αζυμοσ,20,15.38
אכל,καρποσ,20,6.74
אכל,εδεται,18,28.41
אכל,εδεσθοσ,17,28.32
אכל,εσθω,13,25.99
אכל,μελι,13,8.86
אכל,φαγεσθοσ,12,27.68
אכל,βρωθησοσ,11,25.37
אכל,τραπεζα,11,5.59
אכל,γενημα,10,7.50
אשה,θυγατηρ,88,7.26
אשה,τικτω,33,6.98
אשה,οσμη,28,13.78
אשה,ευωδια,26,17.35
אשה,παιδιον,19,6.14
אשה,αδελφη,18,6.14
אשה,αμφοτεροσ,12,8.19
אשה,σαρρα,11,11.01
אשה,γυναικασ,10,30.03
אשה,ασχημοσυνη,10,14.30
אשה,αδαμ,10,12.51
אשה,κοιτη,10,5.27
יהודה,βασιλευω,49,7.82
יהודה,βιβλιον,32,10.95
יהודה,γραφω,31,8.92
יהודה,εφραιμ,28,7.49
יהודה,λοιποσ,21,9.97
יהודה,βενιαμ(ε)ιν,21,6.38
יהודה,ιωσαφατ,19,13.61
יהודה,ιωη,18,14.54
יהודה,ιεροβοσ,18,7.59
יהודה,σαμαρειοσ,16,7.79
יהודה,ασασ,13,15.92
יהודה,πολεμεω,13,6.41
יהודה,ιουδαισ,12,32.55
יהודה,εζεκιοσ,12,21.70
יהודה,συμεων,12,10.36
יהודה,ιωραμ,11,12.29
יהודה,ροβοαμ,11,10.71
יהודה,εζεκιασ,11,5.22
יהודה,οχοζειοσ,10,19.99
יהודה,αμασειοσ,10,19.99
כהן,θυσιαστηριον,51,6.62
כהן,ααρων,43,5.41
כהן,εναντι,35,7.21
כהן,αφιημι,34,12.66
כהן,λευιτοσ,32,19.03
כהן,επιτιθημι,28,5.52
כהן,ιησουσ,25,5.21
כהן,κιβωτοσ,24,6.32
כהן,ολοκαυτωμα,22,6.24
כהן,μαρτυριον,22,5.27
כהן,εξιλασετησ,21,24.97
כהן, ελεαζοσ,19,33.36
כהן,αβιαθαρ,19,25.02
כהן,σαδωκ,19,22.60
כהן,δερμα,19,15.23
כהן,λεπρα,18,18.43
כהן,ιωδησ,18,16.59
כהן,λειτουργοσ,18,9.62
כהן,ελεαζαρ,15,14.95
כהן,λευιτον,14,12.90
כהן,δερμαω,12,34.03
כהן,ιερεοσ,12,29.49
כהן,λευκοσ,12,15.80
כהן,καθαριζω,12,12.64
כהן,σαλπιγξ,12,7.50
כהן,αφοριησ,11,31.20
כהן,σωτηριοσ,11,6.34
כהן,μιανησ,10,33.52
כהן,ανοισισ,10,16.03
כהן,θριξ,10,12.71
כהן,ευωδια,10,8.19
כהן,θυω,10,6.36
כהן,οσμη,10,6.04
משה,λαλεω,135,6.05
משה,ααρων,114,11.97
משה,εντελλω,55,6.36
משה,συντασσω,43,17.87
משה,μωσοσ,40,27.34
משה,συναγωγη,36,6.84
משה,φαραω,36,5.35
משה,τροποσ,32,5.79
משה,μαρτυριον,29,5.79
משה,καθα,25,9.27
משה,γαμβροσ,16,22.37
משה,ραβδοσ,16,6.15
משה, ελεαζοσ,13,19.04
משה,καθαπερ,13,9.52
משה,εκτεινω,13,6.66
משה,θεραπων,12,9.23
משה,περαν,12,5.77
משה, ισραησ,10,7.32
גם,γε,60,26.80
גם,εχθεσ,10,13.09
אין,βοηθοσ,10,7.75
נפש,εξολεθρευω,11,23.43
נפש,ευχη,10,6.31
עיר,οικοδομεω,26,6.14
עיר,κωμη,23,21.20
עיר,θαπτω,21,8.90
עיר,δημοσ,17,5.01
עיר,οχυροσ,15,23.04
עיר,κοιμαομαι,15,5.88
עיר,αφωρισμονοσ,13,25.22
עיר,λευενοσ,12,11.96
עיר,εξω,12,5.90
עיר,τειχοσ,12,5.53
עיר,οχυρα,10,30.72
נזה,ουτοσ,416,6.60
נזה,ρημα,68,6.58
נזה,σημερον,37,6.93
נזה,βιβλιον,15,5.04
נזה,ελεισειοσ,11,6.03
נזה,επτακισ,10,19.62
מאה,ετοσ,67,6.78
מאה,τετρακοσιοι,39,39.78
מאה,πεντακοσιοι,39,37.07
מאה,τριακοντα,38,14.06
מאה,δυναμισ,37,5.16
מאה,εξακοσιοι,32,39.36
מאה,εβδομηκοντα,24,14.76
מאה,πεντε,24,5.74
מאה,γενναω,23,7.23
מאה,σικλοσ,21,25.09
מאה,αριθμοσ,21,7.44
מאה,επτακοσιοι,20,32.17
מאה,επισκεψισ,19,22.70
מאה,δυνατοσ,18,6.27
מאה,γεννασ,17,41.82
מאה,διακοσιοσ,17,39.49
מאה,τεσσερακοντα,17,8.36
מאה,ταλαντον,16,19.68
מאה,δημοσ,16,5.35
מאה,εξηκοντα,15,14.59
מאה,χιλιοι,15,11.20
מאה,πατριον,15,7.38
מאה,ολκοσ,14,32.53
מאה,φιαλη,14,24.39
מאה,αργυρεοσ,14,16.73
מאה,πληρησ,14,6.23
מאה,τρυβλιον,13,41.82
מאה,χιλιαρχοσ,13,24.71
מאה,αργυροω,12,33.45
מאה,αναπεποιημνησ,12,26.41
מאה,ογδοηκοντα,12,19.30
מאה,σεμιδαλησ,12,14.34
מאה,αμφοτεροι,12,10.68
מאה,πηχυσ,12,6.27
מאה,θυσιανοσ,11,38.33
מאה,μηκοσ,11,6.13
מאה,επεσκεμμυνοσ,10,38.02
מאה,διεμετρησισ,10,13.94
קדש,ααρων,43,5.60
קדש,ελαιον,26,6.45
קדש,δωρον,22,5.92
קדש,μαρτυριον,21,5.21
קדש,σικλοσ,19,20.73
קדש,απαρχη,15,12.45
קדש,εβδομηκοντα,14,7.86
קדש,πληρησ,14,5.69
קדש,τρυβλιον,13,38.19
קדש,φιαλη,13,20.69
קדש,αργυρεοσ,13,14.18
קדש,αμφοτεροι,13,10.56
קדש,στολη,13,8.71
קדש,ναοσ,13,7.88
קדש,αργυροω,12,30.55
קדש,ολκοσ,12,25.46
קדש,αναπεποιημνησ,12,24.12
קדש,σεμιδαλησ,12,13.09
קדש,χραω,12,11.18
קדש,σαββατον,12,7.39
קדש,λειτουργοσ,12,6.64
קדש,εβδομοσ,12,5.15
קדש,θυσιανοσ,11,35.01
קדש,λατρευτοσ,11,32.31
קדש,κλητοσ,10,29.38
קדש,τιμη,10,6.94
נשא,κιβωτοσ,29,7.07
נשא,αναλαμβανω,19,21.62
נשא,επαιρω,18,21.94
נשא,αιρων,17,30.54
נשא,εραω,15,30.12
נשא,αναβλεπω,14,25.15
נשא,αιροσ,13,22.19
נשא,ωμοσ,12,11.70
נשא,βουνοσ,11,5.44
נשא,λημψοσ,10,5.09
דרך,πορευομαι,94,5.39
דרך,φυλασσω,28,5.25
דרך,πυλη,28,5.25
דרך,ευθυσ,21,7.43
דרך,τριβοσ,16,18.17
דרך,αποστρεφω,14,5.25
דרך,ανομοσ,13,8.40
דרך,αμωμοσ,10,5.28
מצרים,φαραω,72,13.09
מצרים,εξαγω,41,19.04
מצרים,ιωσηφ,30,6.56
מצרים,ποταμοσ,24,6.36
מצרים,αναγω,20,17.10
מצרים,ιπποσ,20,6.49
מצרים,ιγυπτοσ,18,33.86
מצרים,ασσυριοσ,18,7.20
מצרים,σημειον,17,8.42
מצרים,αρμα,16,5.28
מצרים,κραταιοσ,11,7.66
מצרים,πρωτοτοκοσ,11,5.17
מצרים,τερασ,10,11.06
מצרים,εκτεινω,10,6.27
קום,προσκυνεω,19,5.09
קום,εγειρω,14,16.51
קום,μενω,10,7.22
שנה,βασιλευω,78,13.37
שנה,ιεροσολυμα,55,5.46
שנה,πεντε,51,11.89
שנה,εικοσι,45,10.93
שנה,κριοσ,42,13.60
שנה,ζω,40,6.16
שנה,αμνοσ,38,14.77
שנה,γενναω,36,11.05
שנה,μεισ,35,8.98
שנה,ενιαυσιοσ,34,40.81
שנה,επανω,34,17.56
שנה,τεσσερακοντα,33,15.84
שנה,εκατον,33,9.90
שנה,εικοσαετησ,30,39.49
שנה,τριακοντα,29,10.47
שנה,δεκα,27,5.25
שנה,βασιλεια,26,5.15
שנה,μητηρ,24,5.32
שנה,αμωμοσ,23,13.22
שנה,δευτεροσ,20,5.51
שנה,αριθμοσ,19,6.57
שנה,ενιαυυιον,18,38.66
שנה,μοσχοσ,18,5.28
שנה,γεννασ,17,40.81
שנה,τριτοσ,17,5.42
שנה,εκπορευομαι,16,6.16
שנה,πατριον,15,7.20
שנה,υπνοσ,14,17.85
שנה,σαμαρειοσ,14,7.32
שנה,αφισην,13,33.16
שנה,εννεα,13,18.95
שנה,αρσενικοσ,13,13.26
שנה,δυναμεισ,12,37.67
שנה,σωτηριοσ,12,7.65
שנה,εβδομοσ,12,5.50
שנה,τριακοστοσ,11,40.81
שנה,πεντησ,11,37.41
שנה,αμνηδειοσ,11,34.53
שנה,δαμαλεω,11,34.53
שנה,ολοκαυτωμοσ,11,18.70
שנה,εξηκοντα,11,10.44
שנה,οκτω,11,9.76
שנה,τεταρτοσ,11,7.74
שנה,τραγυσ,10,34.01
שנה,πεμπτοσ,10,13.16
שנה,ιωη,10,8.68
שנה,μισχοσ,10,8.33
שנה,εβδομηκοντα,10,6.00
ירושלם,ιουδασ,79,8.17
ירושלם,ετοσ,57,6.62
ירושלם,βασιλευω,52,10.48
ירושלם,θυγατηρ,38,5.01
ירושלם,κατοικεω,32,6.09
ירושלם,σειω,30,13.57
ירושלם,μητηρ,29,7.56
ירושלם,σολομων,25,5.24
ירושלם,εικοσι,22,6.28
ירושלם,εζεκιασ,13,7.79
ירושלם,ροβοαμ,11,13.53
ירושלם,ιουδαια,10,13.70
לב,πλην,26,5.75
לב,σοφοσ,15,5.33
לב,σοσ,14,5.16
לב,σοφια,13,5.42
לב,αφρων,12,6.91
לב,σπονδη,11,13.63
לב,ολοκαυτωσισ,11,8.18
עבר,διερχομαι,32,18.69
עבר,οριον,21,5.19
עבר,αμορραιοσ,12,5.64
עבר,επερχομαι,11,7.44
עבר,κληρονομεω,11,5.58
עבר,διαβαινετοσ,10,38.55
אדני,οδε,124,14.15
אדני,ερω,20,5.80
אדני,προφητευω,10,9.07
שלש,ετοσ,86,8.73
שלש,χιλιασ,47,8.99
שלש,εκατον,33,10.17
שלש,ελαιον,21,5.71
שלש,τεσσαρεσ,21,5.64
שלש,εικοσι,21,5.24
שלש,εβδομηκοντα,19,11.71
שלש,σεμιδαλησ,17,20.35
שלש,δυνατοσ,17,5.94
שלש,σικλοσ,16,19.16
שלש,πηχυσ,16,8.38
שלש,γενναω,16,5.04
שלש,αναπεποιημνησ,14,30.88
שלש,αργυρεοσ,14,16.76
שלש,πληρησ,14,6.24
שלש,πεντηκοντα,14,6.18
שלש,τρυβλιον,13,41.90
שלש,ολκοσ,13,30.26
שלש,φιαλη,13,22.70
שלש,αμφοτεροι,13,11.59
שלש,τρισχιλιοι,12,35.92
שלש,αργυροω,12,33.52
שלש,οκτω,12,10.93
שלש,θυσιανοσ,11,38.41
שלש,πεντακοσιοι,11,10.48
שלש,επανω,11,5.83
שלש,τριακοστοσ,10,38.10
ראש,πατριον,39,18.24
ראש,επιτιθημι,34,7.23
ראש,στεφανοσ,11,16.82
ראש,βουνοσ,11,6.34
ראש,αρχηγοσ,10,20.93
אח,δεκα,30,5.65
אח,ιωσηφ,28,6.44
אח,ησαυ,16,7.91
אח,νεοσ,14,9.88
רב,σφοδρα,30,5.74
רב,πλειων,18,36.07
רב,πλουτοσ,12,8.56
אדם,κτηνοσ,35,9.34
אדם,προφητευω,17,18.38
זאת,ουτοσ,305,5.79
זאת,νομοσ,35,8.53
זאת,κληρονομια,16,5.40
כן,δια,106,6.08
כן,τροποσ,31,7.47
ילד,γυνη,66,5.58
ילד,θυγατηρ,61,7.92
ילד,ζω,38,6.78
ילד,συλλαμβανω,25,27.49
ילד,εκατον,18,6.26
ילד,γεννασ,17,47.29
ילד,αβρααμ,17,5.15
ילד,γαστηρ,16,14.55
ילד,παιδισκη,15,12.90
ילד,τριακοντα,12,5.02
ילד,γενεσισ,11,13.69
ילד,ναχωρ,10,29.56
ילד,σαρρα,10,15.76
ילד,ραχηλ,10,11.53
ילד,αδελφη,10,5.37
עמד,εναντι,23,5.50
עמד,στυλοσ,14,6.97
עמד,μενω,13,11.35
עמד,ιστηκησ,10,35.66
עמד,εκκλησια,10,7.25
עמד,λειτουργοσ,10,6.20
בת,γυνη,80,7.08
בת,ετοσ,42,5.03
בת,μητηρ,34,9.14
בת,γενναω,25,9.30
בת,τικτω,25,8.71
בת,αδελφη,21,11.81
בת,γεννασ,17,49.49
בת,σειω,14,6.54
בת,μελχοσ,13,24.74
בת,κωμη,12,14.85
בת,λαβοσ,12,10.42
בת,βηρσαβειοσ,10,22.49
בין,ανα,167,41.76
בין,συνιημι,22,28.42
בין,συνεσισ,17,10.98
בין,σοφοσ,14,6.61
בין,συνετοσ,13,30.67
בין,σημειον,13,9.28
בין,κρινω,13,5.26
בין,σοφια,10,5.54
מה,τισ,314,15.04
מה,αποκρινω,19,5.44
כה,οδε,258,45.28
כה,ερω,35,15.61
כה,παντοκρατωρ,26,15.89
כה,αντι,23,5.19
כה,ασσυριοσ,15,8.68
כה,ρομφαια,11,5.03
כה,εζεκιασ,10,6.80
הר,βουνοσ,32,20.06
הר,καταβαινω,32,6.23
הר,σειω,25,10.20
הר,εφραιμ,20,6.09
הר,υψηλοσ,19,5.75
הר,κορυφη,18,20.49
הר,πεδιον,15,5.84
הר,αμορραιοσ,12,6.33
הר,σειρ,10,25.44
פה,ρημα,48,5.49
פה,χειλοσ,27,10.51
פה,ωδε,24,18.86
פה,γλωσσα,19,8.89
פה,ανοιγνυμι,16,10.83
פה,ενθεν,14,21.24
פה,μαχαιρα,14,6.29
פה,προστιγω,11,44.00
פה,ρομφαιη,11,40.33
ענה,αντι,45,7.60
ענה,επακουω,13,13.24
ענה,δανιηλ,13,7.90
ענה,υπολαμβανω,11,29.86
ענה,κακοω,11,17.92
ענה,εισακουσοσ,10,11.31
ענה,ιωβ,10,8.31
מים,θαλασσα,45,7.14
מים,ποταμοσ,39,12.11
מים,πινω,37,12.65
מים,αρτοσ,30,6.27
מים,ακαθαρτοσ,23,8.52
מים,πηγη,22,16.44
מים,ιματιον,22,5.74
מים,λουσητησ,21,40.26
מים,πλυνησ,18,27.37
מים,σωμα,14,9.80
מים,εσπερα,13,6.91
מים,πετρα,12,7.56
מים,λακκοσ,10,11.92
מים,υποκατω,10,5.88
גוי,χωρα,22,11.25
רעה,προβατον,30,8.06
רעה,ζητεω,15,5.79
רעה,ειρηνη,14,5.36
רעה,πλησιον,12,5.58
קרב,δωρον,39,11.65
קרב,προσφερω,35,25.61
קרב,εναντι,28,6.64
קרב,ολοκαυτωμα,26,8.49
קרב,αμωμοσ,21,12.55
קרב,προσσξισ,16,30.86
קרב,κριοσ,16,5.39
קרב,προσοισαιοσ,14,28.29
קרב,ευωδια,14,13.20
קרב,οσμη,14,9.74
קרב,προσαξετησ,12,39.17
קרב,προσηγαγοσ,12,23.14
קרב,π,12,15.43
קרב,ενιαυσιοσ,10,12.48
קרב,στεαρ,10,9.43
קרב,προσεχω,10,9.22
גדול,σφοδρα,30,6.65
גדול,μικροσ,25,11.29
גדול,πληγη,11,9.58
עור,πολισ,228,13.85
עור,ιματιον,20,6.17
עור,δερμαω,13,52.16
עור,αφιημι,12,6.32
עור,λεπρα,11,15.94
נכה,πατασσω,179,40.89
נכה,επαταξα,37,43.74
נכה,αλλοφυλοσ,31,7.33
נכה,αποθνησκω,31,5.04
נכה,πληγη,27,22.80
נכה,επαταξ,18,44.80
נכה,αποκτεινω,16,6.70
נכה,φευγω,16,6.31
נכה,καταλειπω,14,10.85
נכה,ραβδοσ,13,7.68
נכה,συρια,11,6.50
נכה,μαχαιρα,11,5.31
נכה,εξωλεθρευισ,10,20.56
נכה,πολεμεω,10,6.14
נכה,ονοσ,10,6.14
נכה,ιωναθοσ,10,5.56
שים,επιτιθημι,46,11.09
שים,θηθομα,15,28.17
שים,καθιστημι,12,8.59
שים,επανω,12,6.85
שים,εμβαλλω,10,16.10
לחם,εσθιω,62,10.19
לחם,πολεμεω,56,34.07
לחם,παρατασσω,18,29.08
לחם,οινοσ,18,5.90
לחם,βαιθλευσ,14,46.85
לחם,αμμων,12,8.27
לחם,κρεασ,11,8.31
לחם,λιμοσ,10,8.37
אלף,εικοσι,52,17.70
אלף,δυναμισ,45,8.58
אלף,εκατον,28,11.77
אלף,δεκα,28,7.62
אלף,τριακοντα,27,13.66
אלף,τεσσαρεσ,27,9.90
אלף,πεντακοσιοι,26,33.79
אלף,φυλη,25,5.18
אלף,πεντε,23,7.51
אלף,δυνατοσ,22,10.48
אלף,χιλιαρχοσ,21,54.58
אלף,επισκεψισ,20,32.67
אלף,αριθμοσ,19,9.21
אלף,πεντηκοντα,18,10.83
אלף,εξακοσιοι,17,28.59
אלף,τετρακοσιοι,17,23.71
אלף,τεσσερακοντα,16,10.76
אלף,δημοσ,16,7.32
אלף,πατριον,15,10.09
אלף,δισχιλιοι,14,57.18
אלף,επτακοσιοι,13,28.59
אלף,αρμα,13,6.52
אלף,βενιαμ(ε)ιν,13,5.95
אלף,τρισχιλιοι,12,49.01
אלף,διαιρεσισ,12,28.59
אלף,εβδομηκοντα,11,9.25
אלף,επεσκεμμυνοσ,10,51.98
אלף,διακοσιοι,10,21.99
אלף,τριακοσιοι,10,17.33
נגד,αναγγελλω,50,31.60
נגד,ανηγγειλοσ,15,41.82
נגד,αναγγελησ,11,27.44
תחת,αντι,134,28.42
תחת,υπο,69,17.04
תחת,βασιλευω,67,14.39
תחת,κοιμαομαι,30,16.31
תחת,θαπτω,29,17.04
עוד,ετι,245,34.85
עוד,ουκετι,45,30.85
עוד,προστιθημι,34,14.10
עוד,διαμαρτυρομαι,11,49.37
חמש,ετοσ,54,7.39
חמש,μηκοσ,27,20.35
חמש,πηχυσ,24,16.96
חמש,ευροσ,23,23.64
חמש,πεντεκαιδεκατοσ,17,53.40
חמש,μεισ,17,6.04
חמש,μετρον,13,14.13
חמש,τεσσερακοντα,13,8.65
חמש,ενιαυσιοσ,12,19.95
חמש,πεντησ,11,51.82
חמש,αμνηδειοσ,11,47.84
חמש,επανω,11,7.87
חמש,τραγυσ,10,47.11
חמש,δαμαλεω,10,43.49
חמש,πηχω,10,25.70
חמש,πλατοσ,10,17.13
חמש,σικλοσ,10,16.15
חמש,επισκεψισ,10,16.15
חמש,τετρακοσιοι,10,13.79
חמש,σωτηριοσ,10,8.83
חמש,στυλοσ,10,6.57
חמש,υψοσ,10,6.21
קול,ακουω,102,9.75
קול,σαλπιγξ,14,13.38
קול,σαμουηλ,11,5.39
קול,εισακουσοσ,10,15.66
קול,βοαω,10,11.51
טוב,κακοσ,24,5.82
טוב,πονηροσ,24,5.45
טוב,υπερ,23,5.50
טוב,χαρισ,12,8.69
טוב,ευ,10,7.69
טוב,καρποσ,10,5.62
צבא,χιλιασ,33,8.00
צבא,οδε,32,5.48
צבא,διοτι,26,5.66
צבא,επανω,23,15.47
צבא,εικοσαετησ,20,34.27
צבא,συν,20,11.42
צבא,εκπορευομαι,18,9.02
צבא,αριθμοσ,17,7.65
צבא,πατριον,16,10.00
צבא,αρσενικοσ,13,17.27
צבא,σειω,13,6.52
צבא,δυναμεισ,12,49.04
צבא,ιωαβοσ,12,7.01
צבא,δημοσ,12,5.10
צבא,στρατεια,10,37.95
מי,τισ,257,14.81
מי,υδωρ,55,7.11
שאול,δαυιδ,117,7.77
שאול,ιωναθοσ,40,24.68
שאול,σαμουηλ,37,16.87
שאול,αλλοφυλοσ,36,9.44
שאול,απαγγελλω,27,10.49
שאול,καταβαινω,22,5.20
שאול,ζητεω,18,6.42
שאול,κοι,14,5.17
שאול,μελχοσ,10,20.17
שאול,αβεννηρ,10,11.40
שמר,εντελλω,51,9.44
שמר,φυλαξ,41,39.59
שמר,δικαιωμα,38,16.71
שמר,νομοσ,28,7.53
שמר,σεαυτου,20,6.84
שמר,φυλιξεσθοσ,19,46.78
שמר,αγαπαω,17,5.58
שמר,προσεχω,16,17.13
שמר,κριμα,16,5.08
שמר,προσταγμα,15,15.72
שמר,φυλακη,14,13.79
שמר,σαββατον,14,11.12
שמר,μαρτυρια,11,14.26
שמר,προστογματοσ,10,41.04
שמר,νομιμοσ,10,9.29
צוה,μωυσησ,84,7.43
צוה,οσοσ,64,7.78
צוה,τροποσ,37,11.27
צוה,εντολη,36,12.42
צוה,φυλασσω,26,6.73
צוה,καθα,24,14.97
צוה,δικαιωμα,20,9.24
צוה,καθαπερ,12,14.79
צוה,καθοτι,11,11.39
חרב,πιπτω,35,8.82
חרב,αποκτεινω,23,11.91
חרב,τραυματιοσ,22,29.93
חרב,θανατοσ,19,5.22
חרב,πολεμοσ,19,5.01
חרב,οομφαιοσ,16,52.00
חרב,τοξον,15,17.55
חרב,χωρα,15,9.05
חרב,ρομφαιη,12,58.50
חרב,παραδιδωμι,12,5.85
חרב,λιμοσ,11,11.49
חרב,φευγω,11,5.36
חרב,επαταξα,10,14.62
שער,αυλη,26,14.67
שער,ανατολη,20,9.76
שער,βλεπουσ,19,61.63
שער,βορρασ,18,11.23
שער,κριθη,13,36.67
שער,διεμετρησισ,13,28.11
שער,αιλοσ,13,16.54
שער,μετρον,12,14.97
שער,πυλωροσ,11,54.89
שער,εισαγω,11,10.19
שער,τειχοσ,10,8.11
ארבע,ετοσ,59,8.24
ארבע,χιλιασ,55,14.48
ארבע,μεισ,38,13.78
ארבע,τρεισ,25,6.06
ארבע,δεκα,19,5.22
ארבע,τεσσαρεσκαιδεκατοσ,16,54.27
ארבע,πηχυσ,13,9.37
ארבע,δευτεροσ,13,5.07
ארבע,διαιρεσισ,12,28.83
ארבע,πεντακοσιοι,11,14.42
ארבע,μεροσ,11,9.19
ארבע,επισκεψισ,10,16.48
ארבע,οκτω,10,12.54
ארבע,ευροσ,10,10.48
ארבע,χεβροσ,10,9.15
מצא,χαρισ,37,29.25
מצא,ευρεθησ,18,40.92
מצא,ζητεω,15,5.57
מעל,κεφαλη,30,6.27
מעל,εικοσαετησ,28,52.08
מעל,αρσενικοσ,21,30.27
מעל,αριθμοσ,21,10.26
מעל,εκπορευομαι,17,9.25
מעל,πατριον,15,10.18
מעל,δημοσ,14,6.46
מעל,δυναμεισ,12,53.23
מעל,χερουβιμ,10,13.11
נפל,ρομφαια,24,11.15
נפל,μαχαιρα,23,12.98
נפל,προσκυνεω,14,5.87
נפל,φοβοσ,14,5.69
נפל,κληροσ,13,7.05
נפל,τραυματιοσ,12,15.43
נפל,βαλλω,11,13.52
נפל,φευγω,11,5.07
נפל,καταβαλλω,10,42.54
שר,χιλιαρχοσ,16,49.40
שר,αρμα,13,7.75
שר,αρχω,12,10.45
שר,συρα,10,33.96
שר,ιωαβοσ,10,7.46
שר,δυνατοσ,10,5.66
עולם,ελεοσ,50,14.48
עולם,γενεα,46,19.68
עולם,διαθηκη,27,6.08
עולם,νομιμοσ,26,27.28
עולם,σπερμα,19,5.87
עולם,θρονοσ,16,8.90
עולם,εξομολογεομαι,11,35.98
עתה,νυν,311,38.98
עתה,ουν,48,6.27
עתה,δη,27,6.67
עתה,ελαλησ,10,14.34
אף,οργιζω,18,34.02
אף,προσκυνεω,18,7.73
אף,μακροθυμοσ,11,44.55
אף,αργοσ,11,34.65
אף,αποστρεφω,10,5.67
משפט,δικαιοσ,38,8.65
משפט,κρινω,20,8.56
משפט,φυλασσω,18,5.16
משפט,προσταγμα,16,19.52
משפט,νομοσ,16,5.01
משפט,εντολη,14,5.35
משפט,αληθεια,12,5.98
כסף,χρυσεοσ,28,14.82
כסף,εκατον,24,11.30
כסף,σκευοσ,24,8.13
כסף,χαλκοσ,21,19.78
כסף,σικλοσ,20,36.60
כסף,δωρον,19,8.57
כסף,τριακοντα,17,9.64
כסף,θησαυροσ,16,19.71
כסף,αμφοτεροι,15,20.44
כסף,ελαιον,15,6.24
כסף,φιαλη,14,37.36
כסף,ταλαντον,14,26.37
כסף,πληρησ,14,9.54
כסף,τρυβλιον,13,64.05
כסף,αργυροω,13,55.51
כסף,ολκοσ,13,46.26
כסף,σιδηροσ,13,16.33
כסף,εβδομηκοντα,13,12.24
כסף,αργυριοσ,12,51.24
כסף,αναπεποιημνησ,12,40.45
כסף,σεμιδαλησ,12,21.96
כסף,θυσιανοσ,11,58.71
כסף,χιλιοι,11,12.58
כסף,τιμη,10,11.65
מזבח,ιερευσ,49,6.59
מזבח,θυσια,40,9.24
מזבח,αιμα,36,8.89
מזבח,οικοδομεω,34,13.29
מזבח,επιτιθημι,34,11.08
מזבח,σκηνη,34,7.25
מזבח,ολοκαυτωμα,30,14.07
מזבח,ααρων,25,5.20
מזבח,βωμοσ,20,50.80
מזבח,υψηλοσ,18,7.67
מזבח,οσμη,17,16.99
מזבח,σκευοσ,17,5.48
מזבח,αναφερω,16,19.51
מזבח,κερασ,16,14.34
מזבח,κυκλω,16,6.21
מזבח,στεαρ,15,20.32
מזבח,ευωδια,15,20.32
מזבח,μαρτυριον,15,5.94
מזבח,ανοισισ,14,37.11
מזבח,αλσοσ,14,23.71
מזבח,βασισ,14,17.07
מזבח,σωτηριοσ,14,13.34
מזבח,μοσχοσ,14,6.14
מזבח,ολοκαυτωσισ,13,14.41
מזבח,κριοσ,13,6.29
מזבח,θυρα,13,5.21
מזבח,βααλ,10,15.24
מזבח,αυλη,10,5.30
תוך,προσηλυτοσ,12,10.71
תוך,κληρονομια,12,5.27
תוך,μαχαιρα,11,6.51
תוך,κληροσ,11,6.25
ירד,αιδησ,25,28.29
ירד,αλλοφυλοσ,18,5.30
ירד,καταγω,15,46.45
ירד,μαχαιρα,12,7.20
בקר,προβατον,52,14.33
בקר,κριοσ,42,19.39
בקר,αμνοσ,32,17.73
בקר,θυσια,31,6.83
בקר,εσπερα,28,19.62
בקר,αμωμοσ,22,18.02
בקר,ενιαυσιοσ,20,34.21
בקר,ολοκαυτωμα,19,8.50
בקר,δωρον,16,6.55
בקר,κτηνοσ,14,5.15
בקר,ωρθροσ,13,42.01
בקר,ενιαυυιον,13,39.79
בקר,ολοκαυτωμοσ,13,31.50
בקר,σωτηριοσ,13,11.81
בקר,αμνηδειοσ,11,49.21
בקר,δαμαλεω,11,49.21
בקר,θυω,11,11.03
בקר,πεντησ,10,48.47
בקר,τραγυσ,10,48.47
בקר,μισχοσ,10,11.87
בקר,ονοσ,10,7.55
נא,δη,145,41.92
נא,νυν,49,7.19
נא,ελεισειοσ,13,11.55
נא,χαρισ,13,11.38
נא,παιδαριον,10,6.29
נא,ενεκα,10,5.65
מקום,εκει,51,6.86
מקום,εκλεξητησ,17,57.67
מקום,ω,16,7.26
מקום,κιβωτοσ,12,5.53
מקום,επικαλεω,11,13.13
זהב,σκευοσ,30,10.67
זהב,λιθοσ,29,9.47
זהב,σολομων,24,7.05
זהב,ταλαντον,21,41.53
זהב,δεκα,19,6.08
זהב,θησαυροσ,17,21.98
זהב,καθαροσ,17,9.29
זהב,φερω,17,7.14
זהב,επιτιθημι,16,5.75
זהב,αργυρεοσ,15,28.82
זהב,χαλκοσ,15,14.83
זהב,πληρησ,15,10.73
זהב,εκατον,15,7.42
זהב,θυμιαματοσ,12,67.24
זהב,θυισκησ,12,53.79
זהב,τιμιοσ,12,29.89
זהב,αργυροσ,11,36.98
חיה,ζω,103,24.13
חיה,ετοσ,34,5.11
חיה,γενναω,29,13.54
חיה,ζωη,25,10.14
חיה,κτηνοσ,21,8.25
חיה,θανατοσ,18,5.25
חיה,πετεινον,16,21.14
חיה,εκατον,16,7.30
חיה,γεννασ,15,54.78
חיה,αγροσ,15,5.71
חיה,πετεινοσ,11,35.94
חיה,αγριοσ,10,31.04
זה,ουτοσ,184,5.71
זה,ενιαυσιοσ,14,29.98
זה,δωρον,14,7.18
זה,κριοσ,13,7.51
זה,πεντε,13,5.41
זה,αμνηδειοσ,11,61.60
זה,σωτηριοσ,11,12.51
זה,τριτοσ,11,6.26
זה,πεντησ,10,60.67
זה,τραγυσ,10,60.67
זה,δαμαλεω,10,56.00
זה,ποιοσ,10,38.32
ברך,ευλογητοσ,37,59.83
ברך,ευλογησιοσ,19,61.45
ברך,ευλογια,12,14.05
ברך,ευλογησοσ,11,43.95
ברך,ηυλογησιοσ,10,67.92
נאם,ζω,20,8.30
נאם,οδε,19,6.74
נאם,διοτι,18,8.11
נאם,παντοκρατωρ,17,21.01
מלא,ελαιον,18,7.58
מלא,πλην,16,5.61
מלא,εβδομηκοντα,15,14.31
מלא,εκατον,15,7.15
מלא,χρυσεοσ,14,7.51
מלא,φιαλη,13,35.14
מלא,σεμιδαλησ,13,24.10
מלא,δωρον,13,5.94
מלא,θυμιαματοσ,12,64.87
מלא,τρυβλιον,12,59.88
מלא,αργυροω,12,51.90
מלא,ολκοσ,12,43.25
מלא,αναπεποιημνησ,12,40.97
מלא,σικλοσ,12,22.24
מלא,αργυρεοσ,12,22.24
מלא,αμφοτεροι,12,16.56
מלא,τριακοντα,12,6.89
מלא,θυσιανοσ,11,59.47
מלא,θυισκησ,11,47.57
אמה,πεντε,25,12.46
אמה,υψοσ,23,22.05
אמה,εικοσι,22,11.42
אמה,δεκα,22,9.14
אמה,αληθεια,17,12.90
אמה,διεμετρησισ,16,46.53
אמה,πλατοσ,16,42.30
אמה,πεντηκοντα,16,14.69
אמה,κυκλω,14,7.78
אמה,αυλη,13,9.86
אמה,πυλη,13,5.67
אמה,αιλοσ,12,20.53
אמה,τοιχοσ,12,18.69
אמה,στυλοσ,12,12.17
אמה,τεσσαρεσ,12,6.71
אמה,μετρον,10,16.78
אהל,μαρτυριοσ,32,57.66
אהל,ααρων,29,6.42
אהל,θυσιαστηριον,23,5.25
אהל,εναντι,21,7.61
אהל,συναγωγη,15,6.01
אהל,λειτουργοσ,12,11.28
אהל,νεφελη,11,7.84
אהל,εισπορευομαι,10,14.74
אהל,φευγω,10,5.41
די,δανιηλ,35,72.92
די,βασιλεια,25,16.94
די,ουρανοσ,20,7.31
די,τοτε,18,18.47
די,συγκρισισ,14,54.28
די,εικων,13,60.49
די,ναβουχοδονοροσ,12,52.34
די,θηριον,12,18.01
די,ευρισκω,12,6.09
די,ω,11,10.81
די,βαβυλων,10,17.45
די,αποκρινω,10,8.41
חזק,κραταιοσ,29,40.26
חזק,βραχιων,19,16.96
חזק,φαραω,18,6.52
חזק,κατοσχυσισ,17,47.20
חזק,κρατεω,14,24.41
חזק,υψηλοσ,14,7.34
חזק,επιλαμβανομαι,11,51.54
חזק,εξαγω,11,10.18
ספר,λογοσ,63,7.92
ספר,λοιποσ,37,36.28
ספר,ιουδασ,31,5.24
ספר,οσοσ,29,5.34
ספר,διηγεομαι,22,63.92
ספר,νομοσ,16,6.86
ספר,ουχι,13,7.55
אנכי,σημερον,41,14.23
אנכי,εντελλω,40,10.39
אנכי,εντολη,22,10.13
אנכי,δικαιωμα,10,6.17
שמים,πετεινον,20,30.01
שמים,θηριον,14,10.62
שמים,υετοσ,13,15.28
שמים,υποκατω,11,10.34
שמים,αστρον,10,33.58
לוי,ιερευσ,65,11.57
לוי,λευιτοσ,59,76.74
לוי,λευιτον,39,78.62
לוי,ααρων,23,6.33
לוי,σκηνη,21,5.92
לוי,φυλη,18,5.26
לוי,λειτουργοσ,16,18.70
לוי,μαρτυριον,16,8.38
לוי,δημοσ,15,9.68
לוי,πατριον,14,13.28
לוי,κιβωτοσ,13,7.49
לוי,καα,10,31.01
לוי,κληροσ,10,7.91
יעקב,ησαυ,32,26.90
יעקב,λαβοσ,28,33.03
יעקב,ισαακ,28,18.64
יעקב,αβρααμ,23,9.91
יעקב,ραχηλ,18,29.52
יעקב,ιωσηφ,15,5.86
יעקב,τικτω,14,6.63
יעקב,ομνυμι,13,10.41
יעקב,χανααν,10,8.10
חדש,ετοσ,43,8.82
חדש,εβδομοσ,25,23.79
חדש,πρωτοσ,25,15.68
חדש,δευτεροσ,20,11.44
חדש,εικοσι,19,9.58
חדש,εορτη,17,22.15
חדש,χιλιασ,17,6.57
חדש,τεσσαρεσ,15,8.14
חדש,πεντεκαιδεκατοσ,14,65.87
חדש,τεσσαρεσκαιδεκατοσ,12,59.78
חדש,διαιρεσισ,12,42.34
חדש,δωδεκατοσ,11,62.10
חדש,δεκατοσ,10,21.17
חדש,αριθμοσ,10,7.18
אהרן,μωυσησ,112,12.58
אהרן,σκηνη,31,7.12
אהרן,μαρτυριον,25,10.67
אהרן,θυσιαστηριον,23,5.32
אהרן,συναγωγη,21,8.52
אהרן,εναντι,21,7.71
אהרן,επιτιθημι,21,7.38
אהרן,φαραω,19,6.03
אהרן,ελεαζαρ,15,26.64
אהרן,κριοσ,14,7.30
אהרן,μωσοσ,12,17.52
אהרן,στολη,12,13.83
אהרן,ραβδοσ,10,8.21
אהרן,ολοκαυτωμα,10,5.05
אהרן,γενεα,10,5.05
ים,βορρασ,25,17.69
ים,ποταμοσ,20,10.37
ים,ιορδανησ,16,8.12
ים,λιψ,13,41.60
ים,νοτοσ,13,14.07
ים,μεροσ,12,12.80
ים,ιχθυσ,11,42.61
ים,διεξοδοσ,11,33.73
ים,αρμα,11,7.10
ים,ιπποσ,11,6.98
נביא,λογοσ,31,5.38
נביא,ναθοσ,16,44.40
נביא,δουλοσ,14,5.34
נביא,πνευμα,12,5.99
נביא,ηλειοσ,10,15.69
סביב,θυσιαστηριον,19,5.79
סביב,αιμα,17,5.95
סביב,πηχυσ,16,17.30
סביב,περικυκλοσ,14,71.23
סביב,ευροσ,13,20.44
סביב,τεσσαρεσ,11,6.10
סביב,επιτιθημι,11,5.09
סביב,εικοσι,10,5.15
בנה,οικοσ,79,5.31
בנה,θυσιαστηριον,31,9.32
בנה,σολομων,17,6.34
בנה,οικοδομησιοσ,15,71.17
רע,εκαστοσ,23,9.97
רע,καλοσ,16,7.68
רע,μισεω,11,8.87
עשר,χιλιασ,17,6.16
עשר,δοξα,17,5.82
עשר,πρωτοσ,15,8.82
עשר,δευτεροσ,14,7.51
זכר,αρσενικοσ,24,46.53
זכר,διαθηκη,17,5.34
זכר,θηλυσ,12,32.09
זכר,επανω,11,10.80
שלמה,οικοδομεω,24,12.02
שלמה,βασιλευω,19,6.24
שלמה,χρυσιον,15,6.66
שלמה,θρονοσ,13,10.16
שלמה,εικοσι,13,6.05
שלמה,σαλωμοσ,11,66.12
עץ,λιθοσ,29,11.73
עץ,πυρ,21,6.18
עץ,καρποσ,19,17.78
עץ,χρυσιον,13,6.15
עץ,πεδιον,12,9.00
עץ,ασηπτοσ,10,69.41
עץ,δρυμοσ,10,17.72
רשע,δικαιοσυνη,20,6.14
רשע,αδικια,13,6.48
רשע,αδικοσ,11,10.14
רשע,αμαρτανω,11,8.43
רשע,παρανομοσ,10,16.93
רשע,κρινω,10,5.43
או,εαν,79,9.11
או,αφιημι,14,13.96
או,σκευοσ,13,6.79
או,προβατον,13,6.08
או,λεπρα,12,32.91
או,ιματιον,12,7.01
או,νοσσοσ,10,98.73
או,κροκη,10,98.73
מדבר,σεινοσ,13,43.33
מדבר,συναγωγη,12,5.68
מדבר,παρενιβαμαι,10,12.78
מדבר,απαιρω,10,11.79
מדבר,ποταμοσ,10,5.40
מטה,δημοσ,19,12.31
מטה,κληροσ,16,12.70
מטה,μανασσησ,15,9.95
מטה,κληρονομια,14,8.59
מטה,πατριον,12,11.43
מטה,επισκεψισ,11,25.44
מטה,ασηρ,10,24.53
מטה,ισσαχαρ,10,23.81
עשרים,ετοσ,52,11.03
עשרים,βασιλευω,32,11.78
עשרים,επανω,27,29.95
עשרים,μεισ,27,14.88
עשרים,εικοσαετησ,26,73.49
עשרים,δεκα,26,10.85
עשרים,μηκοσ,25,29.21
עשרים,αριθμοσ,23,17.08
עשרים,πατριον,18,18.55
עשרים,ευροσ,17,27.08
עשרים,πηχυσ,17,18.62
עשרים,εκπορευομαι,17,14.05
עשרים,αρσενικοσ,16,35.05
עשרים,κεφαλη,16,5.08
עשרים,δημοσ,14,9.81
עשרים,χρυσιον,13,6.47
עשרים,μητηρ,13,6.19
עשרים,δυναμεισ,12,80.88
עשרים,διαιρεσισ,12,43.81
שש,ετοσ,38,7.57
שש,χιλιασ,35,13.15
שש,δυο,27,5.17
שש,εικοσι,19,9.31
שש,τεσσαρεσ,18,9.49
שש,δεκα,17,6.66
שש,πεντε,16,7.52
שש,βασιλευω,16,5.53
שש,εβδομοσ,14,12.94
שש,πηχυσ,13,13.37
שש,πεντηκοντα,12,10.39
שש,τριακοντα,12,8.74
שש,πορφυρα,11,30.17
שש,κοκκινοσ,11,25.14
שש,εκατον,11,6.65
שש,χρυσιον,11,5.14
מלחמה,παραταξισ,26,48.75
מלחמה,εξερχομαι,26,5.06
מלחמה,χιλιασ,20,7.19
מלחמה,αλλοφυλοσ,17,6.69
מלחמה,δυνατοσ,12,7.88
מלחמה,πολεμιστοσ,11,45.59
מלחמה,συναγω,11,5.01
מלחמה,εναντιοσ,10,19.69
סור,αφαιρεω,17,24.71
סור,πλην,13,5.21
סור,υψηλοσ,12,6.22
סור,περιαιρεω,11,35.46
סור,δεξιοσ,11,6.00
סור,εξημαρτοσ,10,41.19
סור,ιεροβοσ,10,8.24
שדה,θηριον,25,21.94
שדה,ξυλον,18,7.77
שדה,κτηνοσ,11,5.68
כלה,εκλειπω,21,27.33
כלה,οργη,14,6.94
כלה,ολοσ,10,5.34
חיל,αρχων,26,5.37
חיל,χιλιασ,25,9.79
חיל,ισχυροσ,16,15.59
חיל,αρμα,10,7.52
חיל,ιπποσ,10,7.39
חיל,αριθμοσ,10,7.27
בשר,δερμα,21,36.96
בשר,εσθιω,21,5.97
בשר,σωμα,18,23.13
בשר,ακαθαρτοσ,14,9.52
בשר,ιματιον,12,5.75
בשר,οστεον,11,13.10
בשר,λουσητησ,10,35.20
פקד,επισκεψισ,28,75.66
פקד,δυναμισ,26,8.20
פקד,δημοσ,24,18.16
פקד,φυλη,20,6.85
פקד,επανω,15,17.96
פקד,τετρακοσιοι,13,29.99
פקד,πατριον,13,14.47
פקד,πεντηκοντα,13,12.94
פקד,επεσκεμμυνοσ,11,94.58
פקד,πεντακοσιοι,11,23.64
פקד,καθιστημι,11,16.51
פקד,επεσκυποσ,10,85.98
פקד,εξακοσιοι,10,27.82
פקד,τεσσερακοντα,10,11.13
מאד,πολυσ,40,7.63
מאד,μεγασ,39,7.12
מאד,σφοδροσ,27,70.23
מאד,φοβεω,13,6.85
מאד,χρυσιον,13,5.96
מאד,πληθοσ,12,6.72
רגל,ιχνοσ,10,39.90
רגל,δεξιοσ,10,5.57
זרע,αιων,17,5.01
זרע,αβρααμ,16,9.23
זרע,καρποσ,12,12.13
כרת,διαθηκη,54,17.84
כרת,απολλυμι,16,7.06
כרת,εξολεθρευω,15,76.51
כרת,εξολεθρευσ,14,63.48
כרת,ρομφαια,10,6.86
כרת,κτηνοσ,10,5.17
דם,θυσιαστηριον,17,5.11
דם,επιτιθημι,16,7.31
דם,εκχεω,10,19.86
דם,αδικια,10,5.85
היא,εκεινοσ,46,9.27
היא,καιροσ,35,17.73
זבח,σωτηριοσ,31,43.77
זבח,ολοκαυτωμα,22,15.29
זבח,κριοσ,17,12.19
זבח,προβατον,17,7.28
זבח,θυσιαστηριον,17,5.41
זבח,μοσχοσ,16,10.40
זבח,υψηλοσ,16,10.11
זבח,δωρον,15,9.54
זבח,ενιαυσιοσ,13,34.55
זבח,βουσ,13,6.64
זבח,πεντε,12,6.20
זבח,αμνηδειοσ,11,76.46
זבח,δαμαλεω,11,76.46
זבח,ευχη,11,18.41
זבח,πεντησ,10,75.30
זבח,τραγυσ,10,75.30
זבח,στεαρ,10,20.08
חטאת,περι,91,23.26
חטאת,χιμαροσ,32,71.02
חטאת,ιερευσ,28,5.21
חטאת,ολοκαυτωμα,26,16.87
חטאת,θυσια,25,7.99
חטאת,μοσχοσ,20,12.13
חטאת,αμαρτιη,17,79.65
חטאת,εξιλασετησ,17,46.25
חטאת,θυσιαστηριον,17,5.05
חטאת,ιεροβοσ,16,14.99
חטאת,ολοκαυτωσισ,15,23.00
חטאת,αμωμοσ,15,17.82
חטאת,πονηροσ,15,5.75
חטאת,υπερ,14,5.65
חטאת,εναντι,13,6.12
חטאת,πλην,13,5.93
חטאת,επιτιθημι,13,5.86
חטאת,εξημαρτοσ,12,56.22
חטאת,αφιημι,12,10.22
חטאת,σπονδη,11,28.11
חטאת,ναβοσ,11,16.87
חטאת,αφιστημι,10,11.88
חטאת,κριοσ,10,6.69
פלשתי,δαυιδ,52,5.87
פלשתי,σαυλοσ,37,11.03
פלשתי,πολεμοσ,24,9.64
פלשתי,πατασσω,23,9.91
פלשתי,παρεμβολη,14,8.49
פלשתי,φυλιστιευσ,13,77.27
פלשתי,πολεμεω,11,12.74
פלשתי,φευγω,11,8.17
פלשתי,σαμψων,10,29.72
פלשתי,κιβωτοσ,10,6.37
פלשתי,συναγω,10,5.15
ברית,κιβωτοσ,31,19.07
ברית,αιωνιοσ,17,15.91
ברית,ανα,16,6.35
ברית,μιμνησκω,10,9.07
בבל,βασιλευσ,54,7.41
בבל,ναβουχοδονοροσ,13,90.36
בבל,χαλδαιοσ,11,66.12
בבל,ιεροσολυμα,10,5.41
כלי,χρυσεοσ,18,14.91
כלי,ιματιον,16,9.49
כלי,αειρω,14,11.69
כלי,αργυριον,14,6.56
כלי,χρυσιον,13,7.40
כלי,ακαθαρτοσ,11,9.26
כלי,μαρτυριον,11,7.16
כלי,αργυρεοσ,10,28.63
אבן,ξυλον,27,12.57
אבן,χρυσιον,19,9.50
אבן,τιμιοσ,11,35.85
חטא,περι,24,6.34
חטא,εξημαρτοσ,18,87.24
חטא,ιεροβοσ,17,16.48
חטא,πονηροσ,17,6.74
חטא,ναβοσ,15,23.79
חטא,ανομια,15,8.39
חטא,ημαρτηκοσ,12,69.79
חטא,αφιστημι,10,12.29
איב,μισεω,17,14.90
איב,υπεναντιοσ,14,61.33
איב,παραδιδωμι,11,8.03
ירא,φοβεροσ,19,67.04
ירא,μηδε,15,15.88
נער,παιδαριοσ,25,57.95
נער,ανιστημι,19,5.60
נער,παιδαρισ,15,75.67
נער,απαγγελλω,13,8.26
פרעה,αιγυπτοσ,58,12.56
פרעה,μωυσησ,41,6.45
פרעה,ιωσηφ,27,14.44
פרעה,ααρων,22,6.91
פרעה,αιγυπτιοσ,21,18.06
פרעה,εναντιον,21,5.75
פרעה,θεραπων,18,41.40
פרעה,φαραωοσ,14,85.87
פרעה,εξαποστειλοσ,13,36.24
פרעה,ποταμοσ,11,7.13
פתח,σκηνη,53,16.31
פתח,παρα,31,5.33
פתח,μαρτυριοσ,15,36.67
עת,εκεινοσ,55,14.34
צאן,ποιμην,17,39.59
צאן,μοσχοσ,16,10.99
צאן,ποιμιαω,14,89.11
צאן,κριοσ,11,8.33
צאן,σουσ,11,5.80
צאן,βουκολιον,10,86.79
צאן,ονοσ,10,12.40
למען,ινα,68,15.90
למען,ενεκα,33,28.12
למען,αν,30,5.81
למען,ευ,11,15.43
למען,εντολη,11,6.69
הם,εκεινοσ,33,6.44
הם,γραφω,27,18.57
הם,οσοσ,27,5.75
הם,λοιποσ,26,29.50
הם,βιβλιον,24,19.62
הם,ουχι,11,7.40
בגד,πλυνησ,24,79.39
בגד,ακαθαρτοσ,24,19.35
בגד,υδωρ,24,5.21
בגד,λουσητησ,21,87.58
בגד,ααρων,16,5.24
בגד,εσπερα,15,17.34
בגד,σκευοσ,15,7.61
בגד,δια(ρ)ρηγνυμι,13,46.19
בגד,σωμα,13,19.79
בגד,καθαροσ,13,10.14
בגד,ενδυω,11,50.25
בגד,αφιημι,11,10.66
לבב,ολοσ,24,14.09
לבב,εντολη,11,6.72
כתב,λογοσ,61,10.47
כתב,λοιποσ,39,52.21
כתב,ιουδασ,30,6.92
כתב,οσοσ,26,6.54
כתב,νομοσ,23,13.46
כתב,πρωτοσ,11,8.73
כתב,ουχι,10,7.93
