file,ref,found,correction,context
septuaginta.arithmoi.tess,septuaginta.tlg004 urn:cts:greekLit:tlg0527.tlg004.1st1K-grc1.1.23,κα,καὶ,ῆς Συμεὼν ἐννέα καὶ πεντήκοντα χιλιάδες κα τριακόσιοι.
septuaginta.arithmoi.tess,septuaginta.tlg004 urn:cts:greekLit:tlg0527.tlg004.1st1K-grc1.3.45,κα,καὶ,"ήνη τῶν Λευειτῶν ἀντὶ τῶν κτηνῶν αὐτῶν, κα ἔσονται ἐμοὶ οἱ Λευεῖται· ἐγὼ Κύριος."
septuaginta.arithmoi.tess,septuaginta.tlg004 urn:cts:greekLit:tlg0527.tlg004.1st1K-grc1.4.5,κα,καὶ," οἱ υἱοὶ αὐτοῦ ὅταν ἐξαίρῃ ἡ παρεμβολή, κα καθελοῦσιν τὸ καταπέτασμα τὸ συσκιάζον,"
septuaginta.arithmoi.tess,septuaginta.tlg004 urn:cts:greekLit:tlg0527.tlg004.1st1K-grc1.4.19,κα,καὶ,"τοῦτο ποιήσατε αὐτοῖς, κα ζήσονται καὶ οὐ μὴ ἀποθάνωσιν, προσπορε"
septuaginta.arithmoi.tess,septuaginta.tlg004 urn:cts:greekLit:tlg0527.tlg004.1st1K-grc1.4.25,κα,καὶ,"ῆς, καὶ τὴν σκηνὴν τοῦ μαρτυρίου καὶ τὸ κά- λυμμα αὐτῆς, καὶ τὸ κάλυμμα τὸ ὑακίνθ"
septuaginta.arithmoi.tess,septuaginta.tlg004 urn:cts:greekLit:tlg0527.tlg004.1st1K-grc1.4.31,κα,καὶ,τοῦ μαρτυρίου· τὰς κεφαλίδας τῆς σκηνῆς κα τοὺς καὶ τοὺς στύλους αὐτῆς καὶ τὰς βάσ
septuaginta.arithmoi.tess,septuaginta.tlg004 urn:cts:greekLit:tlg0527.tlg004.1st1K-grc1.7.2,κα,καὶ,"κα προσήνεγκαν οἱ ἄρχοντες Ἰσραήλ, ιβ΄ ἄρχ"
septuaginta.arithmoi.tess,septuaginta.tlg004 urn:cts:greekLit:tlg0527.tlg004.1st1K-grc1.8.8,κα,καὶ,καὶ λήλψονται μόσχον ἓνα ἐκ βοῶν κα τούτου θυσίαν σεμιδάλεως ἀναπεποιημένην
septuaginta.arithmoi.tess,septuaginta.tlg004 urn:cts:greekLit:tlg0527.tlg004.1st1K-grc1.11.26,κα,καὶ,"μα· καὶ οὗτοι ἦσαν τῶν καταγεγραμμένων, κα οὐκ ἦλθον πρὸς τὴν σκηνήν· καὶ ἐπροφήτε"
septuaginta.arithmoi.tess,septuaginta.tlg004 urn:cts:greekLit:tlg0527.tlg004.1st1K-grc1.15.16,κα,καὶ,νόμος εἷς ἔσται κα δικαίωμα ἱν ἔσται καὶ τῷ προσηλύτῳ τῷ π
septuaginta.arithmoi.tess,septuaginta.tlg004 urn:cts:greekLit:tlg0527.tlg004.1st1K-grc1.17.8,κα,καὶ,καὶ ἐγένετο τῇ ἐπαύριον κα εἰσῆλθεν Μωυσῆς καὶ Ἀαρὼν εἰς τὴν σκηνὴ
septuaginta.arithmoi.tess,septuaginta.tlg004 urn:cts:greekLit:tlg0527.tlg004.1st1K-grc1.17.8,κα,καὶ," εἰς οἶκον Λευεί, καὶ ἐξήνεγκεν βλαστὸν κα ἐξήνθησεν ἄνθη καὶ ἐβλάστησεν κάρυα."
septuaginta.arithmoi.tess,septuaginta.tlg004 urn:cts:greekLit:tlg0527.tlg004.1st1K-grc1.17.10,κα,καὶ,"αὶ παυσάσθω ὁ γογγυσμὸς αὐτῶν ἀπ’ ἐμοῦ, κα οὐ μὴ ἀποθάνωσιν."
septuaginta.arithmoi.tess,septuaginta.tlg004 urn:cts:greekLit:tlg0527.tlg004.1st1K-grc1.18.1,κα,καὶ, σου λήμψεσθε τὰς ἀπαρχὰς τῶν αγιων· σὺ κα οἱ υἱοί σου λήμψεσθε τὰς ἁμαρτίας τῆς ἱ
septuaginta.arithmoi.tess,septuaginta.tlg004 urn:cts:greekLit:tlg0527.tlg004.1st1K-grc1.18.30,κα,καὶ,ήσεται τοῖς Λευείταις ὡς γένημα ἀπὸ ἅλω κα ὡς γένημα ληνοῦ.
septuaginta.arithmoi.tess,septuaginta.tlg004 urn:cts:greekLit:tlg0527.tlg004.1st1K-grc1.21.34,κα,καὶ,τὸν λαὸν αὐτοῦ καὶ πᾶσαν τὴν γῆν αὐτοῦ. κα ποιήσεις αὐτῷ καθὼς ἐποίησας τῷ Σηὼν βα
septuaginta.arithmoi.tess,septuaginta.tlg004 urn:cts:greekLit:tlg0527.tlg004.1st1K-grc1.25.18,κα,καὶ,"λιότητι, ὅσα; δολιοῦσιν ὑμᾶς διὰ Φογώρ, κα διὰ Χασβεὶ θυγατέρα ἄρχοντος Μαδιὰν ἀδε"
septuaginta.arithmoi.tess,septuaginta.tlg004 urn:cts:greekLit:tlg0527.tlg004.1st1K-grc1.29.13,κα,καὶ,"τῇ ἡμέρᾳ τῇ πρώτῃ μόσχους ἐκ βοῶν τρεῖς κα δέκα, κριοὺς δύο, ἀμνοὺς ἐνιαυσίους ἰδ’"
septuaginta.arithmoi.tess,septuaginta.tlg004 urn:cts:greekLit:tlg0527.tlg004.1st1K-grc1.29.37,κα,καὶ,"ὶ αἱ σπονδαὶ αὐτῶν τῷ μόσχῳ καὶ τῷ κριῷ κα τοῖς κατὰ ἀριθμὸν αὐτῶν, κατὰ τὴν σύνκρ"
septuaginta.arithmoi.tess,septuaginta.tlg004 urn:cts:greekLit:tlg0527.tlg004.1st1K-grc1.29.39,κα,καὶ,ὰ ὁλοκαυτώματα ὑμῶν καὶ τὰς θυσίας ὑμῶν κα τ καὶ τὰ σωτήρια ὑμῶν.
septuaginta.arithmoi.tess,septuaginta.tlg004 urn:cts:greekLit:tlg0527.tlg004.1st1K-grc1.30.5,κα,καὶ," τοὺς οὓς ὡρίσατο κατὰ τῆς ψυχῆς αὐτῆς, κα παρασιωπήσῃ αὐτῆς ὁ πατήρ· καὶ στήσοντα"
septuaginta.arithmoi.tess,septuaginta.tlg004 urn:cts:greekLit:tlg0527.tlg004.1st1K-grc1.31.35,κα,καὶ," ἥνωσαν κοίτην ἀνδρός, πᾶσαι ψυχαί, δύο κα τριάκοντα χιλιάδες."
septuaginta.arithmoi.tess,septuaginta.tlg004 urn:cts:greekLit:tlg0527.tlg004.1st1K-grc1.31.36,κα,καὶ,", ἐκ τοῦ ἀριθμοῦ τῶν προβάτων τριακόσια κα τριάκοντα χιλιάδες καὶ πεντακισχίλιοι κ"
septuaginta.arithmoi.tess,septuaginta.tlg004 urn:cts:greekLit:tlg0527.tlg004.1st1K-grc1.31.38,κα,καὶ,"άκοντα χιλιάδες, καὶ τὸ τέλος κυρίῳ δύο κα ἑβδομήκοντα·"
septuaginta.arithmoi.tess,septuaginta.tlg004 urn:cts:greekLit:tlg0527.tlg004.1st1K-grc1.31.51,κα,καὶ,καὶ ἔλαβεν Μωυσης κα ᾿Ελεαζὰρ ὁ ἱερεὺς τὸ χρυσίον παρ’ αὐτῶν
septuaginta.arithmoi.tess,septuaginta.tlg004 urn:cts:greekLit:tlg0527.tlg004.1st1K-grc1.32.41,κα,καὶ,"καὶ Ἰαεὶρ ὁ τοῦ Μανασσὴ ἐπορεύθη κα ἔλαβεν τὰς ἐπαύλεις αὐτῶν, ἆσεν αὐτὰς Ἐ"
septuaginta.arithmoi.tess,septuaginta.tlg004 urn:cts:greekLit:tlg0527.tlg004.1st1K-grc1.32.42,κα,καὶ,"καὶ Νάβαυ ἐπορεύθη κα τὴν Καάθ καὶ τὰς κώμας αὐτῆς, καὶ ἐπωνό"
septuaginta.basileion_a.tess,septuaginta.tlg011 urn:cts:greekLit:tlg0527.tlg011.1st1K-grc1.2.13,κα,καὶ,"δάριον τοῦ ἱερέως ὡς ἂν ἡψήθη τὸ κρέας, κα κρεάγρα τριόδους ἐν τῇ χειρὶ αὐτοῦ·"
septuaginta.basileion_a.tess,septuaginta.tlg011 urn:cts:greekLit:tlg0527.tlg011.1st1K-grc1.2.28,κα,καὶ,"ιν, καὶ ἀναβαίνειν ἐπὶ θυσιαστήριόν μου κα θυμιᾷν θυμίαμα καὶ αἴρειν ἐφούδ· καὶ ἔδ"
septuaginta.basileion_a.tess,septuaginta.tlg011 urn:cts:greekLit:tlg0527.tlg011.1st1K-grc1.4.21,κα,καὶ,"κα ἐκάλεσεν τὸ παιδάριον ὦαί βαρχαβώθ, ὑπὲ"
septuaginta.basileion_a.tess,septuaginta.tlg011 urn:cts:greekLit:tlg0527.tlg011.1st1K-grc1.5.6,κα,καὶ,"καὶ ἐβαρύνθη χεὶρ Τυρίου ἐπὶ Ἄζωτον κα ἐπήγαγεν αὐτοῖς, καὶ ἐξέζεσεν αὐτοῖς εἰ"
septuaginta.basileion_a.tess,septuaginta.tlg011 urn:cts:greekLit:tlg0527.tlg011.1st1K-grc1.6.9,κα,καὶ," κακίαν ταύτην τὴν μεγάλην· καὶ ἐὰν μή, κα γνωσόμεθα ὅτι οὐ χεὶρ αὐτοῦ ἧπται ἡμῶν,"
septuaginta.basileion_a.tess,septuaginta.tlg011 urn:cts:greekLit:tlg0527.tlg011.1st1K-grc1.6.10,κα,καὶ,"καὶ ἐποίησαν οἱ ἀλλόφυλοι οὕτως, κα ἔλαβον δύο βόας πρωτοτοκούσας καὶ ἔζευξ"
septuaginta.basileion_a.tess,septuaginta.tlg011 urn:cts:greekLit:tlg0527.tlg011.1st1K-grc1.6.13,κα,καὶ,"μυς ἐθέριζον θερισμὸν πυρῶν ἐν κοιλάδι, κα ἤραν ὀφθαλμοὺς αὐτῶν καὶ εἶδον κιβωτὸν "
septuaginta.basileion_a.tess,septuaginta.tlg011 urn:cts:greekLit:tlg0527.tlg011.1st1K-grc1.7.14,κα,καὶ,ν Ἰσραὴλ ἀφείλαντο ἐκ χειρὸς ἀλλοφύλων. κα ἦν εἰρήνη ἀνὰ μέσον Ἰσραὴλ καὶ ἀνὰ μέσο
septuaginta.basileion_a.tess,septuaginta.tlg011 urn:cts:greekLit:tlg0527.tlg011.1st1K-grc1.8.16,κα,καὶ,καὶ τοὺς δούλους κα τὰς δούλας ὑμῶν καὶ τὰ βουκόλια ὑμῶν κα
septuaginta.basileion_a.tess,septuaginta.tlg011 urn:cts:greekLit:tlg0527.tlg011.1st1K-grc1.9.6,κα,καὶ,"δὴ ἄνθρωπος τοῦ θεοῦ ἐν τῇ πόλει ταύτῃ, κα ὁ ἄνθρωπος ἔνδοξος, πᾶν ὃ ἐὰν λαλήσῃ πα"
septuaginta.basileion_a.tess,septuaginta.tlg011 urn:cts:greekLit:tlg0527.tlg011.1st1K-grc1.13.5,κα,καὶ,"καὶ συνάγονται εἰς πόλεμον ἐπὶ Ἰσραήλ, κα τριάκοντα χιλιάδες ἁρμάτων καὶ ἐξ χιλιά"
septuaginta.basileion_a.tess,septuaginta.tlg011 urn:cts:greekLit:tlg0527.tlg011.1st1K-grc1.13.5,κα,καὶ,χιλιάδες ἁρμάτων καὶ ἐξ χιλιάδες ἱππέων κα λαὸς ὡς ἡ ἄμμος ἢ παρὰ τὴν θάλασσαν τῷ 
septuaginta.basileion_a.tess,septuaginta.tlg011 urn:cts:greekLit:tlg0527.tlg011.1st1K-grc1.13.8,κα,καὶ,"ὰ ἡμέρας τῷ μαρτυρίῳ, ὡς εἶπεν Σαμουήλ· κα οὐ Σαμουὴλ εἰς Γάλγαλα, καὶ διεσπάρη ὁ "
septuaginta.basileion_a.tess,septuaginta.tlg011 urn:cts:greekLit:tlg0527.tlg011.1st1K-grc1.13.14,κα,καὶ," ἑαυτῷ ἄνθρωπον κατὰ τὴν καρδίαν αὐτοῦ, κα ἐντελεῖται Κύριος αὐτῷ εἰς ἄρχοντα ἐπὶ "
septuaginta.basileion_a.tess,septuaginta.tlg011 urn:cts:greekLit:tlg0527.tlg011.1st1K-grc1.13.20,κα,καὶ,"ων χαλκεύειν ἕκαστος τὸ θέριστρον αὐτοῦ κα τὸ σκεῦος, καὶ ἕκαστος τὴν ἀξίνην αὐτοῦ"
septuaginta.basileion_a.tess,septuaginta.tlg011 urn:cts:greekLit:tlg0527.tlg011.1st1K-grc1.14.34,κα,καὶ,ητε τῷ κυρίῳ τοῦ ἐσθίειν σὺν τῷ αἵματι· κα προσῆγεν πᾶς ὁ λαὸς ἕκαστος τὸ ἐν τῇ χε
septuaginta.basileion_a.tess,septuaginta.tlg011 urn:cts:greekLit:tlg0527.tlg011.1st1K-grc1.16.20,κα,καὶ,"αβεν Ἰεσσαὶ γόμορ ἄρτων καὶ ἀσκὸν οἴνου κα ἔριφον αἰγῶν ἕνα, καὶ ἐξαπέστειλεν ἐν χ"
septuaginta.basileion_a.tess,septuaginta.tlg011 urn:cts:greekLit:tlg0527.tlg011.1st1K-grc1.17.2,κα,καὶ,καὶ Σαοὺλ κα ὁ Ἰσραὴλ συνάγονται καὶ παρεμβάλλουσιν 
septuaginta.basileion_a.tess,septuaginta.tlg011 urn:cts:greekLit:tlg0527.tlg011.1st1K-grc1.19.22,κα,καὶ,"ως τοῦ φρέατος τοῦ ἅλω τοῦ ἐν τῷ Σεφεί, κα ἠρώτησεν καὶ εἶπεν Ποῦ Σαμουὴλ καὶ Δαυε"
septuaginta.basileion_a.tess,septuaginta.tlg011 urn:cts:greekLit:tlg0527.tlg011.1st1K-grc1.23.24,κα,καὶ,καὶ οἱ ἄνδρες αὐτοῦ ἐν τῇ ἐρήμῳ τῇ Μαὰν κα σπέραν ἐκ δεξιῶν τοῦ Ἰεσσαιμού.
septuaginta.basileion_a.tess,septuaginta.tlg011 urn:cts:greekLit:tlg0527.tlg011.1st1K-grc1.24.13,κα,καὶ,"δικάσαι κύριος ἀνὰ μέσον ἐμοῦ κα σοῦ, καὶ ἐκδικήσαι με κύριος ἐκ σοῦ, κα"
septuaginta.basileion_a.tess,septuaginta.tlg011 urn:cts:greekLit:tlg0527.tlg011.1st1K-grc1.25.42,κα,καὶ,", καὶ ἐπορεύθη ὀπίσω τῶν παίδων Δαυείδ, κα γίνεται αὐτῷ εἰς γυναῖκα·"
septuaginta.basileion_a.tess,septuaginta.tlg011 urn:cts:greekLit:tlg0527.tlg011.1st1K-grc1.26.8,κα,καὶ,κα εἶπεν Ἀβεισὰ πρὸς Δαυείδ Ἀπέκλεισεν σήμ
septuaginta.basileion_a.tess,septuaginta.tlg011 urn:cts:greekLit:tlg0527.tlg011.1st1K-grc1.28.5,κα,καὶ,"ν παρεμβολὴν τῶν ἀλλοφύλων, καὶ ἐφοβήθη κα ἐξέστη ἡ καρδία αὐτοῦ σφόδρα."
septuaginta.basileion_a.tess,septuaginta.tlg011 urn:cts:greekLit:tlg0527.tlg011.1st1K-grc1.28.6,κα,καὶ,"καὶ ἐπηρώτησεν Σαοὺλ διὰ Κύρου, κα οὐκ ἀπεκρίθη αὐτῷ κύριος ἐν τοῖς ἐνυων "
septuaginta.basileion_a.tess,septuaginta.tlg011 urn:cts:greekLit:tlg0527.tlg011.1st1K-grc1.28.21,κα,καὶ,"ς Σαούλ, καὶ εἶδεν ὅτι ἔσπευσεν σφόδρα· κα εἶπεν πρὸς αὐτόν ἰδοὺ δὴ ἤκουσεν ἡ δούλ"
septuaginta.basileion_a.tess,septuaginta.tlg011 urn:cts:greekLit:tlg0527.tlg011.1st1K-grc1.30.4,κα,καὶ,"καὶ ἦρεν Δαυεὶδ κα οἱ ἄνδρες αὐτοῦ τὴν φωνὴν αὐτῶν, καὶ ἔκ"
septuaginta.basileion_a.tess,septuaginta.tlg011 urn:cts:greekLit:tlg0527.tlg011.1st1K-grc1.31.12,κα,καὶ,"λην τὴν νύκτα, καὶ ἔλαβον τὸ σῶμα Σαοὐλ κα τὸ σῶμα τοῦ υἱοῦ αὐτοῦ ἀπὸ τείχους Βαιθ"
septuaginta.basileion_a.tess,septuaginta.tlg011 urn:cts:greekLit:tlg0527.tlg011.1st1K-grc1.31.13,κα,καὶ,"καὶ λαμβάνουσιν τὰ ὀστᾶ αὐτῶν κα θάπτουσιν ὑπὸ τὴν ἄρουραν τὴν ἰαβεὶς, κ"
septuaginta.basileion_d.tess,septuaginta.tlg014 urn:cts:greekLit:tlg0527.tlg014.1st1K-grc1.2.24,κα,καὶ,αὶ κατηράσατο αὐτοῖς ἐν ὀνόματι Κυρίου· κα ἰδοὺ ἐξῆλθον δύο ἄρκοι ἐκ τοῦ δρυμοῦ κα
septuaginta.basileion_d.tess,septuaginta.tlg014 urn:cts:greekLit:tlg0527.tlg014.1st1K-grc1.4.9,κα,καὶ,κα εἶπεν ἡ γυνὴ πρὸς τὸν ἄνδρα αὐτῆς Ἰδουὺ
septuaginta.basileion_d.tess,septuaginta.tlg014 urn:cts:greekLit:tlg0527.tlg014.1st1K-grc1.6.13,κα,καὶ,"καὶ ἐἶπεν Δεῦτε ἴδετε ποῦ οὗτος, κα ἀποστείλας λήμψομαι αὐτόν· καὶ ἀνήγγειλ"
septuaginta.basileion_d.tess,septuaginta.tlg014 urn:cts:greekLit:tlg0527.tlg014.1st1K-grc1.6.14,κα,καὶ,"καὶ ἀπέστειλεν ἐκεὶ ἴππον καὶ ἅρμα κα δύναμιν βαρεῖαν, καὶ ἦλθον νυκτὸς καὶ π"
septuaginta.basileion_d.tess,septuaginta.tlg014 urn:cts:greekLit:tlg0527.tlg014.1st1K-grc1.6.15,κα,καὶ,"ρθρισεν ὁ λειτουργὸς Ἐλεισαῖε ἀναστῆναι κα ἐξῆλθεν, καὶ ἰδοὺ κυκλοῦσα τὴν πόλιν κα"
septuaginta.basileion_d.tess,septuaginta.tlg014 urn:cts:greekLit:tlg0527.tlg014.1st1K-grc1.6.18,κα,καὶ,καὶ κατέβησαν πρὸς αὐτόν· κα προσηύξατο πρὸς Κύριον καὶ εἶπεν Πάταξο
septuaginta.basileion_d.tess,septuaginta.tlg014 urn:cts:greekLit:tlg0527.tlg014.1st1K-grc1.6.19,κα,καὶ,αὶ ἄξω ὑμᾶς πρὸς τὸν ἄνδερα ὃν ζητεῖτε· κα ἀπήγαγεν αὐτοὺς πρὸς Σαμάρειαν.
septuaginta.basileion_d.tess,septuaginta.tlg014 urn:cts:greekLit:tlg0527.tlg014.1st1K-grc1.6.24,κα,καὶ,"ιλεὺς Συρίας πᾶσαν τὴν παρεμβολὴν αὐτοῦ κα ἀνέβη, κα περιε- Σαμάρειαν."
septuaginta.basileion_d.tess,septuaginta.tlg014 urn:cts:greekLit:tlg0527.tlg014.1st1K-grc1.6.24,κα,καὶ,"ας πᾶσαν τὴν παρεμβολὴν αὐτοῦ κα ἀνέβη, κα περιε- Σαμάρειαν."
septuaginta.basileion_d.tess,septuaginta.tlg014 urn:cts:greekLit:tlg0527.tlg014.1st1K-grc1.6.25,κα,καὶ,"καὶ ἐγένετο λιμὸς μέγας ἐν Σαμαρείᾳ, κα ἰδοὺ Σαμαρια ηντο ἐπ’ αὐτὴν ἕως οὗ ἐγεν"
septuaginta.basileion_d.tess,septuaginta.tlg014 urn:cts:greekLit:tlg0527.tlg014.1st1K-grc1.7.5,κα,καὶ,"ὶ ἦλθον εἰς μέσον τῆς παρεμβολῆς Συρας, κα ἰδοὺ οὐκ ἔστιν ἀνὴρ ἐκεῖ."
septuaginta.basileion_d.tess,septuaginta.tlg014 urn:cts:greekLit:tlg0527.tlg014.1st1K-grc1.7.7,κα,καὶ,καὶ ἀνέστησαν κα ἀπέδρασαν ἐν τῷ σκότει· καὶ ἐνκατέλιπαν
septuaginta.basileion_d.tess,septuaginta.tlg014 urn:cts:greekLit:tlg0527.tlg014.1st1K-grc1.7.8,κα,καὶ,"αρεμβολῆς, καὶ εἰσῆλθον εἰς σκηνὴν μίαν κα ἔφαγον καὶ ἔπιον, καὶ ἦραν ἐκεῖθεν ἀργύ"
septuaginta.basileion_d.tess,septuaginta.tlg014 urn:cts:greekLit:tlg0527.tlg014.1st1K-grc1.7.8,κα,καὶ,", καὶ ἦραν ἐκεῖθεν ἀργύριον καὶ χρυσίον κα ἱματισμόν· καὶ ἐπορεύθησαν καὶ ἐπέστρεψ"
septuaginta.basileion_d.tess,septuaginta.tlg014 urn:cts:greekLit:tlg0527.tlg014.1st1K-grc1.7.8,κα,καὶ," καὶ ἐπορεύθησαν καὶ ἐπέστρεψαν ἐκεῖθεν κα εἰσῆλθον εἰς σκηνὴν ἄλλην, καὶ ἔλαβον ἐ"
septuaginta.basileion_d.tess,septuaginta.tlg014 urn:cts:greekLit:tlg0527.tlg014.1st1K-grc1.7.8,κα,καὶ,"λην, καὶ ἔλαβον ἐκεῖθεν καὶ ἐπορεύθησαν κα κατέκρυψαν·"
septuaginta.basileion_d.tess,septuaginta.tlg014 urn:cts:greekLit:tlg0527.tlg014.1st1K-grc1.7.9,κα,καὶ,κα εἶπεν ἀνὴρ πρὸς τὸν πλησίον αὐτοῦ Οὐχ ο
septuaginta.basileion_d.tess,septuaginta.tlg014 urn:cts:greekLit:tlg0527.tlg014.1st1K-grc1.7.10,κα,καὶ,"καὶ εἰσῆλθον κα ἐβόησαν πρὸς τὴν πύλην τῆς πόλεως, καὶ "
septuaginta.basileion_d.tess,septuaginta.tlg014 urn:cts:greekLit:tlg0527.tlg014.1st1K-grc1.7.10,κα,καὶ,"ωνὴ ἀνθρώπου, ὄτι εἰ μὴ ἴππος δεδεμένος κα ὄνος κα αἱ σκηναὶ αὐτῶν ὡς εἰσίν."
septuaginta.basileion_d.tess,septuaginta.tlg014 urn:cts:greekLit:tlg0527.tlg014.1st1K-grc1.7.10,κα,καὶ,"ώπου, ὄτι εἰ μὴ ἴππος δεδεμένος κα ὄνος κα αἱ σκηναὶ αὐτῶν ὡς εἰσίν."
septuaginta.basileion_d.tess,septuaginta.tlg014 urn:cts:greekLit:tlg0527.tlg014.1st1K-grc1.7.12,κα,καὶ,καὶ ἔστη ὁ βασιλεὺς νυκτὸς κα εἰπεν πρὸς τοὺς παῖδας αὐτοῦ Ἀναγγελῶν 
septuaginta.basileion_d.tess,septuaginta.tlg014 urn:cts:greekLit:tlg0527.tlg014.1st1K-grc1.7.12,κα,καὶ,"εν ἡμεῖς, καὶ ἐξῆλθαν ἐκ τῆς παρεμβολῆς κα εξηλθον ἐκρύβησαν ἐν τῷ ἀγρῷ, λέγοντες "
septuaginta.basileion_d.tess,septuaginta.tlg014 urn:cts:greekLit:tlg0527.tlg014.1st1K-grc1.9.26,κα,καὶ," αὐτῷ ἐν τῇ μερίδι ταύτῃ, φησὶν Κύριος. κα νῦν ἄρας δὴ ῥίψον αὐτὸν ἐν τῇ μερίδι κα"
septuaginta.basileion_d.tess,septuaginta.tlg014 urn:cts:greekLit:tlg0527.tlg014.1st1K-grc1.10.1,κα,καὶ,ν Σαμαρείᾳ πρὸς τοὺς ἄρχοντας Σαμαρείας κα πρὸς τοὺς πρεσβυτέρους καὶ πρὸς τοὺς τι
septuaginta.basileion_d.tess,septuaginta.tlg014 urn:cts:greekLit:tlg0527.tlg014.1st1K-grc1.10.2,κα,καὶ,"υ ὑμῶν, καὶ μεθ’ ὑμῶν τὸ ἅρμα καὶ ἵπποι κα πόλεις ὀχυραὶ καὶ τὰ ὄπλα·"
septuaginta.basileion_d.tess,septuaginta.tlg014 urn:cts:greekLit:tlg0527.tlg014.1st1K-grc1.10.9,κα,καὶ,ἐγώ εἰμι συνεστράφην ἐπὶ τὸν κύριόν μου κα αὐτόν· καὶ τίς ἐπάταξεν πάντας τούτους 
septuaginta.basileion_d.tess,septuaginta.tlg014 urn:cts:greekLit:tlg0527.tlg014.1st1K-grc1.13.21,κα,καὶ,"κα ἐγένετο αὐτῶν θαπιόντων τὸν ἄνδρα, καὶ "
septuaginta.basileion_d.tess,septuaginta.tlg014 urn:cts:greekLit:tlg0527.tlg014.1st1K-grc1.13.21,κα,καὶ,"τὸν ἄνδρα, καὶ ἰδοὺ ἴδον τὸν μονόζωνον, κα ἔρριψαν τὸν ἄνδρα ἐν τῷ τάφω Ἐλεσαῖε· κ"
septuaginta.basileion_d.tess,septuaginta.tlg014 urn:cts:greekLit:tlg0527.tlg014.1st1K-grc1.13.23,κα,καὶ,"ιαθήκην αὐτοῦ τὴν μετὰ Ἀβραὰμ καὶ Ἰσαὰκ κα Ἰακώβ, καὶ οὐκ ἠθέλησεν Κύριος διαφθεῖρ"
septuaginta.basileion_d.tess,septuaginta.tlg014 urn:cts:greekLit:tlg0527.tlg014.1st1K-grc1.14.7,κα,καὶ,", καὶ συνέλαβε τὴν πέτραν ἐν τῳ πολέμῳ, κα, ἐκάλεσεν τὸ ὄνομα αὐτῆς Καθοὴλ ἕως τῆς"
septuaginta.basileion_d.tess,septuaginta.tlg014 urn:cts:greekLit:tlg0527.tlg014.1st1K-grc1.15.2,κα,καὶ," ἐν τῷ βασιλεύειν αὐτόν, καὶ πεντήκοντα κα δύο ἔτη ἐβασίδευσεν ἐν Ἰερουσαλήμ, καὶ "
septuaginta.basileion_d.tess,septuaginta.tlg014 urn:cts:greekLit:tlg0527.tlg014.1st1K-grc1.15.18,κα,καὶ,κα τὸ πονηρὸν ἐν ὀφθαλμοῖς Κυρίου· οὐκ ἀπέ
septuaginta.basileion_d.tess,septuaginta.tlg014 urn:cts:greekLit:tlg0527.tlg014.1st1K-grc1.16.10,κα,καὶ,· καὶ εἶδεν τὸ θυσιαστήριον ἐν Δαμασκῷ· κα ἀπέστειλεν ὁ βασιλεὺς Ἀχὰζ πρὸς Οὐρείαν
septuaginta.basileion_d.tess,septuaginta.tlg014 urn:cts:greekLit:tlg0527.tlg014.1st1K-grc1.16.13,κα,καὶ,"τὴν θυσίαν αὐτοῦ καὶ τὴν σπονδὴν αὐτοῦ, κα προσέχεεν τὸ αἱμα εἰρηνικῶν τῶν αὐτοῦ ἐ"
septuaginta.basileion_d.tess,septuaginta.tlg014 urn:cts:greekLit:tlg0527.tlg014.1st1K-grc1.16.15,κα,καὶ,"ν πρωινὴν καὶ τὴν θυσίαν τὴν ἑσπερινήν, κα τὴν ὁλοκαύτωσιν τοῦ Ουρια βασιλέως καὶ "
septuaginta.basileion_d.tess,septuaginta.tlg014 urn:cts:greekLit:tlg0527.tlg014.1st1K-grc1.17.6,κα,καὶ,"έλαβεν βασιλεὺς Ἀσσυρίων τὴν Σαμάρειαν, κα ἀπῴκισεν τὸν Ἰσραὴλ εἰς Ἀσσυρίους, καὶ "
septuaginta.basileion_d.tess,septuaginta.tlg014 urn:cts:greekLit:tlg0527.tlg014.1st1K-grc1.17.7,κα,καὶ,"κάτωθεν χειρὸς Φαραὼ βασιλέως Αἰγύπτου, κα οτε ἐφοβήθησαν θεοὺς ἑτέρους,"
septuaginta.basileion_d.tess,septuaginta.tlg014 urn:cts:greekLit:tlg0527.tlg014.1st1K-grc1.17.24,κα,καὶ,"Ἰσραήλ, καὶ ἐκληρονόμησαν τὴν Σαμάρειαν κα κατῴκησαν ἐν ταῖς πόλεσιν αὐτῆς."
septuaginta.basileion_d.tess,septuaginta.tlg014 urn:cts:greekLit:tlg0527.tlg014.1st1K-grc1.19.29,κα,καὶ,ὰ άνατε καὶ ἔτει τρίτῳ σπορὰ καὶ ἄμητος κα καὶ φάγεσθε τὸν καρπὸν αὐτῶν·
septuaginta.basileion_d.tess,septuaginta.tlg014 urn:cts:greekLit:tlg0527.tlg014.1st1K-grc1.21.22,κα,καὶ,"ιπεν τὸν κύριον θεὸν τῶν πατέρων αὐτοῦ, κα οὐκ ἐπορεύθη ἐν ὁδῷ Κυρίου."
septuaginta.basileion_d.tess,septuaginta.tlg014 urn:cts:greekLit:tlg0527.tlg014.1st1K-grc1.23.4,κα,καὶ,η τὰ πεποιημένα τῷ Βάαλ καὶ τῷ τη ἄλσει κα πάσῃ τῇ δυνάμει τοῦ οὐρανοῦ· καὶ κατέκα
septuaginta.basileion_d.tess,septuaginta.tlg014 urn:cts:greekLit:tlg0527.tlg014.1st1K-grc1.23.25,κα,καὶ,στρεψεν πρὸς Κύριον ἐν ὅλῃ καρδίᾳ αὐτοῦ κα ἐν ὅλῃ ἰσχύι αὐτοῦ καὶ ἐν ὅλῃ ψυχῇ αὐτο
septuaginta.basileion_d.tess,septuaginta.tlg014 urn:cts:greekLit:tlg0527.tlg014.1st1K-grc1.23.25,κα,καὶ," ψυχῇ αὐτοῦ κατὰ πάντα τὸν νόμον Μωυσῆ, κα μετ’ αὐτὸν οὐκ ἀνέστη ὅμοιος αὐτῷ."
septuaginta.basileion_d.tess,septuaginta.tlg014 urn:cts:greekLit:tlg0527.tlg014.1st1K-grc1.23.28,κα,καὶ,"καὶ τὰ λοιπὰ τῶν λόγων Ἰωσείου κα πάντα ὅσα ἐποίησεν, οὐχὶ ταῦτα γεγραμμέ"
septuaginta.basileion_d.tess,septuaginta.tlg014 urn:cts:greekLit:tlg0527.tlg014.1st1K-grc1.23.30,κα,καὶ,"κεδών, καὶ ἤγαγον αὐτὸν εἰς Ἰερουσαλήμ, κα ἔθαψαν αὐτὸν ἐν τῷ τάφῳ αὐτοῦ· καὶ ἔλαβ"
septuaginta.basileion_d.tess,septuaginta.tlg014 urn:cts:greekLit:tlg0527.tlg014.1st1K-grc1.24.4,κα,καὶ,καί γε αἷμα ἀθῷον ἐξέχεεν κα ἔπλησεν τὴν Ἰερουσαλὴμ αἵματος ἀθῴου· κ
septuaginta.basileion_d.tess,septuaginta.tlg014 urn:cts:greekLit:tlg0527.tlg014.1st1K-grc1.25.13,κα,καὶ," ἐν οἴκῳ Κυρίου συνέτριψαν οἱ Χαλδαῖοι, κα ἦραν τὸν χαλκὸν εἰς Βαβυλῶνα."
septuaginta.basileion_g.tess,septuaginta.tlg013 urn:cts:greekLit:tlg0527.tlg013.1st1K-grc1.15.8,κα,καὶ," εἰκοστῷ καὶ τετάρτῳ ἔτει τοῦ ἰεροβοάμ, κα θάπτεται μετὰ τῶν πατέρων αὐτοῦ ἐν πόλε"
septuaginta.basileion_g.tess,septuaginta.tlg013 urn:cts:greekLit:tlg0527.tlg013.1st1K-grc1.15.10,κα,καὶ,καὶ τεσσεράκοντα κα ἓν ἔτος ἐβασίλευσεν ἐν Ἰερουσαλήμ· καὶ 
septuaginta.deuteronomion.tess,septuaginta.tlg005 urn:cts:greekLit:tlg0527.tlg005.1st1K-grc1.1.42,κα,καὶ,"ὲ μὴ πολεμήσετε, οὐ γάρ εἰμι μεθ’ ὑμῶν· κα οὐ μὴ συντριβῆτε ἐνώπιον τῶν ἐχθρῶν ὑμῶ"
septuaginta.deuteronomion.tess,septuaginta.tlg005 urn:cts:greekLit:tlg0527.tlg005.1st1K-grc1.1.44,κα,καὶ," ἐν τῷ ὄρει ἐκείνῳ εἰς συνάντησιν ὑμῖν, κα κατεδίωξαν ὑμᾶς ὡς εἰ ποιήσαισαν αἱ μέλ"
septuaginta.deuteronomion.tess,septuaginta.tlg005 urn:cts:greekLit:tlg0527.tlg005.1st1K-grc1.2.21,κα,καὶ,ἔθνος μέγα κα πολὺ καὶ δυνατώτερον ὑμῶν ὥσπερ οἱ Ἐνακ
septuaginta.deuteronomion.tess,septuaginta.tlg005 urn:cts:greekLit:tlg0527.tlg005.1st1K-grc1.2.33,κα,καὶ,καὶ ἐπάταξεν αὐτὸν καὶ τοὺς υἱοὺς αὐτοῦ κα πάντα τὸν λαὸν αὐτοῦ·
septuaginta.deuteronomion.tess,septuaginta.tlg005 urn:cts:greekLit:tlg0527.tlg005.1st1K-grc1.3.27,κα,καὶ,"ῖς κατὰ θἁλασ- σαν καὶ βορρᾶν καὶ λίβα κα ἀνατολάς, καὶ ἴδε τοῖς ὀφθαλμοῖς σου. ὅ"
septuaginta.deuteronomion.tess,septuaginta.tlg005 urn:cts:greekLit:tlg0527.tlg005.1st1K-grc1.4.25,κα,καὶ,"ῶν υἱῶν σου, καὶ χρονίσητε ἐπὶ τῆς γῆς, κα ἀνομήσητε καὶ ποιήσητε γλυπτὸν ὁμοίωμα "
septuaginta.deuteronomion.tess,septuaginta.tlg005 urn:cts:greekLit:tlg0527.tlg005.1st1K-grc1.4.42,κα,καὶ,ὐτὸν πρὸ τῆς ἐχθὲς οὐδὲ πρὸ τῆς τρίτης· κα καταφεύξεται εἰς μίαν τῶν πόλεων τούτων
septuaginta.deuteronomion.tess,septuaginta.tlg005 urn:cts:greekLit:tlg0527.tlg005.1st1K-grc1.6.21,κα,καὶ,εν ἡμᾶς κύριος ἐκεῖθεν ἐν χειρὶ κραταιᾷ κα ἐν ὑψηλῷ·
septuaginta.deuteronomion.tess,septuaginta.tlg005 urn:cts:greekLit:tlg0527.tlg005.1st1K-grc1.7.1,κα,καὶ,"ον, ἑπτὰ ἔθνη πολλὰ κὼ μέγαλα πολ μηαλα κα ἰσχυρότερα ὑμῶν,"
septuaginta.deuteronomion.tess,septuaginta.tlg005 urn:cts:greekLit:tlg0527.tlg005.1st1K-grc1.7.3,κα,καὶ,"ὴν θυγατέρα σου οὐ δώσεις τῶ υἱῶ αὐτοῦ, κα τὴν θυγατέρα αὐτοῦ οὐ λήμψῃ τῷ υἱῷ σου·"
septuaginta.deuteronomion.tess,septuaginta.tlg005 urn:cts:greekLit:tlg0527.tlg005.1st1K-grc1.10.10,κα,καὶ,"ἱστήκειν ἐν τῷ ὄρει τεσσεράκοντα ἡμέρας κα τεσσεράκοντα νύκτας, καὶ ἤκουσεν Κύριος"
septuaginta.deuteronomion.tess,septuaginta.tlg005 urn:cts:greekLit:tlg0527.tlg005.1st1K-grc1.11.21,κα,καὶ,"ἵνα μακροημερευσητε, κα αἱ ἡμέραι τῶν υἱῶν ὑμῶν ἐπὶ τῆς γῆς ἧς "
septuaginta.deuteronomion.tess,septuaginta.tlg005 urn:cts:greekLit:tlg0527.tlg005.1st1K-grc1.12.6,κα,καὶ,"λογίας ὑμῶν, τὰ πρωτότοκα τῶν βοῶν ὑμῶν κα τῶν προβάτων ὑμῶν·"
septuaginta.deuteronomion.tess,septuaginta.tlg005 urn:cts:greekLit:tlg0527.tlg005.1st1K-grc1.14.25,κα,καὶ," Κυρίου τοῦ θεοῦ σου, καὶ εὐφρανθήσῃ σὺ κα ὁ υἱός σου"
septuaginta.deuteronomion.tess,septuaginta.tlg005 urn:cts:greekLit:tlg0527.tlg005.1st1K-grc1.14.28,κα,καὶ,"ετὰ σοῦ, καὶ ὁ προσήλυτος καὶ ὁ ὀρφανὸς κα ἡ χήρα ἡ ἱέν ταῖς πόλεσιν σου, καὶ φάγο"
septuaginta.deuteronomion.tess,septuaginta.tlg005 urn:cts:greekLit:tlg0527.tlg005.1st1K-grc1.16.7,κα,καὶ,καὶ ἑψήσεις κα ὀπτήσεις καὶ φάγῃ ἐν τῷ τόπῳ οὗ ἐὰν ἐκλ
septuaginta.deuteronomion.tess,septuaginta.tlg005 urn:cts:greekLit:tlg0527.tlg005.1st1K-grc1.16.13,κα,καὶ,ς ἐν τῷ συναγαγεῖν σε ἐκ τοῦ ἅλωνός σου κα ἀπὸ τῆς ληνοῦ σου·
septuaginta.deuteronomion.tess,septuaginta.tlg005 urn:cts:greekLit:tlg0527.tlg005.1st1K-grc1.17.10,κα,καὶ,καὶ ποιήσεις κα τὸ πρᾶγμα ὃ ἐὰν ἀναγγείλωσίν σοι ἐκ τοῦ
septuaginta.deuteronomion.tess,septuaginta.tlg005 urn:cts:greekLit:tlg0527.tlg005.1st1K-grc1.19.10,κα,καὶ,καὶ κα οὐκ ἐκχυθήσεται αἷμα ἀναίτιον ἐν τῆ γῇ 
septuaginta.deuteronomion.tess,septuaginta.tlg005 urn:cts:greekLit:tlg0527.tlg005.1st1K-grc1.19.12,κα,καὶ,"ποστελοῦσιν ἡ γερουσία τῆς πόλεως αὐτοῦ κα λῆμ’· ψονται αὐτὸν ἐκεῖθεν, καὶ παραδώσ"
septuaginta.deuteronomion.tess,septuaginta.tlg005 urn:cts:greekLit:tlg0527.tlg005.1st1K-grc1.21.2,κα,καὶ,"σεται ἡ γερουσία σου καὶ οἱ κριταί σου, κα ἐκμετρήσουσιν ἐπὶ τὰς πόλεις τὰς κύκλῳ "
septuaginta.deuteronomion.tess,septuaginta.tlg005 urn:cts:greekLit:tlg0527.tlg005.1st1K-grc1.21.19,κα,καὶ,κα συλλαβόντες αὐτὸν ὁ πατὴρ αὐτοῦ καὶ ἡ μ
septuaginta.deuteronomion.tess,septuaginta.tlg005 urn:cts:greekLit:tlg0527.tlg005.1st1K-grc1.24.15,κα,καὶ," πένης ἐστὶν καὶ ἐν αὐτῷ ὦι τὴν ἐλπίδα, κα καταβοήσεται κατὰ σοῦ πρὸ. Κύριον, κα ἔ"
septuaginta.deuteronomion.tess,septuaginta.tlg005 urn:cts:greekLit:tlg0527.tlg005.1st1K-grc1.24.15,κα,καὶ,", κα καταβοήσεται κατὰ σοῦ πρὸ. Κύριον, κα ἔσται ἐν σοὶ ἁμαρτία."
septuaginta.deuteronomion.tess,septuaginta.tlg005 urn:cts:greekLit:tlg0527.tlg005.1st1K-grc1.27.15,κα,καὶ,"ατάρατος ἄνθρωπος ὅστις ποιήσει γλυπτὸν κα χωνευτόν, βδέλυγμα κυρίῳ, ἔργον χειρῶν "
septuaginta.deuteronomion.tess,septuaginta.tlg005 urn:cts:greekLit:tlg0527.tlg005.1st1K-grc1.29.22,κα,καὶ,"οἱ υἱοὶ ὑμῶν οἳ ἀναστήσονται μεθ’ ὑμᾶς, κα ὁ ἀλλότριος ὃς ἂν ἔλθῃ ἐκ γῆς μακρόθεν,"
septuaginta.deuteronomion.tess,septuaginta.tlg005 urn:cts:greekLit:tlg0527.tlg005.1st1K-grc1.31.14,κα,καὶ,"αὶ ἐντελοῦμαι αὐτῷ. καὶ ἐπορεύθη Μωυσῆς κα Ἰησοῦς εἰς τὴν σκηνὴν τοῦ μαρτυρίου, κα"
septuaginta.deuteronomion.tess,septuaginta.tlg005 urn:cts:greekLit:tlg0527.tlg005.1st1K-grc1.32.25,κα,καὶ,"ἔξωθεν ἀτεκνώσει αὐτοὺς μάχαιρα, κα ἐκ τῶν ταμείων νεανίσκος σὺν παθένῳ,"
septuaginta.deuteronomion.tess,septuaginta.tlg005 urn:cts:greekLit:tlg0527.tlg005.1st1K-grc1.32.43,κα,καὶ,"ἐχθροῖς. καὶ τοῖς μισοῦσιν ἀνταποδώσει, κα ἐκκαθαριεῖ κύριος τὴν γῆν τοῦ λαοῦ αὐτο"
septuaginta.deuteronomion.tess,septuaginta.tlg005 urn:cts:greekLit:tlg0527.tlg005.1st1K-grc1.33.22,κα,καὶ,"Καὶ τῷ Δἀν εἷπεν Δὰν σκύμνος λέοντος, κα ἐκπηδήσεται ἐκ τοῦ βασᾶν. εκπηδησει"
septuaginta.exodus.tess,septuaginta.tlg002 urn:cts:greekLit:tlg0527.tlg002.1st1K-grc1.2.3,κα,καὶ,ἠδύναντο αὐτὸ ἔτι αὐτῷ η μήτηρ αὐτοῦ ἱν κα κατέχρισεν ἀυτὴν ἀσφαλτοπίσσῃ καὶ ἐνέβα
septuaginta.exodus.tess,septuaginta.tlg002 urn:cts:greekLit:tlg0527.tlg002.1st1K-grc1.3.17,κα,καὶ," Ἀμορραίων καὶ Φερεζαίων καὶ Γεργεσαίων κα Εὑαίων καὶ Ἰεβουσαίων, εἰς γῆν ῥέουσαν "
septuaginta.exodus.tess,septuaginta.tlg002 urn:cts:greekLit:tlg0527.tlg002.1st1K-grc1.3.18,κα,καὶ,ύσονταί σου τῆς φωνῆς. καὶ εἰσελεύσῃ σὺ κα ἡ γερουσία Ἰσραὴλ πρὸς Φαραὼ βασιλέα Αἰ
septuaginta.exodus.tess,septuaginta.tlg002 urn:cts:greekLit:tlg0527.tlg002.1st1K-grc1.9.3,κα,καὶ,αὶ ἐν τοῖς ὑποζυγίοις καὶ ταῖς καμήλοις κα βουσὶν καὶ προβάτοις θάνατος μέγας σφόδ
septuaginta.exodus.tess,septuaginta.tlg002 urn:cts:greekLit:tlg0527.tlg002.1st1K-grc1.14.26,κα,καὶ,"κτεινον τὴν χεῖρά σου ἐπὶ τὴν θάλασσαν, κα ἀποκαταστήτω τὸ ὕδωρ καὶ ἐπικαλυψάτω το"
septuaginta.exodus.tess,septuaginta.tlg002 urn:cts:greekLit:tlg0527.tlg002.1st1K-grc1.16.13,κα,καὶ,"ἐγένετο δὲ ἑσπέρα, κα ὀρτυγομήτρα ὀρτυγομήτρα καὶ ἐκάλυψεν τὴ"
septuaginta.exodus.tess,septuaginta.tlg002 urn:cts:greekLit:tlg0527.tlg002.1st1K-grc1.19.21,κα,καὶ,"οτε ἐγγίσωσιν πρὸς τὸν θεὸν κατανοῆσαι, κα πέσωσιν ἐξ αὐτῶν πλῆθος·"
septuaginta.exodus.tess,septuaginta.tlg002 urn:cts:greekLit:tlg0527.tlg002.1st1K-grc1.25.22,κα,καὶ," μῆκος, καὶ πήχεος τὸ εὖρος, καὶ πήχεος κα ἡμίσους τὸ ὕψος."
septuaginta.exodus.tess,septuaginta.tlg002 urn:cts:greekLit:tlg0527.tlg002.1st1K-grc1.28.9,κα,καὶ,"ήμψῃ τοὺς δύο λίθους, λίθους σμαράγδου, κα γλύψεις ἐν αὑτοῖς τὰ ὀνόματα τῶν υἱῶν Ἰ"
septuaginta.exodus.tess,septuaginta.tlg002 urn:cts:greekLit:tlg0527.tlg002.1st1K-grc1.29.5,κα,καὶ," στολὰς ἐνδύσεις Ἀαρὼν τὸν ἀδελφόν σου, κα τὸν χιτῶνα τὸν ποδήρη καὶ τὴν ἐπωμίδα κ"
septuaginta.exodus.tess,septuaginta.tlg002 urn:cts:greekLit:tlg0527.tlg002.1st1K-grc1.29.10,κα,καὶ,"ἐπὶ τὰς θύρας τῆς σκηνῆς τοῦ μαρτυρίου, κα ἐπιθήσουσιν Ἀαρὼν καὶ οἱ υἱοὶ αὐτοῦ τὰς"
septuaginta.exodus.tess,septuaginta.tlg002 urn:cts:greekLit:tlg0527.tlg002.1st1K-grc1.29.13,κα,καὶ,"ν λοβὸν τοῦ ἥπατος καὶ τοὺς δύο νεφροὺς κα τὸ στέαρ τὸ ἐπ’ αὐτῶν, καὶ ἐπιθήσεις ἐπ"
septuaginta.exodus.tess,septuaginta.tlg002 urn:cts:greekLit:tlg0527.tlg002.1st1K-grc1.29.45,κα,καὶ,"τοὺς ἐκ γῆς Αἰγύπτου, ἐπικληθῆαι αὐτοῖς κα θε ὃς εἶναι αὐτῶν."
septuaginta.exodus.tess,septuaginta.tlg002 urn:cts:greekLit:tlg0527.tlg002.1st1K-grc1.34.11,κα,καὶ,ον καὶ Εὑαῖον καὶ Γεργεσαῖον ’τον Χεττ. κα ’τον Φέρ’. καὶ ’τον Ευ. καὶ ’τον Γεργ. 
septuaginta.exodus.tess,septuaginta.tlg002 urn:cts:greekLit:tlg0527.tlg002.1st1K-grc1.34.31,κα,καὶ,"καὶ ἐκά- λεσεν αὐτοὺς Μωσῆς, καὶ ἐπεστράφησαν "
septuaginta.exodus.tess,septuaginta.tlg002 urn:cts:greekLit:tlg0527.tlg002.1st1K-grc1.37.2,κα,καὶ,ὀκτὼ κα εἴκοσι μῆκος τῆς αὐλαίας τῆς μιᾶς· τὸ α
septuaginta.exodus.tess,septuaginta.tlg002 urn:cts:greekLit:tlg0527.tlg002.1st1K-grc1.38.11,κα,καὶ,κα τοὺς διωστῆρας τῆς κιβωτοῦ καὶ τῆς τραπ
septuaginta.exodus.tess,septuaginta.tlg002 urn:cts:greekLit:tlg0527.tlg002.1st1K-grc1.39.23,κα,καὶ,"καὶ ἴδεν Μωσῆς πάντα τὰ ἔργα, κα ἦσαν πεποιηκ ότες αὐτὰ ὃν τρόπον συνέτα"
septuaginta.genesis.tess,septuaginta.tlg001 urn:cts:greekLit:tlg0527.tlg001.1st1K-grc1.2.19,κα,καὶ,"ἔτι ἐκ τῆς γῆς πάντα τό θηρία τοῦ ἀγροῦ κα πάντα τὰ πετεινὰ τοῦ οὐρανοῦ, καὶ ἤγαγε"
septuaginta.genesis.tess,septuaginta.tlg001 urn:cts:greekLit:tlg0527.tlg001.1st1K-grc1.4.1,κα,καὶ,"ω Εὕαν τὴν γυναῖκα αὐτοῦ, καὶ συνέλαβεν κα ἔτεκεν τὸν Κάιν. καὶ εἶπεν Ἐκτησάμην ἄν"
septuaginta.genesis.tess,septuaginta.tlg001 urn:cts:greekLit:tlg0527.tlg001.1st1K-grc1.8.18,κα,καὶ, Νῶε καὶ ἡ γυνὴ αὐτοῦ καὶ οἱ υἱοὶ αὐτοῦ κα αἱ γυναῖκες τῶν υἱῶν αὐτοῦ μετ’ αὐτοῦ·
septuaginta.genesis.tess,septuaginta.tlg001 urn:cts:greekLit:tlg0527.tlg001.1st1K-grc1.10.16,κα,καὶ,καὶ τὸν Ἰεβουσαῖον κα τὸν Ἀμορραῖον καὶ τὸν Γερυεσαῖον
septuaginta.genesis.tess,septuaginta.tlg001 urn:cts:greekLit:tlg0527.tlg001.1st1K-grc1.10.19,κα,καὶ,"ναίων ἀπὸ Σιδῶνος ἕως ἐλθεῖν εἰς Γέραρα κα Γάζαν, ἕως ἐλθεῖν ἕως Σοδόμων καὶ Γομόρ"
septuaginta.genesis.tess,septuaginta.tlg001 urn:cts:greekLit:tlg0527.tlg001.1st1K-grc1.12.16,κα,καὶ,"ὐτῷ πρόβατα καὶ μόσχοι καὶ ὄνοι, παῖδες κα παδσκαι, ἡμίονοι καὶ κάμηλοι."
septuaginta.genesis.tess,septuaginta.tlg001 urn:cts:greekLit:tlg0527.tlg001.1st1K-grc1.12.19,κα,καὶ,",. καὶ ἔλαβον αὐτὴν ἐμαυτῷ εἰς γυναῖκα. κα νῦν ἰδοὺ ἡ γυνή σου ἐναντίον σου· λαβὼν"
septuaginta.genesis.tess,septuaginta.tlg001 urn:cts:greekLit:tlg0527.tlg001.1st1K-grc1.13.11,κα,καὶ,"ῷ Λὼτ πᾶσαν τὴν περίχωρον τοῦ Ἰορδάνου, κα ἀπῆρεν Λὼτ ἀπὸ ἀνατολῶν. καὶ διεχωρίσθη"
septuaginta.genesis.tess,septuaginta.tlg001 urn:cts:greekLit:tlg0527.tlg001.1st1K-grc1.18.5,κα,καὶ,"καἰ λήμψομαι ἄρτον, καὶ φάγεσθε· κα μετὰ τοῦτο παρε· νιψατωσαν ’σαν λεύσεσθ"
septuaginta.genesis.tess,septuaginta.tlg001 urn:cts:greekLit:tlg0527.tlg001.1st1K-grc1.18.7,κα,καὶ," καὶ ἔλαβον μοσχάριον ἁπαλὸν καὶ καλόν, κα ἔδωκεν τῶ παιδί, καὶ ἐτάχυνεν τοῦ ποιῆσ"
septuaginta.genesis.tess,septuaginta.tlg001 urn:cts:greekLit:tlg0527.tlg001.1st1K-grc1.18.8,κα,καὶ,"ν καὶ γάλα καὶ τὸ μοσχάριον ὃ ἐποίησεν, κα παρέθηκεν αὐτοῖς, καὶ ἐφάγοσαν· αὐτὸς δ"
septuaginta.genesis.tess,septuaginta.tlg001 urn:cts:greekLit:tlg0527.tlg001.1st1K-grc1.24.23,κα,καὶ,καὶ ℵD αἰ κα.. δραχμῆς ἐπηρώτησεν αὐτὴν καὶ εἶπεν Θυ
septuaginta.genesis.tess,septuaginta.tlg001 urn:cts:greekLit:tlg0527.tlg001.1st1K-grc1.29.18,κα,καὶ,"ἠγάπησεν δὲ Ἰακὼβ τὴν Ῥαχήλ, κα εἶπεν Δουλεύσω σοι ἑπτὰ ἔτη περὶ Ῥαχὴλ "
septuaginta.genesis.tess,septuaginta.tlg001 urn:cts:greekLit:tlg0527.tlg001.1st1K-grc1.30.13,κα,καὶ, ὅτι μακαρίζουσίν με πᾶσαι αἱ γυναῖκες· κα ἐκάλεσεν τὸ ὄνομα αὐτοῦ Ἀσήρ.
septuaginta.genesis.tess,septuaginta.tlg001 urn:cts:greekLit:tlg0527.tlg001.1st1K-grc1.30.18,κα,καὶ,"α τὴν παιδίσκην μου τῷ ἀνδρί μου· καὶ ἐκά- λεσεν τὸ ὄνομα αὐτοῦ Ἰσσαχάρ, ὅ ἐστιν"
septuaginta.genesis.tess,septuaginta.tlg001 urn:cts:greekLit:tlg0527.tlg001.1st1K-grc1.33.4,κα,καὶ, ποσέπεσεν ἐσὲν ἐπὶ τὸν τράχηλον αὐτοῦ· κα ἔκλαυσαν ἀμφότεροι.
septuaginta.genesis.tess,septuaginta.tlg001 urn:cts:greekLit:tlg0527.tlg001.1st1K-grc1.38.14,κα,καὶ,κα ὶ περιελομένη τὰ ἱμάτια τῆς χηρεύσεως ἀ
septuaginta.genesis.tess,septuaginta.tlg001 urn:cts:greekLit:tlg0527.tlg001.1st1K-grc1.38.25,κα,καὶ,ω· καὶ εἶπεν Ἐπίγνωθι τίνος ὁ δακτύλιος κα ὁ ὁρμίσκος καὶ ἡ ῥάβδος αὕτη.
septuaginta.genesis.tess,septuaginta.tlg001 urn:cts:greekLit:tlg0527.tlg001.1st1K-grc1.43.16,κα,καὶ,"ν τὸν ἀδελΦὸν αὐτοῦ τὸν ὁμομή- τριον, κα ἐνετείλατο τῷ ἐπὶ τῆς οἰκίας αὐτοῦ εἰσα"
septuaginta.genesis.tess,septuaginta.tlg001 urn:cts:greekLit:tlg0527.tlg001.1st1K-grc1.50.17,κα,καὶ,"κίαν καὶ τὴν ἁμαρτίαν αὐτῶν, ὅτι πονηρά κα τὴν ἁμαρτίαν σοι ἐνεδείξαντο· καὶ νῦν δ"
septuaginta.josue.tess,septuaginta.tlg006 urn:cts:greekLit:tlg0527.tlg006.1st1K-grc1.2.1,κα,καὶ,"ἰς οἰκίον γυναικὸς πόρνης ᾗ ὄνομα Ῥαάβ, κα κατέλυσαν ἐκεῖ."
septuaginta.josue.tess,septuaginta.tlg006 urn:cts:greekLit:tlg0527.tlg006.1st1K-grc1.2.6,κα,καὶ,"αὕτη δὲ ἀνεβίβασεν αὐτοὺς ἐπὶ τὸ δῶμα, κα ἔκρυψεν αὐτοὺς ἐν τῇ λινοκαλάμη τῇ ἐστο"
septuaginta.josue.tess,septuaginta.tlg006 urn:cts:greekLit:tlg0527.tlg006.1st1K-grc1.3.7,κα,καὶ,"ν, καθότι ἤμην μετὰ Μωυσῆ, οὕτως ἔσομαι κα μετὰ σοῦ."
septuaginta.josue.tess,septuaginta.tlg006 urn:cts:greekLit:tlg0527.tlg006.1st1K-grc1.4.7,κα,καὶ,"ρίου πάσης τῆς γῆς, ὡς διέβαινεν αὐτόν. κα οἱ λίθοι οὗτοι ὑμῖν μνημόσυνον τοῖς υἱο"
septuaginta.josue.tess,septuaginta.tlg006 urn:cts:greekLit:tlg0527.tlg006.1st1K-grc1.4.12,κα,καὶ,διέβησαν οἱ υἱοὶ Ῥουβὴν καὶ οἱ υἱοὶ Γὰδ κα οἱ ἡμίσεις φυλῆς Μανασσὴ διεσκευασμένοι
septuaginta.josue.tess,septuaginta.tlg006 urn:cts:greekLit:tlg0527.tlg006.1st1K-grc1.7.9,κα,καὶ,τοικοῦντες τὴν γῆν περικυκλώσουσιν ἡμᾶς κα ἐκτρίψουσιν ἡμᾶς ἀπὸ τῆς γῆς· καὶ τί πο
septuaginta.josue.tess,septuaginta.tlg006 urn:cts:greekLit:tlg0527.tlg006.1st1K-grc1.8.11,κα,καὶ," λαὸς ὁ πολεμιστὴς μετ’ αὐτοῦ ἀνέβησαν, κα πορευόμενοι ἦλθον ἐξ ἐναντίας τῆς πόλεω"
septuaginta.josue.tess,septuaginta.tlg006 urn:cts:greekLit:tlg0527.tlg006.1st1K-grc1.8.29,κα,καὶ," ξύλου καὶ ἔριψαν αὐτὸν εἰς τὸν βόθρον, κα ἐπέστησαν αὐτῷ σωρὸν λίθων ἕως τῆς ἡμέρ"
septuaginta.josue.tess,septuaginta.tlg006 urn:cts:greekLit:tlg0527.tlg006.1st1K-grc1.9.6,κα,καὶ,καὶ πᾶς Ἰσραὴλ καὶ οἱ πρεσβύτεροι αὐτῶν κα ὁ δικασταὶ καὶ οἱ γραμματεῖς αὐτῶν παρε
septuaginta.josue.tess,septuaginta.tlg006 urn:cts:greekLit:tlg0527.tlg006.1st1K-grc1.9.22,κα,καὶ,"θήκην, ἤκουσαν ὅτι ἐγγύθεν αὐτῶν εἰσιν, κα ὅτι ἐν αὐτοῖς κατοικοῦσιν."
septuaginta.josue.tess,septuaginta.tlg006 urn:cts:greekLit:tlg0527.tlg006.1st1K-grc1.10.30,κα,καὶ,", καὶ ἐφόνευσεν αὐτὴν ἐν στόματι ξίφους κα πᾶν ἔνπνεον ἐν αὐτῇ, καὶ οὐ κατελείφθη "
septuaginta.josue.tess,septuaginta.tlg006 urn:cts:greekLit:tlg0527.tlg006.1st1K-grc1.10.39,κα,καὶ,"ἔλαβον αὐτὴν καὶ τὸν βασιλέα αὐτῆς κα τὰς αὐτῆς, καὶ ἐπάταξαν αὐτὴν ἐν στόματ"
septuaginta.josue.tess,septuaginta.tlg006 urn:cts:greekLit:tlg0527.tlg006.1st1K-grc1.11.15,κα,καὶ,"νέταξεν Κύριος τῷ Μωυσῇ τῷ παιδὶ αὐτοῦ, κα Μωυσῆς ὡσαύτως ἐνετείλατο τῶ Ἰησοῖ, καὶ"
septuaginta.josue.tess,septuaginta.tlg006 urn:cts:greekLit:tlg0527.tlg006.1st1K-grc1.12.7,κα,καὶ,"τοῦ ὄρους Χελχὰ ἀναβαινόντων εἰς Σηείρ, κα ἔδωκεν αὐτὸν Ἰησοῦς ταῖς φυλαῖς Ἰσραὴλ "
septuaginta.josue.tess,septuaginta.tlg006 urn:cts:greekLit:tlg0527.tlg006.1st1K-grc1.13.1,κα,καὶ,"ς πρὸς Ἰησοῦν Σὺ προβέβηκας τῶν ἡμερῶν, κα ἡ γῆ ὑπολέλειπται λειπται πολλὴ εἰς κλη"
septuaginta.josue.tess,septuaginta.tlg006 urn:cts:greekLit:tlg0527.tlg006.1st1K-grc1.13.11,κα,καὶ,"ὶ τὴν Γαλααδείτιδα καὶ το ὅρια Γεσειρεὶ κα τοῦ Μαχατεί, πᾶν ὄρος Ἁερμών, καὶ πᾶσαν"
septuaginta.josue.tess,septuaginta.tlg006 urn:cts:greekLit:tlg0527.tlg006.1st1K-grc1.13.12,κα,καὶ,"ρώθ· οὗτος κατελείφθη ἀπὸ τῶν γιγάντων, κα ἐπάταξεν αὐτὸν Μωυσῆς καὶ ἐξωλέθρευσεν."
septuaginta.josue.tess,septuaginta.tlg006 urn:cts:greekLit:tlg0527.tlg006.1st1K-grc1.13.17,κα,καὶ,"ἕως Ἑσεβών, κα πάσας τὰς πόλεις τὰς οὔσας ἐν τῇ Μεισώρ"
septuaginta.josue.tess,septuaginta.tlg006 urn:cts:greekLit:tlg0527.tlg006.1st1K-grc1.13.21,κα,καὶ,"ωυσῆς αὐτὸν καὶ τοὺς ἡγουμένους Μαδιάμ, κα τὸν Εὐεὶ καὶ τὸν Ῥόβοκ καὶ τὸν Σοὺρ καὶ"
septuaginta.josue.tess,septuaginta.tlg006 urn:cts:greekLit:tlg0527.tlg006.1st1K-grc1.13.27,κα,καὶ,αὶ ’Eναδὼμ καὶ Ὀθαργαεὶ καὶ Βαινθαναβρὰ κα Σοκχωθὰ καὶ Σαφάν καὶ τὴν λοιπὴν βασιλε
septuaginta.josue.tess,septuaginta.tlg006 urn:cts:greekLit:tlg0527.tlg006.1st1K-grc1.15.7,κα,καὶ," καὶ διεκβαλεῖ ἐπὶ τὸ ὕδωρ πηγῆς ἡλίου, κα ἔσται αὐτοῦ ἡ διέξοδος πηγὴ Ῥωγήλ."
septuaginta.josue.tess,septuaginta.tlg006 urn:cts:greekLit:tlg0527.tlg006.1st1K-grc1.15.23,κα,καὶ,καὶ κάδης κα Ἀσοριωνάιν καὶ Μαινὰμ
septuaginta.josue.tess,septuaginta.tlg006 urn:cts:greekLit:tlg0527.tlg006.1st1K-grc1.15.36,κα,καὶ,"αὶ Σακαρεὶμ καὶ Γαδηρὰ καὶ αἱ καὶ Σωχω· κα Αζηκα· και ἐπαύλεις αὐτῆς, πόλεις δέκα "
septuaginta.josue.tess,septuaginta.tlg006 urn:cts:greekLit:tlg0527.tlg006.1st1K-grc1.15.42,κα,καὶ,Λεμνὰ κα Ἴθακ καὶ Ἀνὼχ
septuaginta.josue.tess,septuaginta.tlg006 urn:cts:greekLit:tlg0527.tlg006.1st1K-grc1.15.60,κα,καὶ," ἡ πόλις Ἰαρείμ, καὶ Σωθηβά, πόλεις δύο κα αἳ ἐπαύλεις αὐτῶν."
septuaginta.josue.tess,septuaginta.tlg006 urn:cts:greekLit:tlg0527.tlg006.1st1K-grc1.16.2,κα,καὶ,"καὶ ἐξελεύσεται εἰς Βαιθήλ, κα παρελεύσεται ἐπὶ τὰ ὅρια τοῦ Χαταρωθεί,"
septuaginta.josue.tess,septuaginta.tlg006 urn:cts:greekLit:tlg0527.tlg006.1st1K-grc1.17.4,κα,καὶ,ν κληρονομίαν ἐν μέσῳ τῶν ἀδελφῶν ἡμῶν. κα ἐδόθη αὐταῖς διὰ προστάγματος Κυρίου κλ
septuaginta.josue.tess,septuaginta.tlg006 urn:cts:greekLit:tlg0527.tlg006.1st1K-grc1.17.11,κα,καὶ,"καὶ ἐν Ἀσὴρ Καιθοὰν καὶ αἱ κῶμαι αὐτῶν, κα τοὺς κατοικοῦντας Δῶρ’ καὶ τὰς κώμας αὐ"
septuaginta.josue.tess,septuaginta.tlg006 urn:cts:greekLit:tlg0527.tlg006.1st1K-grc1.18.1,κα,καὶ,"σθη πᾶσα συναγωγὴ υἱῶν Ἰσραὴλ εἰς Σηλώ, κα ἔπηξαν ἐκεῖ τὴν σκηνὴν τοῦ μαρτυρίου, κ"
septuaginta.josue.tess,septuaginta.tlg006 urn:cts:greekLit:tlg0527.tlg006.1st1K-grc1.21.43,κα,καὶ,"ράσιν αὐτῶν, καὶ κατεκληρονόμησαν αὐτὴν κα κατῴκησαν ἐν αὐτῇ."
septuaginta.josue.tess,septuaginta.tlg006 urn:cts:greekLit:tlg0527.tlg006.1st1K-grc1.22.5,κα,καὶ,ατρεύειν αὐτῷ ἐξ ὃλης τῆς διανοίας ὑμῶν κα ἐξ ὅλης τῆς ψυχῆς ὑμῶν.
septuaginta.josue.tess,septuaginta.tlg006 urn:cts:greekLit:tlg0527.tlg006.1st1K-grc1.22.19,κα,καὶ," κυρίου, καὶ κατακληρονομήσετε ἐν ἡμῖν· κα μὴ ἀποστάται ἀπὸ θεοῦ γενήθητε, καὶ μὴ "
septuaginta.josue.tess,septuaginta.tlg006 urn:cts:greekLit:tlg0527.tlg006.1st1K-grc1.22.20,κα,καὶ,ὶ πᾶσαν συναγωγὴν Ἰσραὴλ ἐγενήθη ὀργή ; κα οὗτος εἷς μόνος αὐτὸς ἀπέθανεν τῇ ἑαυτο
septuaginta.josue.tess,septuaginta.tlg006 urn:cts:greekLit:tlg0527.tlg006.1st1K-grc1.24.8,κα,καὶ,"ων τῶν κατοικούντων πέραν τοῦ Ἰορδάνου, κα παραδέδωκεν αὐτοὺς κύριος εἰς τὰς Χεῖρα"
septuaginta.josue.tess,septuaginta.tlg006 urn:cts:greekLit:tlg0527.tlg006.1st1K-grc1.24.10,κα,καὶ,"ἠθέλησεν Κύριος ὁ θεός σου ἀπολέσοι σε· κα εὐλογίαν εὐλόγησεν ἡμᾶς, καὶ ἐξείλατο ἡ"
septuaginta.josue.tess,septuaginta.tlg006 urn:cts:greekLit:tlg0527.tlg006.1st1K-grc1.24.10,κα,καὶ,"μᾶς, καὶ ἐξείλατο ἡμᾶς ἐκ χειρῶν αὐτῶν, κα αὐτούς."
septuaginta.josue.tess,septuaginta.tlg006 urn:cts:greekLit:tlg0527.tlg006.1st1K-grc1.24.11,κα,καὶ,ορραῖος καὶ ὁ Χαναναῖος καὶ ὁ Φερεζαῖος κα ὁ Εὑαῖος καὶ ὁ Ἰεβουσαῖος καὶ ὁ Χετταῖο
septuaginta.josue.tess,septuaginta.tlg006 urn:cts:greekLit:tlg0527.tlg006.1st1K-grc1.24.33b,κα,καὶ,"άβ, καὶ ἐκυρίευσεν αὐτῶν ἔτη δέκα ὀκτω. κα Ιησους ὑίος Ναυη"
septuaginta.kritai.tess,septuaginta.tlg008 urn:cts:greekLit:tlg0527.tlg008.1st1K-grc1.1.29,κα,καὶ,"σεν ὁ Χαναναῖος ἐν μέσῳ αὐτοῦ ἐν Γάζερ, κα ἐγένετο εἰς φόρον."
septuaginta.kritai.tess,septuaginta.tlg008 urn:cts:greekLit:tlg0527.tlg008.1st1K-grc1.4.7,κα,καὶ,"αὶ τὰ ἅρματα αὐτοῦ καὶ τὸ πλῆθος αὐτοῦ, κα παραδώσω αὐτὸν εἰς τὰς χεῖράς σου;"
septuaginta.kritai.tess,septuaginta.tlg008 urn:cts:greekLit:tlg0527.tlg008.1st1K-grc1.4.10,κα,καὶ,"καὶ ἐβόησεν Βαρὰκ τὸν Ζαβουλὼν κα τὸν ὶ ἐκ Κάδης, καὶ ἀνέβησαν κατὰ πόδας"
septuaginta.kritai.tess,septuaginta.tlg008 urn:cts:greekLit:tlg0527.tlg008.1st1K-grc1.4.15,κα,καὶ,καὶ ἐξέστησεν κύριος τὸν Σεισαρὰ κα πάντα τὰ ἅρματα αὐτοῦ καὶ πᾶσαν τὴν παρ
septuaginta.kritai.tess,septuaginta.tlg008 urn:cts:greekLit:tlg0527.tlg008.1st1K-grc1.7.3,κα,καὶ,"ησαν καὶ ἐπέστρεψεν ἀπὸ τοῦ λαοῦ εἴκοσι κα δύο χιλιάδες, κα χιλιάδες ὑπελείφθησαν."
septuaginta.kritai.tess,septuaginta.tlg008 urn:cts:greekLit:tlg0527.tlg008.1st1K-grc1.7.3,κα,καὶ,"εν ἀπὸ τοῦ λαοῦ εἴκοσι κα δύο χιλιάδες, κα χιλιάδες ὑπελείφθησαν."
septuaginta.kritai.tess,septuaginta.tlg008 urn:cts:greekLit:tlg0527.tlg008.1st1K-grc1.7.10,κα,καὶ,"καὶ εἰ φοβῇ σὺ καταβῆναι, κατάβηθι σὺ κα Φάρα τὸ παιδάριόν σου εἰς τὴν παρεμβολή"
septuaginta.kritai.tess,septuaginta.tlg008 urn:cts:greekLit:tlg0527.tlg008.1st1K-grc1.7.25,κα,καὶ,"καὶ συνέλαβον τοὺς ἄρχοντας Μαδιάμ, κα τὸν καὶ τὸν Ζήβ, καὶ ἀπέκτειναν τὸν Ὀρὴ"
septuaginta.kritai.tess,septuaginta.tlg008 urn:cts:greekLit:tlg0527.tlg008.1st1K-grc1.7.25,κα,καὶ,"ν Ζήβ, καὶ ἀπέκτειναν τὸν Ὀρὴβ ἐν Σούρ, κα τὸν Σὴβ καὶ Ζὴβ ἤνεγκαν πρὸς Γεδεὼν ἀπὸ"
septuaginta.kritai.tess,septuaginta.tlg008 urn:cts:greekLit:tlg0527.tlg008.1st1K-grc1.8.4,κα,καὶ,ιακόσιοι ἄνδρες οἱ μετ’ αὐτοῦ πεινῶντες κα διώκοντες.
septuaginta.kritai.tess,septuaginta.tlg008 urn:cts:greekLit:tlg0527.tlg008.1st1K-grc1.8.21,κα,καὶ,"καὶ εἶπεν Ζέβεε κα Σελμανά Ἀνάστα σὺ καὶ συνάντησον ἡμῖν, "
septuaginta.kritai.tess,septuaginta.tlg008 urn:cts:greekLit:tlg0527.tlg008.1st1K-grc1.9.4,κα,καὶ,"τῷ Ἀβειμἑλεχ ἄνδρας κενοὺς καὶ δειλούς, κα ἐπορεύθησαν ὀπίσω αὐτοῦ."
septuaginta.kritai.tess,septuaginta.tlg008 urn:cts:greekLit:tlg0527.tlg008.1st1K-grc1.9.7,κα,καὶ,"ς Γαρειζείν, καὶ ἐπῆρεν τὴν φωνὴν αὐτοῦ κα ἔκλαυσεν, καὶ εἶπεν αὐτοῖς Ἀκούσατέ μου"
septuaginta.kritai.tess,septuaginta.tlg008 urn:cts:greekLit:tlg0527.tlg008.1st1K-grc1.9.11,κα,καὶ,υκῆ Μὴ ἀπολείψασα ἐγὼ τὴν γλυκύτητά μου κα τὰ γενήματά μου τὰ ἀγαθὰ πορεύσομαι κιν
septuaginta.kritai.tess,septuaginta.tlg008 urn:cts:greekLit:tlg0527.tlg008.1st1K-grc1.9.27,κα,καὶ,καὶ ἐξῆλθον εἰς ἀγρὸν κα ἐτρύγησαν τοὺς ἀμπελῶνας αὐτῶν καὶ ἐπάτ
septuaginta.kritai.tess,septuaginta.tlg008 urn:cts:greekLit:tlg0527.tlg008.1st1K-grc1.9.27,κα,καὶ,"ν καὶ ἐπάτησαν, καὶ ἐποίησαν ἐλλουλείμ, κα εἰς οἶκον θεοῦ αὐτῶν καὶ ἔφαγον καὶ εἶπ"
septuaginta.kritai.tess,septuaginta.tlg008 urn:cts:greekLit:tlg0527.tlg008.1st1K-grc1.9.28,κα,καὶ,ῦ σὺν τοῖς ἀνδράσιν Ἑμμὼρ πατρὸς Συχέμ; κα τί ὅτι δουλεύσομεν αὐτῷ ἡμεῖς;
septuaginta.kritai.tess,septuaginta.tlg008 urn:cts:greekLit:tlg0527.tlg008.1st1K-grc1.9.51,κα,καὶ,"κα πύργος ἰσχυρὸς ἦν ἐν μέσῳ τῆς πόλεως, κ"
septuaginta.kritai.tess,septuaginta.tlg008 urn:cts:greekLit:tlg0527.tlg008.1st1K-grc1.9.56,κα,καὶ,κα ἐπέστρεψεν ὁ απεστρεψεν εὸς τὴν πονηρία
septuaginta.kritai.tess,septuaginta.tlg008 urn:cts:greekLit:tlg0527.tlg008.1st1K-grc1.13.5,κα,καὶ," ἰδοὺ σὺ ἐν γαστρὶ ἔχεις καὶ τέξῃ υἱόν, κα σίδηρος ὐκ ἀναβήσεται ἐπὶ τὴν κεφαλὴν α"
septuaginta.kritai.tess,septuaginta.tlg008 urn:cts:greekLit:tlg0527.tlg008.1st1K-grc1.13.7,κα,καὶ,"ις καὶ τέξῃ υἱόν· καὶ νῦν μὴ πίης οἶνον κα μέθυσμα, καὶ μὴ φάγῃς πᾶν ἀκάθαρτον, ὅτ"
septuaginta.kritai.tess,septuaginta.tlg008 urn:cts:greekLit:tlg0527.tlg008.1st1K-grc1.14.16,κα,καὶ,". καὶ εἶπεν αὐτῇ Σαμψών Εἰ τῷ πατρί μου κα τῇ μητρί μου οὐκ ἀπήγγελκα, σοὶ ἀπαγγεί"
septuaginta.kritai.tess,septuaginta.tlg008 urn:cts:greekLit:tlg0527.tlg008.1st1K-grc1.14.17,κα,καὶ,"ἀπήγγειλεν αὐτῇ, ὅτι παρενώχλησεν αὐτῷ· κα ἀπήγγειλεν τοῖς υἱοῖς τοῦ λαοῦ αὐτῆς."
septuaginta.levitikon.tess,septuaginta.tlg003 urn:cts:greekLit:tlg0527.tlg003.1st1K-grc1.4.16,κα,καὶ,ῦ αἵματος τοῦ μόσχου εἰς τὴν σκηνὴν τοῦ κα ἔναντι κυρίου μαρτυρίου·
septuaginta.levitikon.tess,septuaginta.tlg003 urn:cts:greekLit:tlg0527.tlg003.1st1K-grc1.4.33,κα,καὶ,"ἐπὶ τὴν κεφαλὴν αὐτοῦ τοῦ τῆς ἁμαρτίας, κα σφάξουσιν αὐτὸ ἐν τόπῳ οὗ σφάζουσιν τὰ "
septuaginta.levitikon.tess,septuaginta.tlg003 urn:cts:greekLit:tlg0527.tlg003.1st1K-grc1.11.29,κα,καὶ,"ἀπὸ τῶν ἑρπετῶν τῶν ἐπὶ τῆς γῆς· ἡ γαλῆ κα η ὁ μῦς καὶ ὁ κροκόδειλος ὁ χερσαῖος,"
septuaginta.levitikon.tess,septuaginta.tlg003 urn:cts:greekLit:tlg0527.tlg003.1st1K-grc1.11.43,κα,καὶ,"τῆς γῆς, καὶ οὐ μιανθήσεσθε ἐν τούτοις, κα οὐκ ἀκάθαρτοι ἔσεσθε ἐν αὐτοῖς."
septuaginta.levitikon.tess,septuaginta.tlg003 urn:cts:greekLit:tlg0527.tlg003.1st1K-grc1.11.46,κα,καὶ,οὗτος ὁ νόμος περὶ τῶν κτηνῶν κα τῶν πετεινῶν καὶ πάσης ψυχῆς τῆς κινουμ
septuaginta.levitikon.tess,septuaginta.tlg003 urn:cts:greekLit:tlg0527.tlg003.1st1K-grc1.11.46,κα,καὶ," πάσης ψυχῆς τῆς κινουμένης ἐν τῷ ὕδατι κα πάσης ψυχῆς ἑρπούσης ἐπὶ τῆς γῆς,"
septuaginta.levitikon.tess,septuaginta.tlg003 urn:cts:greekLit:tlg0527.tlg003.1st1K-grc1.13.20,κα,καὶ,"ς, καὶ θρὶξ αὐτῆς μετέβαλεν εἰς λευκήν, κα μιανεῖ αὐτὸν ὁ ἱερεύς· λέπρα ἐστίν, ἐν "
septuaginta.levitikon.tess,septuaginta.tlg003 urn:cts:greekLit:tlg0527.tlg003.1st1K-grc1.13.22,κα,καὶ,"ἐὰν δὲ διαχέηται ἐν τῷ δέρματι, κα μιανεῖ αὐτὸν ὁ ἱερεύς. ἁφὴ λέπρας ἐστίν"
septuaginta.levitikon.tess,septuaginta.tlg003 urn:cts:greekLit:tlg0527.tlg003.1st1K-grc1.13.26,κα,καὶ,"ἐὰν δὲ ἴδῃ ὁ ἱερεύς, κα ἰδοὺ οὐκ ἔστιν ἐν τῷ αὐγάζοντι θρὶξ λευ"
septuaginta.levitikon.tess,septuaginta.tlg003 urn:cts:greekLit:tlg0527.tlg003.1st1K-grc1.13.32,κα,καὶ,"ι ὁ ἱερεὺς τὴν ἁφὴν τῇ ἡμέρᾳ τῇ ἑβδόμῃ, κα ἰδοὺ ο τὸ θραῦσμα, καὶ θρὶξ ξανθίζουσα "
septuaginta.levitikon.tess,septuaginta.tlg003 urn:cts:greekLit:tlg0527.tlg003.1st1K-grc1.13.50,κα,καὶ,"καὶ ὄψεται ὁ ἱερεὺς τὴν ἁφήν, κα ἀφοριεῖ ὁ ἱερεὺς τὴν ἁφὴν ἑπτὰ ἡμέρας."
septuaginta.levitikon.tess,septuaginta.tlg003 urn:cts:greekLit:tlg0527.tlg003.1st1K-grc1.13.56,κα,καὶ,"κα ἐὰν ἴδη ὁ ἱερεύς, καὶ ᾖ ἀμαυρὰ ἡ ἁφὴ με"
septuaginta.levitikon.tess,septuaginta.tlg003 urn:cts:greekLit:tlg0527.tlg003.1st1K-grc1.14.9,κα,καὶ,"αὐτοῦ ξυρηθήσεται· καὶ πλυνεῖ τὰ ἱμάτια κα λούσεται τὸ σῶμα αὐτοῦ ὕδατι, καὶ καθαρ"
septuaginta.levitikon.tess,septuaginta.tlg003 urn:cts:greekLit:tlg0527.tlg003.1st1K-grc1.14.11,κα,καὶ,"αθαρίζων τὸν ἄνθρωπον τὸν καθαριζόμενον κα ταῦτα ἔναντι κυρίου, ἐπὶ τὴν θύραν τῆς "
septuaginta.levitikon.tess,septuaginta.tlg003 urn:cts:greekLit:tlg0527.tlg003.1st1K-grc1.15.10,κα,καὶ,"καὶ ὁ αἴρων αὐτὰ πλυνεῖ τὰ ἱμάτια αὐτοῦ κα λούσεται ὕδατι, καὶ ἀκάθαρτος ἔσται ἕως"
septuaginta.levitikon.tess,septuaginta.tlg003 urn:cts:greekLit:tlg0527.tlg003.1st1K-grc1.15.11,κα,καὶ,"ὰς χεῖρας οὐ νένιπται, πλυνεῖ τὰ ἱμάτια κα λούσεται τὸ σῶμα ὕδατι, καὶ ἀκάθαρτος ἔ"
septuaginta.levitikon.tess,septuaginta.tlg003 urn:cts:greekLit:tlg0527.tlg003.1st1K-grc1.15.12,κα,καὶ,"οὗ ἂν ἅψηται ὁ γονορρυὴς συντριβήσεται· κα σκεῦος ξύλινον νιφήσεται ὕδατι, καὶ καθ"
septuaginta.levitikon.tess,septuaginta.tlg003 urn:cts:greekLit:tlg0527.tlg003.1st1K-grc1.15.14,κα,καὶ,ῷ δύο τρυγόνας ἢ δύο νοσσοὺς περιστερῶν κα οἴσει αὐτὰ ἔναντι κυρίου ἐπὶ τὰς θύρας 
septuaginta.levitikon.tess,septuaginta.tlg003 urn:cts:greekLit:tlg0527.tlg003.1st1K-grc1.15.15,κα,καὶ,"οιήσει αὐτὰ ὁ ἱερεὺς μίαν περὶ ἁμαρτίας κα μίαν εἰς ὁλοκαύτωμα, καὶ ἐξιλάσεται περ"
septuaginta.levitikon.tess,septuaginta.tlg003 urn:cts:greekLit:tlg0527.tlg003.1st1K-grc1.15.17,κα,καὶ,καὶ πᾶν ἱμάτιον κα πᾶν δέρμα ἐφ’ ὅ ἐὰν ᾖ ἐπ’ αὐτὸ κοίτη σπ
septuaginta.levitikon.tess,septuaginta.tlg003 urn:cts:greekLit:tlg0527.tlg003.1st1K-grc1.15.17,κα,καὶ,"ὸ κοίτη σπέρματος, καὶ πλυθήσεται ὕδατι κα ἀκάθαρτον ἔσται ἕως ἑσπέρας."
septuaginta.levitikon.tess,septuaginta.tlg003 urn:cts:greekLit:tlg0527.tlg003.1st1K-grc1.15.21,κα,καὶ,"ν ς κοίτης αὐτῆς πλυνεῖ τὰ ἱμάτια αὐτοῦ κα λούσεται τὸ αὐτοῦ ὕδατι, καὶ ἀκάθαρτος "
septuaginta.levitikon.tess,septuaginta.tlg003 urn:cts:greekLit:tlg0527.tlg003.1st1K-grc1.18.3,κα,καὶ,"ᾗ κατοικήσατε ἐπ’ αὐτῇ, οὐ ποιηθήσεται· κα κατὰ τὰ ἐπιτηδεύματα γῆς Χανάαν, εἰς ἣν"
septuaginta.levitikon.tess,septuaginta.tlg003 urn:cts:greekLit:tlg0527.tlg003.1st1K-grc1.23.37,κα,καὶ,"νέγκαι καρπώματα τῷ κυρίῳ, ὁλοκαυτώματα κα θυσίας αὐτῶν καὶ σπονδὰς αὐτῶν τὸ καθ’ "
septuaginta.levitikon.tess,septuaginta.tlg003 urn:cts:greekLit:tlg0527.tlg003.1st1K-grc1.26.15,κα,καὶ,"ἀλλὰ ἀπειθήσητε αὐτοῖς, κα τοῖς κρίμασίν μου προσοχθίσῃ ἡ ψυχὴ ὑμῶ"
septuaginta.levitikon.tess,septuaginta.tlg003 urn:cts:greekLit:tlg0527.tlg003.1st1K-grc1.26.20,κα,καὶ,"καὶ ἔσται εἰς κενὸν ἡ ἰσχὺς ὑμῶν, κα οὐ δώσει ἡ γῆ ὑμῶν τὸν σπόρον αὐτῆς, κα"
septuaginta.ruth.tess,septuaginta.tlg010 urn:cts:greekLit:tlg0527.tlg010.1st1K-grc1.2.14,κα,καὶ,"όντων· καὶ ἐβούνισεν αὐτῇ Βόος ἄλφιτον, κα εν ἔφαγεν καὶ ἐνεπλήσθη καὶ κατέλιπεν,"
septuaginta.ruth.tess,septuaginta.tlg010 urn:cts:greekLit:tlg0527.tlg010.1st1K-grc1.4.13,κα,καὶ,"ν ῾Ρούθ, καὶ ἔδωκεν αὐτὴ Κύριος κύησιν, κα ἔτεκεν υἱόν."
