classical_poet,classical_file,classical_first_ref,classical_last_ref,classical_lines,iqbal_file,iqbal_first_ref,iqbal_last_ref,iqbal_lines,radif,rhyme_ending,status
hafez,hafez.diwan.tess,hafez.diwan.882,hafez.diwan.907,26,iqbal.zabur_e_ajam.tess,iqbal.zabur_e_ajam.118.2,iqbal.zabur_e_ajam.119.1,7,شما,ان,
hafez,hafez.diwan.tess,hafez.diwan.882,hafez.diwan.907,26,iqbal_lahori.diwan.tess,iqbal_lahori.diwan.7854,iqbal_lahori.diwan.7867,14,شما,ان,
hafez,hafez.diwan.tess,hafez.diwan.2156,hafez.diwan.2175,20,iqbal.zabur_e_ajam.tess,iqbal.zabur_e_ajam.67.2,iqbal.zabur_e_ajam.68.1,7,گفت,ان,
hafez,hafez.diwan.tess,hafez.diwan.2156,hafez.diwan.2175,20,iqbal_lahori.diwan.tess,iqbal_lahori.diwan.6996,iqbal_lahori.diwan.7003,8,گفت,ان,"questionable: Iqbal refrain is the two-word natavan goft, not goft (form channel, 2026-09-05)"
hafez,hafez.diwan.tess,hafez.diwan.2156,hafez.diwan.2175,20,iqbal_lahori.diwan.tess,iqbal_lahori.diwan.7198,iqbal_lahori.diwan.7211,14,گفت,ان,
hafez,hafez.diwan.tess,hafez.diwan.3620,hafez.diwan.3639,20,iqbal_lahori.diwan.tess,iqbal_lahori.diwan.5960,iqbal_lahori.diwan.5977,18,داند,ري,
hafez,hafez.diwan.tess,hafez.diwan.5082,hafez.diwan.5115,34,iqbal.zabur_e_ajam.tess,iqbal.zabur_e_ajam.26.1,iqbal.zabur_e_ajam.27.1,8,انداز,اك,
hafez,hafez.diwan.tess,hafez.diwan.5082,hafez.diwan.5115,34,iqbal_lahori.diwan.tess,iqbal_lahori.diwan.6790,iqbal_lahori.diwan.6803,14,انداز,اك,
rumi,rumi.diwan.tess,rumi.diwan.3768,rumi.diwan.3789,22,iqbal_lahori.diwan.tess,iqbal_lahori.diwan.6016,iqbal_lahori.diwan.6029,14,بادا,ار,
rumi,rumi.diwan.tess,rumi.diwan.7856,rumi.diwan.7883,28,iqbal.zabur_e_ajam.tess,iqbal.zabur_e_ajam.67.2,iqbal.zabur_e_ajam.68.1,7,گفت,ان,
rumi,rumi.diwan.tess,rumi.diwan.7856,rumi.diwan.7883,28,iqbal_lahori.diwan.tess,iqbal_lahori.diwan.6996,iqbal_lahori.diwan.7003,8,گفت,ان,"questionable: Iqbal refrain is the two-word natavan goft, not goft (form channel, 2026-09-05)"
rumi,rumi.diwan.tess,rumi.diwan.7856,rumi.diwan.7883,28,iqbal_lahori.diwan.tess,iqbal_lahori.diwan.7198,iqbal_lahori.diwan.7211,14,گفت,ان,
rumi,rumi.diwan.tess,rumi.diwan.9250,rumi.diwan.9297,48,iqbal_lahori.diwan.tess,iqbal_lahori.diwan.9250,iqbal_lahori.diwan.9268,19,ارزوست,نم,
rumi,rumi.diwan.tess,rumi.diwan.9548,rumi.diwan.9587,40,iqbal_lahori.diwan.tess,iqbal_lahori.diwan.5704,iqbal_lahori.diwan.5715,12,ارزوست,رم,
rumi,rumi.diwan.tess,rumi.diwan.9672,rumi.diwan.9689,18,iqbal_lahori.diwan.tess,iqbal_lahori.diwan.9250,iqbal_lahori.diwan.9268,19,ارزوست,نم,
rumi,rumi.diwan.tess,rumi.diwan.14500,rumi.diwan.14556,57,iqbal_lahori.diwan.tess,iqbal_lahori.diwan.5371,iqbal_lahori.diwan.5384,14,ندارد,ان,
rumi,rumi.diwan.tess,rumi.diwan.15143,rumi.diwan.15153,11,iqbal.zabur_e_ajam.tess,iqbal.zabur_e_ajam.57.2,iqbal.zabur_e_ajam.58.1,6,ندارد,بر,
rumi,rumi.diwan.tess,rumi.diwan.37615,rumi.diwan.37644,30,iqbal_lahori.diwan.tess,iqbal_lahori.diwan.7920,iqbal_lahori.diwan.7929,10,اين,ست,
rumi,rumi.diwan.tess,rumi.diwan.39601,rumi.diwan.39610,10,iqbal_lahori.diwan.tess,iqbal_lahori.diwan.7920,iqbal_lahori.diwan.7929,10,اين,ست,
rumi,rumi.diwan.tess,rumi.diwan.41189,rumi.diwan.41210,22,iqbal_lahori.diwan.tess,iqbal_lahori.diwan.7920,iqbal_lahori.diwan.7929,10,اين,ست,
rumi,rumi.diwan.tess,rumi.diwan.41233,rumi.diwan.41240,8,iqbal_lahori.diwan.tess,iqbal_lahori.diwan.7920,iqbal_lahori.diwan.7929,10,اين,ست,
rumi,rumi.diwan.tess,rumi.diwan.44345,rumi.diwan.44366,22,iqbal_lahori.diwan.tess,iqbal_lahori.diwan.7656,iqbal_lahori.diwan.7665,10,كردن,ان,
saadi,saadi.diwan.tess,saadi.diwan.9402,saadi.diwan.9421,20,iqbal_lahori.diwan.tess,iqbal_lahori.diwan.7920,iqbal_lahori.diwan.7929,10,اين,ست,
saadi,saadi.diwan.tess,saadi.diwan.27728,saadi.diwan.27741,14,iqbal_lahori.diwan.tess,iqbal_lahori.diwan.6882,iqbal_lahori.diwan.6895,14,هنوز,ست,
saadi,saadi.diwan.tess,saadi.diwan.27728,saadi.diwan.27741,14,iqbal_lahori.diwan.tess,iqbal_lahori.diwan.7230,iqbal_lahori.diwan.7241,12,هنوز,ست,
