ghazal_num,n_couplets,radif
1,12,بہت ہے یاں
2,9,میں
3,13,ہے یاں
4,4,ہے
5,6,کرتا ہوں
6,9,سے
7,7,رکھتے ہیں
8,8,ہے
9,5,داغ
10,7,
11,10,ہو چکی بس
12,7,تمام شب
13,7,نہیں آتا
14,7,ہوتے
15,7,لایا
16,5,رہو
17,4,گا
18,7,کی
19,10,کریں گے
20,7,کے بعد
21,7,یاں
22,8,ہو رہا ہے
23,9,کا
24,7,نکلے ہے
25,5,ہے
26,7,کیا
27,13,ہے
28,9,محبت
29,11,
30,9,سے اٹھتا ہے
31,5,میں گل کے
32,9,جلا
33,16,ہے
34,9,ہے شیشہ
35,13,پر
36,9,ہے
37,9,
38,5,نہ گیا
39,5,بگڑ گئی
40,9,ہے
41,14,کر چلے
42,9,گل
43,10,
44,7,ہو کر
45,9,رہا
46,9,تو کیا ہوا
47,9,نہیں
48,8,کیا
49,8,کچھ نہیں
50,7,کی
51,9,جانتے ہیں
52,14,کیا کیا کچھ
53,7,لیا
54,9,گئی
55,12,
56,11,کا
57,9,کی سی ہے
58,5,
59,11,بات
60,7,کو کیا ہوا
61,8,گیا
62,7,رہا
63,5,سے نفع
64,16,ہوئی
65,7,کر
66,11,آوے
67,9,رہے ہے
68,7,دیکھیں
69,5,ہو گئی ہیں
70,10,نہ گیا
71,9,مر گئے
72,9,نکلتے ہیں
73,9,ہوتا ہے
74,11,کا
75,7,رہے گا
76,10,صاحب
77,7,ہوگا
78,6,ہوگا
79,9,پانی میں
80,9,سے
81,10,کے بیچ
82,9,ہیں
83,9,ہے ہم کو
84,10,ہو گئی
85,7,دیکھا
86,14,تھا
87,10,
88,11,ایک طرح
89,7,گریباں
90,11,ہے
91,10,
92,9,کی
93,5,نظر آئی
94,10,چلی جاتی ہے
95,9,ہے عشق
96,9,جاتے ہیں
97,10,خواہش
98,9,ہے عشق
99,6,کی
100,9,
101,11,کے ساتھ
102,13,آشنا
103,9,گئے شاید
104,14,تھا
105,16,جانا
106,7,پایا
107,8,گیا
108,7,میں
109,9,جاتا
110,10,ہے
111,11,
112,6,کرو
113,16,
114,13,اس کی
115,9,کا
116,8,کہ ہم
117,9,سے تم
118,8,جاتے ہیں
119,12,ہوں
120,5,ہیں
121,5,گیا
122,9,کریں
123,8,میں
124,13,میں ہی ہوں
125,10,میں
126,9,میں
127,8,کر چکے ہیں
128,9,ہوتے ہیں
129,9,ہو گیا
130,10,ہوں
131,7,دیکھتے ہیں
132,7,اپنا ہوں
133,9,
134,3,میں
135,5,چلے ہیں
136,8,ہوتے ہیں
137,7,نہیں
138,6,نہیں
139,11,
140,9,ہوں
141,9,میں
142,11,ہمیں
143,5,نہیں
144,7,گیا
145,10,ہیں دونوں
146,24,کو
147,7,ہو
148,9,دیکھو
149,12,کرو
150,9,کیوں نہ ہو
151,11,کرنے کو
152,12,ہے یہ
153,13,کا
154,14,
155,7,تھی کسو کی
156,9,
157,9,کی
158,10,کا
159,8,کرنے کی
160,7,کی
161,7,
162,7,کی
163,9,نہ تھی
164,7,کئی
165,11,میری
166,7,میں دیکھا
167,7,رہی
168,9,ہیں ہم بھی
169,9,کی
170,7,ہے
171,11,سے
172,9,چاہیے
173,8,تھا
174,9,
175,7,چاہیے
176,7,سے
177,7,ہے
178,5,ہوئے
179,12,نہ ہووے
180,5,بھی
181,7,ہے
182,7,نکلا
183,9,ہوئے
184,5,ہے
185,5,کے
186,5,رہا ہے
187,5,تھا آگے
188,9,بیٹھیں گے
189,11,ہے
190,9,ہے
191,7,کو عشق ہے
192,7,رکھے
193,7,رہے گا
194,7,
195,10,ہے
196,7,بیٹھے
197,9,جائے
198,8,کتنے
199,11,رہا ہے
200,8,کا اپنے
201,5,
202,9,آوے
203,12,بھی ہے
204,10,نہ جائے گا
205,5,ہے
206,5,کون ہے
207,11,سے
208,11,ہے
209,10,نہ ہوگا
210,10,ہے
211,10,ہووے
212,10,ہے
213,12,ہے
214,8,ہو گیا ہے
215,7,میں تھے
216,9,سے
217,10,ہم نے
218,9,گئے
219,5,گیا ہے
220,9,ہوا
221,10,ہے کیا
222,12,دیا
223,9,لگا
224,5,گیا
225,10,ہو گیا
226,4,تماشا
227,9,لگا
228,4,تھا
229,9,نہ ہوا ہوگا
230,10,نہ پایا
231,7,گیا
232,5,عزیز کوئی تھا
233,4,سنا
234,11,ہوا
235,6,کا
236,12,رہا
237,8,نہ گیا
238,9,ہمارا
239,5,ہے کیا
240,7,میں رہا
241,13,کیا
242,9,تھا
243,9,رہے گا
244,7,کھینچا
245,5,کا
246,12,ہوگا
247,10,
248,7,یک جا
249,9,تک نہ پہنچا
250,9,ہو گیا
251,9,گا
252,7,چکا
253,12,ہمارا
254,7,کر گیا
255,5,رویا
256,16,تھا
257,8,نہ تھا
258,5,ہوا
259,9,سا
260,9,تھا
261,8,نہ ہوا
262,7,گیا
263,9,کا
264,3,تھا
265,7,تھا
266,10,
267,5,سا
268,3,کو سونپا
269,9,کا
270,10,رکھا
271,4,کر گیا
272,15,دیا
273,16,رات
274,6,بہت
275,7,کی بات
276,6,تھا
277,5,سے آج
278,7,میرے بعد
279,9,کے مانند
280,7,کر
281,10,لے کر
282,8,پر
283,7,
284,5,تھا
285,11,کی طرف
286,12,سے اب تک
287,11,تک
288,5,تک
289,10,
290,5,خیال
291,8,
292,7,تھا
293,12,ہوگا
294,9,
295,9,کوئی
296,7,
297,10,
298,10,
299,4,لیا
300,5,گیا
301,20,ہے
302,12,کے
303,6,کا
304,9,کیا کیا
305,10,جانے ہے
306,11,ہم بھی ہیں
307,9,کا
308,3,ہے
309,12,ہے
310,7,تھے
311,9,تھا
312,12,کا
313,5,ہے خط
314,9,ہے آج
315,10,نزدیک
316,5,ہے بہت
317,19,
318,9,ہے
319,9,نہ رہا
320,11,ہیں
321,5,ہمارا
322,7,کیا
323,7,ہو چکی
324,5,ہیں
325,15,ہے ہمارا
326,11,تھا
327,9,سے نکلا
328,6,ہوا تھا
329,9,ہیں یہ دونوں
330,15,کیا
331,5,سے
332,7,لے گیا
333,10,نکلا
334,7,سے اب تک
335,14,تو
336,8,
337,4,فریب
338,14,کی
339,7,میں نشے میں ہوں
340,11,بھی
341,9,تھا
342,7,بہت
