radif,n_mir_ghazals,mir_ghazal_nums,n_ghalib_ghazals,ghalib_ghazal_nums
ہے,25,4 8 25 27 33 36 40 90 110 170 177 181 184 189 190 195 205 208 210 212 213 301 308 309 318,20,138 140 141 142 143 147 152 155 156 164 169 182 185 197 199 200 206 221 222 226
کا,13,23 56 74 115 153 158 235 245 263 269 303 307 312,8,1 10 13 27 33 37 45 47
تھا,15,86 104 173 228 242 256 260 264 265 276 284 292 311 326 341,4,15 18 39 40
کی,9,18 50 92 99 157 160 162 169 338,6,165 166 186 218 225 231
نہیں,4,47 137 138 143,7,91 92 95 100 101 103 107
سے,7,6 80 171 176 207 216 331,2,133 223
کیا,5,26 48 241 322 330,1,46
کے,2,185 302,2,180 187
پر,2,35 282,2,61 64
چاہیے,2,172 175,2,131 189
ہوا,3,220 234 258,1,28
ہو,1,147,2,117 124
آوے,2,66 202,1,224
ہوئے,2,178 183,1,167
نکلا,2,182 333,1,6
کو,1,146,1,118
گئی,1,54,1,158
رکھتے ہیں,1,7,1,109
گل,1,42,1,80
ہوتے,1,14,1,179
ہوتا ہے,1,73,1,177
یاں,1,21,1,105
ہے آج,1,314,1,54
